Removed Pin From Net: NetName=NetC12_2 Pin=P4-1
Removed Pin From Net: NetName=PC13 Pin=P4-2
Removed Member From Class: ClassName=LOGICA Member=P4
Change component parameters: Designator = "B1" ("B1"); Footprint = "bot2"; UniqueID = "\RRIQXMKF" ("\RRIQXMKF")
Change component parameters (AddParameter): Name = "Actuator Length"; Value = "300µm"; VariantName = "[No Variations]"
Change component parameters (AddParameter): Name = "Case/Package"; Value = "SMD/SMT"; VariantName = "[No Variations]"
Change component parameters (AddParameter): Name = "Category"; Value = "Tactile Switches"; VariantName = "[No Variations]"
Change component parameters (AddParameter): Name = "Color"; Value = "Black"; VariantName = "[No Variations]"
Change component parameters (AddParameter): Name = "ComponentLink1Description"; Value = "https://datasheet.octopart.com:443/EVP-AA202K-Panasonic-datasheet-156880147.pdf?src-supplier=Newark"; VariantName = "[No Variations]"
Change component parameters (AddParameter): Name = "ComponentLink1URL"; Value = "https://datasheet.octopart.com:443/EVP-AA202K-Panasonic-datasheet-156880147.pdf?src-supplier=Newark"; VariantName = "[No Variations]"
Change component parameters (AddParameter): Name = "ComponentLink2Description"; Value = "https://datasheet.octopart.com:443/EVP-AA202K-Panasonic-datasheet-78834739.pdf?src-supplier=Newark"; VariantName = "[No Variations]"
Change component parameters (AddParameter): Name = "ComponentLink2URL"; Value = "https://datasheet.octopart.com:443/EVP-AA202K-Panasonic-datasheet-78834739.pdf?src-supplier=Newark"; VariantName = "[No Variations]"
Change component parameters (AddParameter): Name = "ComponentLink3Description"; Value = "https://datasheet.octopart.com:443/EVP-AA202K-Panasonic-datasheet-13050113.pdf?src-supplier=Upverter"; VariantName = "[No Variations]"
Change component parameters (AddParameter): Name = "ComponentLink3URL"; Value = "https://datasheet.octopart.com:443/EVP-AA202K-Panasonic-datasheet-13050113.pdf?src-supplier=Upverter"; VariantName = "[No Variations]"
Change component parameters (AddParameter): Name = "ComponentLink4Description"; Value = "https://datasheet.octopart.com:443/EVP-AA202K-Panasonic-datasheet-138897654.pdf?src-supplier=Master+Electronics"; VariantName = "[No Variations]"
Change component parameters (AddParameter): Name = "ComponentLink4URL"; Value = "https://datasheet.octopart.com:443/EVP-AA202K-Panasonic-datasheet-138897654.pdf?src-supplier=Master+Electronics"; VariantName = "[No Variations]"
Change component parameters (AddParameter): Name = "ComponentLink5Description"; Value = "https://datasheet.octopart.com:443/EVPAA202K-Panasonic-datasheet-130260647.pdf?src-supplier=TME"; VariantName = "[No Variations]"
Change component parameters (AddParameter): Name = "ComponentLink5URL"; Value = "https://datasheet.octopart.com:443/EVPAA202K-Panasonic-datasheet-130260647.pdf?src-supplier=TME"; VariantName = "[No Variations]"
Change component parameters (AddParameter): Name = "ComponentLink6Description"; Value = "https://datasheet.octopart.com:443/EVP-AA202K-Panasonic-datasheet-94103455.pdf?src-supplier=Future+Electronics"; VariantName = "[No Variations]"
Change component parameters (AddParameter): Name = "ComponentLink6URL"; Value = "https://datasheet.octopart.com:443/EVP-AA202K-Panasonic-datasheet-94103455.pdf?src-supplier=Future+Electronics"; VariantName = "[No Variations]"
Change component parameters (AddParameter): Name = "ComponentLink7Description"; Value = "https://datasheet.octopart.com:443/EVP-AA202K-Panasonic-datasheet-84052654.pdf?src-supplier=Future+Electronics"; VariantName = "[No Variations]"
Change component parameters (AddParameter): Name = "ComponentLink7URL"; Value = "https://datasheet.octopart.com:443/EVP-AA202K-Panasonic-datasheet-84052654.pdf?src-supplier=Future+Electronics"; VariantName = "[No Variations]"
Change component parameters (AddParameter): Name = "ComponentLink8Description"; Value = "https://datasheet.octopart.com:443/EVP-AA202K-Panasonic-datasheet-62282203.pdf?src-supplier=Electro+Sonic"; VariantName = "[No Variations]"
Change component parameters (AddParameter): Name = "ComponentLink8URL"; Value = "https://datasheet.octopart.com:443/EVP-AA202K-Panasonic-datasheet-62282203.pdf?src-supplier=Electro+Sonic"; VariantName = "[No Variations]"
Change component parameters (AddParameter): Name = "ComponentLink9Description"; Value = "https://datasheet.octopart.com:443/EVPAA202K-Panasonic-datasheet-10854221.pdf?src-supplier=Farnell"; VariantName = "[No Variations]"
Change component parameters (AddParameter): Name = "ComponentLink9URL"; Value = "https://datasheet.octopart.com:443/EVPAA202K-Panasonic-datasheet-10854221.pdf?src-supplier=Farnell"; VariantName = "[No Variations]"
Change component parameters (AddParameter): Name = "ComponentLink10Description"; Value = "https://datasheet.octopart.com:443/EVP-AA202K-Panasonic-datasheet-124616.pdf?src-supplier=DigiKey"; VariantName = "[No Variations]"
Change component parameters (AddParameter): Name = "ComponentLink10URL"; Value = "https://datasheet.octopart.com:443/EVP-AA202K-Panasonic-datasheet-124616.pdf?src-supplier=DigiKey"; VariantName = "[No Variations]"
Change component parameters (AddParameter): Name = "Contact Current Rating"; Value = "20mA"; VariantName = "[No Variations]"
Change component parameters (AddParameter): Name = "Contact Plating"; Value = "Gold, Silver"; VariantName = "[No Variations]"
Change component parameters (AddParameter): Name = "Contact Resistance"; Value = "100mO"; VariantName = "[No Variations]"
Change component parameters (AddParameter): Name = "Current Rating"; Value = "50mA"; VariantName = "[No Variations]"
Change component parameters (AddParameter): Name = "Depth"; Value = "2.9mm"; VariantName = "[No Variations]"
Change component parameters (AddParameter): Name = "Electrical Life"; Value = "200kcycles"; VariantName = "[No Variations]"
Change component parameters (AddParameter): Name = "Height"; Value = "1.4mm"; VariantName = "[No Variations]"
Change component parameters (AddParameter): Name = "Illumination Type"; Value = "Illuminated, Non-Illuminated"; VariantName = "[No Variations]"
Change component parameters (AddParameter): Name = "Insulation Resistance"; Value = "100MO"; VariantName = "[No Variations]"
Change component parameters (AddParameter): Name = "LCSC"; Value = "C79147"; VariantName = "[No Variations]"
Change component parameters (AddParameter): Name = "Lead Free"; Value = "Lead Free"; VariantName = "[No Variations]"
Change component parameters (AddParameter): Name = "Length"; Value = "4.3mm"; VariantName = "[No Variations]"
Change component parameters (AddParameter): Name = "Lifecycle Status"; Value = "Production"; VariantName = "[No Variations]"
Change component parameters (AddParameter): Name = "Manufacturer"; Value = "Panasonic"; VariantName = "[No Variations]"
Change component parameters (AddParameter): Name = "Manufacturer Part Number"; Value = "EVP-AA202K"; VariantName = "[No Variations]"
Change component parameters (AddParameter): Name = "Max Current Rating"; Value = "20mA"; VariantName = "[No Variations]"
Change component parameters (AddParameter): Name = "Max Operating Temperature"; Value = "85°C"; VariantName = "[No Variations]"
Change component parameters (AddParameter): Name = "Max Voltage Rating (DC)"; Value = "15V"; VariantName = "[No Variations]"
Change component parameters (AddParameter): Name = "Mechanical Life"; Value = "200kcycles"; VariantName = "[No Variations]"
Change component parameters (AddParameter): Name = "Min Operating Temperature"; Value = "-40°C"; VariantName = "[No Variations]"
Change component parameters (AddParameter): Name = "Mounting Technology"; Value = "Surface Mount"; VariantName = "[No Variations]"
Change component parameters (AddParameter): Name = "Number of Positions"; Value = "1"; VariantName = "[No Variations]"
Change component parameters (AddParameter): Name = "Operating Force"; Value = "1.6N"; VariantName = "[No Variations]"
Change component parameters (AddParameter): Name = "Pricing"; Value = "1=0,83, 10=0,709, 25=0,6596, 100=0,5885, 250=0,54516, 500=0,51492, 1000=0,48712, 2500=0,45429 (USD)"; VariantName = "[No Variations]"
Change component parameters (AddParameter): Name = "Radiation Hardening"; Value = "No"; VariantName = "[No Variations]"
Change component parameters (AddParameter): Name = "REACH SVHC"; Value = "Yes"; VariantName = "[No Variations]"
Change component parameters (AddParameter): Name = "RoHS"; Value = "Compliant"; VariantName = "[No Variations]"
Change component parameters (AddParameter): Name = "Stock"; Value = "45"; VariantName = "[No Variations]"
Change component parameters (AddParameter): Name = "Supplier"; Value = "DigiKey"; VariantName = "[No Variations]"
Change component parameters (AddParameter): Name = "Supplier Part Number"; Value = "P13348SCT-ND"; VariantName = "[No Variations]"
Change component parameters (AddParameter): Name = "Switch Function"; Value = "Off-Mom"; VariantName = "[No Variations]"
Change component parameters (AddParameter): Name = "Switch Travel"; Value = "150µm"; VariantName = "[No Variations]"
Change component parameters (AddParameter): Name = "Termination"; Value = "J-Bend"; VariantName = "[No Variations]"
Change component parameters (AddParameter): Name = "Throw Configuration"; Value = "SPST"; VariantName = "[No Variations]"
Change component parameters (AddParameter): Name = "Voltage Rating (DC)"; Value = "15V"; VariantName = "[No Variations]"
Change component parameters: Designator = "C1" ("C1"); Footprint = "20pFCapacitor"; UniqueID = "\AHYDLRUW" ("\AHYDLRUW")
Change component parameters (AddParameter): Name = "Case Code (Imperial)"; Value = "0805"; VariantName = "[No Variations]"
Change component parameters (AddParameter): Name = "Case Code (Metric)"; Value = "2012"; VariantName = "[No Variations]"
Change component parameters (AddParameter): Name = "Case/Package"; Value = "0805"; VariantName = "[No Variations]"
Change component parameters (AddParameter): Name = "Category"; Value = "Ceramic Capacitors"; VariantName = "[No Variations]"
Change component parameters (AddParameter): Name = "China RoHS"; Value = "Compliant"; VariantName = "[No Variations]"
Change component parameters (AddParameter): Name = "ComponentLink1Description"; Value = "https://datasheet.octopart.com:443/CL21C200JBANNNC-Samsung-Electro-Mechanics-datasheet-136482562.pdf?src-supplier=IHS"; VariantName = "[No Variations]"
Change component parameters (AddParameter): Name = "ComponentLink1URL"; Value = "https://datasheet.octopart.com:443/CL21C200JBANNNC-Samsung-Electro-Mechanics-datasheet-136482562.pdf?src-supplier=IHS"; VariantName = "[No Variations]"
Change component parameters (AddParameter): Name = "ComponentLink2Description"; Value = "https://datasheet.octopart.com:443/CL21C200JBANNNC-Samsung-Electro-Mechanics-datasheet-149046055.pdf?src-supplier=Future+Electronics"; VariantName = "[No Variations]"
Change component parameters (AddParameter): Name = "ComponentLink2URL"; Value = "https://datasheet.octopart.com:443/CL21C200JBANNNC-Samsung-Electro-Mechanics-datasheet-149046055.pdf?src-supplier=Future+Electronics"; VariantName = "[No Variations]"
Change component parameters (AddParameter): Name = "ComponentLink3Description"; Value = "https://datasheet.octopart.com:443/CL21C200JBANNNC-Samsung-Electro-Mechanics-datasheet-110365180.pdf?src-supplier=Future+Electronics"; VariantName = "[No Variations]"
Change component parameters (AddParameter): Name = "ComponentLink3URL"; Value = "https://datasheet.octopart.com:443/CL21C200JBANNNC-Samsung-Electro-Mechanics-datasheet-110365180.pdf?src-supplier=Future+Electronics"; VariantName = "[No Variations]"
Change component parameters (AddParameter): Name = "ComponentLink4Description"; Value = "https://datasheet.octopart.com:443/CL21C200JBANNNC-Samsung-Electro-Mechanics-datasheet-81462325.pdf?src-supplier=Future+Electronics"; VariantName = "[No Variations]"
Change component parameters (AddParameter): Name = "ComponentLink4URL"; Value = "https://datasheet.octopart.com:443/CL21C200JBANNNC-Samsung-Electro-Mechanics-datasheet-81462325.pdf?src-supplier=Future+Electronics"; VariantName = "[No Variations]"
Change component parameters (AddParameter): Name = "ComponentLink5Description"; Value = "https://datasheet.octopart.com:443/CL21C200JBANNNC-Samsung-datasheet-48647755.pdf?src-supplier=Future+Electronics"; VariantName = "[No Variations]"
Change component parameters (AddParameter): Name = "ComponentLink5URL"; Value = "https://datasheet.octopart.com:443/CL21C200JBANNNC-Samsung-datasheet-48647755.pdf?src-supplier=Future+Electronics"; VariantName = "[No Variations]"
Change component parameters (AddParameter): Name = "ComponentLink6Description"; Value = "https://datasheet.octopart.com:443/CL21C200JBANNNC-Samsung-datasheet-26669396.pdf?src-supplier=Future+Electronics"; VariantName = "[No Variations]"
Change component parameters (AddParameter): Name = "ComponentLink6URL"; Value = "https://datasheet.octopart.com:443/CL21C200JBANNNC-Samsung-datasheet-26669396.pdf?src-supplier=Future+Electronics"; VariantName = "[No Variations]"
Change component parameters (AddParameter): Name = "ComponentLink7Description"; Value = "https://datasheet.octopart.com:443/CL21C200JBANNNC-Samsung-datasheet-12515071.pdf?src-supplier=Future+Electronics"; VariantName = "[No Variations]"
Change component parameters (AddParameter): Name = "ComponentLink7URL"; Value = "https://datasheet.octopart.com:443/CL21C200JBANNNC-Samsung-datasheet-12515071.pdf?src-supplier=Future+Electronics"; VariantName = "[No Variations]"
Change component parameters (AddParameter): Name = "ComponentLink8Description"; Value = "https://datasheet.octopart.com/CL21C200JBANNNC-Samsung-datasheet-97040617.pdf"; VariantName = "[No Variations]"
Change component parameters (AddParameter): Name = "ComponentLink8URL"; Value = "https://datasheet.octopart.com/CL21C200JBANNNC-Samsung-datasheet-97040617.pdf"; VariantName = "[No Variations]"
Change component parameters (AddParameter): Name = "ComponentLink9Description"; Value = "https://datasheet.octopart.com/CL21C200JBANNNC-Samsung-datasheet-8324245.pdf"; VariantName = "[No Variations]"
Change component parameters (AddParameter): Name = "ComponentLink9URL"; Value = "https://datasheet.octopart.com/CL21C200JBANNNC-Samsung-datasheet-8324245.pdf"; VariantName = "[No Variations]"
Change component parameters (AddParameter): Name = "ComponentLink10Description"; Value = "https://datasheet.octopart.com/General-Multilayer-Ceramic-Capacitors-Samsung-datasheet-family-111.pdf"; VariantName = "[No Variations]"
Change component parameters (AddParameter): Name = "ComponentLink10URL"; Value = "https://datasheet.octopart.com/General-Multilayer-Ceramic-Capacitors-Samsung-datasheet-family-111.pdf"; VariantName = "[No Variations]"
Change component parameters (AddParameter): Name = "ComponentLink11Description"; Value = "https://datasheet.octopart.com:443/CL21C200JBANNNC-Samsung-datasheet-59220082.pdf?src-supplier=TME"; VariantName = "[No Variations]"
Change component parameters (AddParameter): Name = "ComponentLink11URL"; Value = "https://datasheet.octopart.com:443/CL21C200JBANNNC-Samsung-datasheet-59220082.pdf?src-supplier=TME"; VariantName = "[No Variations]"
Change component parameters (AddParameter): Name = "ComponentLink12Description"; Value = "http://sigma.octopart.com:80/rohs_certificate/General-Multilayer-Ceramic-Capacitors-Samsung-family-110.pdf?src-supplier=Compliance+Statements"; VariantName = "[No Variations]"
Change component parameters (AddParameter): Name = "ComponentLink12URL"; Value = "http://sigma.octopart.com:80/rohs_certificate/General-Multilayer-Ceramic-Capacitors-Samsung-family-110.pdf?src-supplier=Compliance+Statements"; VariantName = "[No Variations]"
Change component parameters (AddParameter): Name = "ComponentLink13Description"; Value = "http://sigma.octopart.com:80/rohs_statement/General-Multilayer-Ceramic-Capacitors-Samsung-family-132.pdf?src-supplier=Compliance+Statements"; VariantName = "[No Variations]"
Change component parameters (AddParameter): Name = "ComponentLink13URL"; Value = "http://sigma.octopart.com:80/rohs_statement/General-Multilayer-Ceramic-Capacitors-Samsung-family-132.pdf?src-supplier=Compliance+Statements"; VariantName = "[No Variations]"
Change component parameters (AddParameter): Name = "ComponentLink14Description"; Value = "http://sigma.octopart.com:80/reach_statement/General-Multilayer-Ceramic-Capacitors-Samsung-family-133.pdf?src-supplier=Compliance+Statements"; VariantName = "[No Variations]"
Change component parameters (AddParameter): Name = "ComponentLink14URL"; Value = "http://sigma.octopart.com:80/reach_statement/General-Multilayer-Ceramic-Capacitors-Samsung-family-133.pdf?src-supplier=Compliance+Statements"; VariantName = "[No Variations]"
Change component parameters (AddParameter): Name = "Depth"; Value = "1.25mm"; VariantName = "[No Variations]"
Change component parameters (AddParameter): Name = "Dielectric"; Value = "C0G"; VariantName = "[No Variations]"
Change component parameters (AddParameter): Name = "Dielectric Material"; Value = "Ceramic"; VariantName = "[No Variations]"
Change component parameters (AddParameter): Name = "Height"; Value = "750µm"; VariantName = "[No Variations]"
Change component parameters (AddParameter): Name = "LCSC"; Value = "C1798"; VariantName = "[No Variations]"
Change component parameters (AddParameter): Name = "Length"; Value = "2mm"; VariantName = "[No Variations]"
Change component parameters (AddParameter): Name = "Lifecycle Status"; Value = "Production"; VariantName = "[No Variations]"
Change component parameters (AddParameter): Name = "Manufacturer"; Value = "Samsung Electro-Mechanics"; VariantName = "[No Variations]"
Change component parameters (AddParameter): Name = "Manufacturer Part Number"; Value = "CL21C200JBANNNC"; VariantName = "[No Variations]"
Change component parameters (AddParameter): Name = "Material"; Value = "Ceramic"; VariantName = "[No Variations]"
Change component parameters (AddParameter): Name = "Max Operating Temperature"; Value = "125°C"; VariantName = "[No Variations]"
Change component parameters (AddParameter): Name = "Min Operating Temperature"; Value = "-55°C"; VariantName = "[No Variations]"
Change component parameters (AddParameter): Name = "Mounting Technology"; Value = "Surface Mount"; VariantName = "[No Variations]"
Change component parameters (AddParameter): Name = "Number of Terminals"; Value = "2"; VariantName = "[No Variations]"
Change component parameters (AddParameter): Name = "Pricing"; Value = "4000=0,0069, 20000=0,007, 100000=0,007 (USD)"; VariantName = "[No Variations]"
Change component parameters (AddParameter): Name = "Radiation Hardening"; Value = "No"; VariantName = "[No Variations]"
Change component parameters (AddParameter): Name = "REACH SVHC"; Value = "Yes"; VariantName = "[No Variations]"
Change component parameters (AddParameter): Name = "RoHS"; Value = "Compliant"; VariantName = "[No Variations]"
Change component parameters (AddParameter): Name = "Schedule B"; Value = "8532240020"; VariantName = "[No Variations]"
Change component parameters (AddParameter): Name = "Stock"; Value = "1128000"; VariantName = "[No Variations]"
Change component parameters (AddParameter): Name = "Supplier"; Value = "Arrow Electronics"; VariantName = "[No Variations]"
Change component parameters (AddParameter): Name = "Supplier Part Number"; Value = "CL21C200JBANNNC"; VariantName = "[No Variations]"
Change component parameters (AddParameter): Name = "Temperature Coefficient"; Value = "30ppm/°C"; VariantName = "[No Variations]"
Change component parameters (AddParameter): Name = "Thickness"; Value = "762µm"; VariantName = "[No Variations]"
Change component parameters (AddParameter): Name = "Tolerance"; Value = "5%"; VariantName = "[No Variations]"
Change component parameters (AddParameter): Name = "Value"; Value = "20pF"; VariantName = "[No Variations]"
Change component parameters (AddParameter): Name = "Voltage"; Value = "50V"; VariantName = "[No Variations]"
Change component parameters (AddParameter): Name = "Voltage Rating"; Value = "50V"; VariantName = "[No Variations]"
Change component parameters (AddParameter): Name = "Voltage Rating (DC)"; Value = "50V"; VariantName = "[No Variations]"
Change component parameters (AddParameter): Name = "Width"; Value = "1.25mm"; VariantName = "[No Variations]"
Change component parameters: Designator = "C2" ("C2"); Footprint = "100nFCapacitor"; UniqueID = "\IRUDLEZS" ("\IRUDLEZS")
Change component parameters (AddParameter): Name = "Capacitance"; Value = "100nF"; VariantName = "[No Variations]"
Change component parameters (AddParameter): Name = "Case Code (Imperial)"; Value = "0805"; VariantName = "[No Variations]"
Change component parameters (AddParameter): Name = "Case Code (Metric)"; Value = "2012"; VariantName = "[No Variations]"
Change component parameters (AddParameter): Name = "Case/Package"; Value = "0805"; VariantName = "[No Variations]"
Change component parameters (AddParameter): Name = "Category"; Value = "Ceramic Capacitors"; VariantName = "[No Variations]"
Change component parameters (AddParameter): Name = "China RoHS"; Value = "Compliant"; VariantName = "[No Variations]"
Change component parameters (AddParameter): Name = "ComponentLink1Description"; Value = "https://datasheet.octopart.com:443/CL21B104KBCNNNC-Samsung-Electro-Mechanics-datasheet-137745078.pdf?src-supplier=IHS"; VariantName = "[No Variations]"
Change component parameters (AddParameter): Name = "ComponentLink1URL"; Value = "https://datasheet.octopart.com:443/CL21B104KBCNNNC-Samsung-Electro-Mechanics-datasheet-137745078.pdf?src-supplier=IHS"; VariantName = "[No Variations]"
Change component parameters (AddParameter): Name = "ComponentLink2Description"; Value = "https://datasheet.octopart.com/CL21B104KBCNNNC-Samsung-Electro-Mechanics-datasheet-8324245.pdf"; VariantName = "[No Variations]"
Change component parameters (AddParameter): Name = "ComponentLink2URL"; Value = "https://datasheet.octopart.com/CL21B104KBCNNNC-Samsung-Electro-Mechanics-datasheet-8324245.pdf"; VariantName = "[No Variations]"
Change component parameters (AddParameter): Name = "ComponentLink3Description"; Value = "https://datasheet.octopart.com/CL21B104KBCNNNC-Samsung-Electro-Mechanics-datasheet-97040617.pdf"; VariantName = "[No Variations]"
Change component parameters (AddParameter): Name = "ComponentLink3URL"; Value = "https://datasheet.octopart.com/CL21B104KBCNNNC-Samsung-Electro-Mechanics-datasheet-97040617.pdf"; VariantName = "[No Variations]"
Change component parameters (AddParameter): Name = "ComponentLink4Description"; Value = "https://datasheet.octopart.com:443/CL21B104KBCNNNC-Samsung-Electro-Mechanics-datasheet-11548950.pdf?src-supplier=Future+Electronics"; VariantName = "[No Variations]"
Change component parameters (AddParameter): Name = "ComponentLink4URL"; Value = "https://datasheet.octopart.com:443/CL21B104KBCNNNC-Samsung-Electro-Mechanics-datasheet-11548950.pdf?src-supplier=Future+Electronics"; VariantName = "[No Variations]"
Change component parameters (AddParameter): Name = "ComponentLink5Description"; Value = "https://datasheet.octopart.com:443/CL21B104KBCNNNC-Samsung-Electro-Mechanics-datasheet-116891032.pdf?src-supplier=Future+Electronics"; VariantName = "[No Variations]"
Change component parameters (AddParameter): Name = "ComponentLink5URL"; Value = "https://datasheet.octopart.com:443/CL21B104KBCNNNC-Samsung-Electro-Mechanics-datasheet-116891032.pdf?src-supplier=Future+Electronics"; VariantName = "[No Variations]"
Change component parameters (AddParameter): Name = "ComponentLink6Description"; Value = "https://datasheet.octopart.com:443/CL21B104KBCNNNC-Samsung-Electro-Mechanics-datasheet-81462175.pdf?src-supplier=Future+Electronics"; VariantName = "[No Variations]"
Change component parameters (AddParameter): Name = "ComponentLink6URL"; Value = "https://datasheet.octopart.com:443/CL21B104KBCNNNC-Samsung-Electro-Mechanics-datasheet-81462175.pdf?src-supplier=Future+Electronics"; VariantName = "[No Variations]"
Change component parameters (AddParameter): Name = "ComponentLink7Description"; Value = "https://datasheet.octopart.com:443/CL21B104KBCNNNC-Samsung-datasheet-42485244.pdf?src-supplier=Future+Electronics"; VariantName = "[No Variations]"
Change component parameters (AddParameter): Name = "ComponentLink7URL"; Value = "https://datasheet.octopart.com:443/CL21B104KBCNNNC-Samsung-datasheet-42485244.pdf?src-supplier=Future+Electronics"; VariantName = "[No Variations]"
Change component parameters (AddParameter): Name = "ComponentLink8Description"; Value = "https://datasheet.octopart.com:443/CL21B104KBCNNNC-Samsung-Electro-Mechanics-datasheet-149045937.pdf?src-supplier=Future+Electronics"; VariantName = "[No Variations]"
Change component parameters (AddParameter): Name = "ComponentLink8URL"; Value = "https://datasheet.octopart.com:443/CL21B104KBCNNNC-Samsung-Electro-Mechanics-datasheet-149045937.pdf?src-supplier=Future+Electronics"; VariantName = "[No Variations]"
Change component parameters (AddParameter): Name = "ComponentLink9Description"; Value = "https://datasheet.octopart.com:443/CL21B104KBCNNNC-Samsung-datasheet-8326407.pdf?src-supplier=TME"; VariantName = "[No Variations]"
Change component parameters (AddParameter): Name = "ComponentLink9URL"; Value = "https://datasheet.octopart.com:443/CL21B104KBCNNNC-Samsung-datasheet-8326407.pdf?src-supplier=TME"; VariantName = "[No Variations]"
Change component parameters (AddParameter): Name = "Contact Plating"; Value = "Tin"; VariantName = "[No Variations]"
Change component parameters (AddParameter): Name = "Depth"; Value = "1.25mm"; VariantName = "[No Variations]"
Change component parameters (AddParameter): Name = "Dielectric"; Value = "X7R"; VariantName = "[No Variations]"
Change component parameters (AddParameter): Name = "Dielectric Material"; Value = "Ceramic"; VariantName = "[No Variations]"
Change component parameters (AddParameter): Name = "Height"; Value = "950µm"; VariantName = "[No Variations]"
Change component parameters (AddParameter): Name = "LCSC"; Value = "C1711"; VariantName = "[No Variations]"
Change component parameters (AddParameter): Name = "Lead Free"; Value = "Lead Free"; VariantName = "[No Variations]"
Change component parameters (AddParameter): Name = "Length"; Value = "2mm"; VariantName = "[No Variations]"
Change component parameters (AddParameter): Name = "Lifecycle Status"; Value = "Production"; VariantName = "[No Variations]"
Change component parameters (AddParameter): Name = "Manufacturer"; Value = "Samsung Electro-Mechanics"; VariantName = "[No Variations]"
Change component parameters (AddParameter): Name = "Manufacturer Part Number"; Value = "CL21B104KBCNNNC"; VariantName = "[No Variations]"
Change component parameters (AddParameter): Name = "Material"; Value = "Ceramic"; VariantName = "[No Variations]"
Change component parameters (AddParameter): Name = "Max Operating Temperature"; Value = "125°C"; VariantName = "[No Variations]"
Change component parameters (AddParameter): Name = "Min Operating Temperature"; Value = "-55°C"; VariantName = "[No Variations]"
Change component parameters (AddParameter): Name = "Mount"; Value = "Surface Mount"; VariantName = "[No Variations]"
Change component parameters (AddParameter): Name = "Number of Terminals"; Value = "2"; VariantName = "[No Variations]"
Change component parameters (AddParameter): Name = "Pricing 1"; Value = "4000=0,0047, 8000=0,00468, 16000=0,00466, 32000=0,00463, 64000=0,00461 (USD)"; VariantName = "[No Variations]"
Change component parameters (AddParameter): Name = "Radiation Hardening"; Value = "No"; VariantName = "[No Variations]"
Change component parameters (AddParameter): Name = "REACH SVHC"; Value = "Yes"; VariantName = "[No Variations]"
Change component parameters (AddParameter): Name = "RoHS"; Value = "Compliant"; VariantName = "[No Variations]"
Change component parameters (AddParameter): Name = "Schedule B"; Value = "8532240020, 8532240020|8532240020, 8532240020|8532240020|8532240020, 8532240020|8532240020|8532240020|8532240020"; VariantName = "[No Variations]"
Change component parameters (AddParameter): Name = "Stock 1"; Value = "2653700"; VariantName = "[No Variations]"
Change component parameters (AddParameter): Name = "Supplier 1"; Value = "Avnet"; VariantName = "[No Variations]"
Change component parameters (AddParameter): Name = "Supplier Part Number 1"; Value = "CL21B104KBCNNNC"; VariantName = "[No Variations]"
Change component parameters (AddParameter): Name = "Thickness"; Value = "939.8µm"; VariantName = "[No Variations]"
Change component parameters (AddParameter): Name = "Tolerance"; Value = "10%"; VariantName = "[No Variations]"
Change component parameters (AddParameter): Name = "Voltage"; Value = "50V"; VariantName = "[No Variations]"
Change component parameters (AddParameter): Name = "Voltage Rating"; Value = "50V"; VariantName = "[No Variations]"
Change component parameters (AddParameter): Name = "Voltage Rating (DC)"; Value = "50V"; VariantName = "[No Variations]"
Change component parameters (AddParameter): Name = "Width"; Value = "1.25mm"; VariantName = "[No Variations]"
Change component parameters: Designator = "C3" ("C3"); Footprint = "100nFCapacitor"; UniqueID = "\PCEQIPAI" ("\PCEQIPAI")
Change component parameters (AddParameter): Name = "Capacitance"; Value = "100nF"; VariantName = "[No Variations]"
Change component parameters (AddParameter): Name = "Case Code (Imperial)"; Value = "0805"; VariantName = "[No Variations]"
Change component parameters (AddParameter): Name = "Case Code (Metric)"; Value = "2012"; VariantName = "[No Variations]"
Change component parameters (AddParameter): Name = "Case/Package"; Value = "0805"; VariantName = "[No Variations]"
Change component parameters (AddParameter): Name = "Category"; Value = "Ceramic Capacitors"; VariantName = "[No Variations]"
Change component parameters (AddParameter): Name = "China RoHS"; Value = "Compliant"; VariantName = "[No Variations]"
Change component parameters (AddParameter): Name = "ComponentLink1Description"; Value = "https://datasheet.octopart.com:443/CL21B104KBCNNNC-Samsung-Electro-Mechanics-datasheet-137745078.pdf?src-supplier=IHS"; VariantName = "[No Variations]"
Change component parameters (AddParameter): Name = "ComponentLink1URL"; Value = "https://datasheet.octopart.com:443/CL21B104KBCNNNC-Samsung-Electro-Mechanics-datasheet-137745078.pdf?src-supplier=IHS"; VariantName = "[No Variations]"
Change component parameters (AddParameter): Name = "ComponentLink2Description"; Value = "https://datasheet.octopart.com/CL21B104KBCNNNC-Samsung-Electro-Mechanics-datasheet-8324245.pdf"; VariantName = "[No Variations]"
Change component parameters (AddParameter): Name = "ComponentLink2URL"; Value = "https://datasheet.octopart.com/CL21B104KBCNNNC-Samsung-Electro-Mechanics-datasheet-8324245.pdf"; VariantName = "[No Variations]"
Change component parameters (AddParameter): Name = "ComponentLink3Description"; Value = "https://datasheet.octopart.com/CL21B104KBCNNNC-Samsung-Electro-Mechanics-datasheet-97040617.pdf"; VariantName = "[No Variations]"
Change component parameters (AddParameter): Name = "ComponentLink3URL"; Value = "https://datasheet.octopart.com/CL21B104KBCNNNC-Samsung-Electro-Mechanics-datasheet-97040617.pdf"; VariantName = "[No Variations]"
Change component parameters (AddParameter): Name = "ComponentLink4Description"; Value = "https://datasheet.octopart.com:443/CL21B104KBCNNNC-Samsung-Electro-Mechanics-datasheet-11548950.pdf?src-supplier=Future+Electronics"; VariantName = "[No Variations]"
Change component parameters (AddParameter): Name = "ComponentLink4URL"; Value = "https://datasheet.octopart.com:443/CL21B104KBCNNNC-Samsung-Electro-Mechanics-datasheet-11548950.pdf?src-supplier=Future+Electronics"; VariantName = "[No Variations]"
Change component parameters (AddParameter): Name = "ComponentLink5Description"; Value = "https://datasheet.octopart.com:443/CL21B104KBCNNNC-Samsung-Electro-Mechanics-datasheet-116891032.pdf?src-supplier=Future+Electronics"; VariantName = "[No Variations]"
Change component parameters (AddParameter): Name = "ComponentLink5URL"; Value = "https://datasheet.octopart.com:443/CL21B104KBCNNNC-Samsung-Electro-Mechanics-datasheet-116891032.pdf?src-supplier=Future+Electronics"; VariantName = "[No Variations]"
Change component parameters (AddParameter): Name = "ComponentLink6Description"; Value = "https://datasheet.octopart.com:443/CL21B104KBCNNNC-Samsung-Electro-Mechanics-datasheet-81462175.pdf?src-supplier=Future+Electronics"; VariantName = "[No Variations]"
Change component parameters (AddParameter): Name = "ComponentLink6URL"; Value = "https://datasheet.octopart.com:443/CL21B104KBCNNNC-Samsung-Electro-Mechanics-datasheet-81462175.pdf?src-supplier=Future+Electronics"; VariantName = "[No Variations]"
Change component parameters (AddParameter): Name = "ComponentLink7Description"; Value = "https://datasheet.octopart.com:443/CL21B104KBCNNNC-Samsung-datasheet-42485244.pdf?src-supplier=Future+Electronics"; VariantName = "[No Variations]"
Change component parameters (AddParameter): Name = "ComponentLink7URL"; Value = "https://datasheet.octopart.com:443/CL21B104KBCNNNC-Samsung-datasheet-42485244.pdf?src-supplier=Future+Electronics"; VariantName = "[No Variations]"
Change component parameters (AddParameter): Name = "ComponentLink8Description"; Value = "https://datasheet.octopart.com:443/CL21B104KBCNNNC-Samsung-Electro-Mechanics-datasheet-149045937.pdf?src-supplier=Future+Electronics"; VariantName = "[No Variations]"
Change component parameters (AddParameter): Name = "ComponentLink8URL"; Value = "https://datasheet.octopart.com:443/CL21B104KBCNNNC-Samsung-Electro-Mechanics-datasheet-149045937.pdf?src-supplier=Future+Electronics"; VariantName = "[No Variations]"
Change component parameters (AddParameter): Name = "ComponentLink9Description"; Value = "https://datasheet.octopart.com:443/CL21B104KBCNNNC-Samsung-datasheet-8326407.pdf?src-supplier=TME"; VariantName = "[No Variations]"
Change component parameters (AddParameter): Name = "ComponentLink9URL"; Value = "https://datasheet.octopart.com:443/CL21B104KBCNNNC-Samsung-datasheet-8326407.pdf?src-supplier=TME"; VariantName = "[No Variations]"
Change component parameters (AddParameter): Name = "Contact Plating"; Value = "Tin"; VariantName = "[No Variations]"
Change component parameters (AddParameter): Name = "Depth"; Value = "1.25mm"; VariantName = "[No Variations]"
Change component parameters (AddParameter): Name = "Dielectric"; Value = "X7R"; VariantName = "[No Variations]"
Change component parameters (AddParameter): Name = "Dielectric Material"; Value = "Ceramic"; VariantName = "[No Variations]"
Change component parameters (AddParameter): Name = "Height"; Value = "950µm"; VariantName = "[No Variations]"
Change component parameters (AddParameter): Name = "LCSC"; Value = "C1711"; VariantName = "[No Variations]"
Change component parameters (AddParameter): Name = "Lead Free"; Value = "Lead Free"; VariantName = "[No Variations]"
Change component parameters (AddParameter): Name = "Length"; Value = "2mm"; VariantName = "[No Variations]"
Change component parameters (AddParameter): Name = "Lifecycle Status"; Value = "Production"; VariantName = "[No Variations]"
Change component parameters (AddParameter): Name = "Manufacturer"; Value = "Samsung Electro-Mechanics"; VariantName = "[No Variations]"
Change component parameters (AddParameter): Name = "Manufacturer Part Number"; Value = "CL21B104KBCNNNC"; VariantName = "[No Variations]"
Change component parameters (AddParameter): Name = "Material"; Value = "Ceramic"; VariantName = "[No Variations]"
Change component parameters (AddParameter): Name = "Max Operating Temperature"; Value = "125°C"; VariantName = "[No Variations]"
Change component parameters (AddParameter): Name = "Min Operating Temperature"; Value = "-55°C"; VariantName = "[No Variations]"
Change component parameters (AddParameter): Name = "Mount"; Value = "Surface Mount"; VariantName = "[No Variations]"
Change component parameters (AddParameter): Name = "Number of Terminals"; Value = "2"; VariantName = "[No Variations]"
Change component parameters (AddParameter): Name = "Pricing 1"; Value = "4000=0,0047, 8000=0,00468, 16000=0,00466, 32000=0,00463, 64000=0,00461 (USD)"; VariantName = "[No Variations]"
Change component parameters (AddParameter): Name = "Radiation Hardening"; Value = "No"; VariantName = "[No Variations]"
Change component parameters (AddParameter): Name = "REACH SVHC"; Value = "Yes"; VariantName = "[No Variations]"
Change component parameters (AddParameter): Name = "RoHS"; Value = "Compliant"; VariantName = "[No Variations]"
Change component parameters (AddParameter): Name = "Schedule B"; Value = "8532240020, 8532240020|8532240020, 8532240020|8532240020|8532240020, 8532240020|8532240020|8532240020|8532240020"; VariantName = "[No Variations]"
Change component parameters (AddParameter): Name = "Stock 1"; Value = "2653700"; VariantName = "[No Variations]"
Change component parameters (AddParameter): Name = "Supplier 1"; Value = "Avnet"; VariantName = "[No Variations]"
Change component parameters (AddParameter): Name = "Supplier Part Number 1"; Value = "CL21B104KBCNNNC"; VariantName = "[No Variations]"
Change component parameters (AddParameter): Name = "Thickness"; Value = "939.8µm"; VariantName = "[No Variations]"
Change component parameters (AddParameter): Name = "Tolerance"; Value = "10%"; VariantName = "[No Variations]"
Change component parameters (AddParameter): Name = "Voltage"; Value = "50V"; VariantName = "[No Variations]"
Change component parameters (AddParameter): Name = "Voltage Rating"; Value = "50V"; VariantName = "[No Variations]"
Change component parameters (AddParameter): Name = "Voltage Rating (DC)"; Value = "50V"; VariantName = "[No Variations]"
Change component parameters (AddParameter): Name = "Width"; Value = "1.25mm"; VariantName = "[No Variations]"
Change component parameters: Designator = "C4" ("C4"); Footprint = "20pFCapacitor"; UniqueID = "\YCBOMTFC" ("\YCBOMTFC")
Change component parameters (AddParameter): Name = "Case Code (Imperial)"; Value = "0805"; VariantName = "[No Variations]"
Change component parameters (AddParameter): Name = "Case Code (Metric)"; Value = "2012"; VariantName = "[No Variations]"
Change component parameters (AddParameter): Name = "Case/Package"; Value = "0805"; VariantName = "[No Variations]"
Change component parameters (AddParameter): Name = "Category"; Value = "Ceramic Capacitors"; VariantName = "[No Variations]"
Change component parameters (AddParameter): Name = "China RoHS"; Value = "Compliant"; VariantName = "[No Variations]"
Change component parameters (AddParameter): Name = "ComponentLink1Description"; Value = "https://datasheet.octopart.com:443/CL21C200JBANNNC-Samsung-Electro-Mechanics-datasheet-136482562.pdf?src-supplier=IHS"; VariantName = "[No Variations]"
Change component parameters (AddParameter): Name = "ComponentLink1URL"; Value = "https://datasheet.octopart.com:443/CL21C200JBANNNC-Samsung-Electro-Mechanics-datasheet-136482562.pdf?src-supplier=IHS"; VariantName = "[No Variations]"
Change component parameters (AddParameter): Name = "ComponentLink2Description"; Value = "https://datasheet.octopart.com:443/CL21C200JBANNNC-Samsung-Electro-Mechanics-datasheet-149046055.pdf?src-supplier=Future+Electronics"; VariantName = "[No Variations]"
Change component parameters (AddParameter): Name = "ComponentLink2URL"; Value = "https://datasheet.octopart.com:443/CL21C200JBANNNC-Samsung-Electro-Mechanics-datasheet-149046055.pdf?src-supplier=Future+Electronics"; VariantName = "[No Variations]"
Change component parameters (AddParameter): Name = "ComponentLink3Description"; Value = "https://datasheet.octopart.com:443/CL21C200JBANNNC-Samsung-Electro-Mechanics-datasheet-110365180.pdf?src-supplier=Future+Electronics"; VariantName = "[No Variations]"
Change component parameters (AddParameter): Name = "ComponentLink3URL"; Value = "https://datasheet.octopart.com:443/CL21C200JBANNNC-Samsung-Electro-Mechanics-datasheet-110365180.pdf?src-supplier=Future+Electronics"; VariantName = "[No Variations]"
Change component parameters (AddParameter): Name = "ComponentLink4Description"; Value = "https://datasheet.octopart.com:443/CL21C200JBANNNC-Samsung-Electro-Mechanics-datasheet-81462325.pdf?src-supplier=Future+Electronics"; VariantName = "[No Variations]"
Change component parameters (AddParameter): Name = "ComponentLink4URL"; Value = "https://datasheet.octopart.com:443/CL21C200JBANNNC-Samsung-Electro-Mechanics-datasheet-81462325.pdf?src-supplier=Future+Electronics"; VariantName = "[No Variations]"
Change component parameters (AddParameter): Name = "ComponentLink5Description"; Value = "https://datasheet.octopart.com:443/CL21C200JBANNNC-Samsung-datasheet-48647755.pdf?src-supplier=Future+Electronics"; VariantName = "[No Variations]"
Change component parameters (AddParameter): Name = "ComponentLink5URL"; Value = "https://datasheet.octopart.com:443/CL21C200JBANNNC-Samsung-datasheet-48647755.pdf?src-supplier=Future+Electronics"; VariantName = "[No Variations]"
Change component parameters (AddParameter): Name = "ComponentLink6Description"; Value = "https://datasheet.octopart.com:443/CL21C200JBANNNC-Samsung-datasheet-26669396.pdf?src-supplier=Future+Electronics"; VariantName = "[No Variations]"
Change component parameters (AddParameter): Name = "ComponentLink6URL"; Value = "https://datasheet.octopart.com:443/CL21C200JBANNNC-Samsung-datasheet-26669396.pdf?src-supplier=Future+Electronics"; VariantName = "[No Variations]"
Change component parameters (AddParameter): Name = "ComponentLink7Description"; Value = "https://datasheet.octopart.com:443/CL21C200JBANNNC-Samsung-datasheet-12515071.pdf?src-supplier=Future+Electronics"; VariantName = "[No Variations]"
Change component parameters (AddParameter): Name = "ComponentLink7URL"; Value = "https://datasheet.octopart.com:443/CL21C200JBANNNC-Samsung-datasheet-12515071.pdf?src-supplier=Future+Electronics"; VariantName = "[No Variations]"
Change component parameters (AddParameter): Name = "ComponentLink8Description"; Value = "https://datasheet.octopart.com/CL21C200JBANNNC-Samsung-datasheet-97040617.pdf"; VariantName = "[No Variations]"
Change component parameters (AddParameter): Name = "ComponentLink8URL"; Value = "https://datasheet.octopart.com/CL21C200JBANNNC-Samsung-datasheet-97040617.pdf"; VariantName = "[No Variations]"
Change component parameters (AddParameter): Name = "ComponentLink9Description"; Value = "https://datasheet.octopart.com/CL21C200JBANNNC-Samsung-datasheet-8324245.pdf"; VariantName = "[No Variations]"
Change component parameters (AddParameter): Name = "ComponentLink9URL"; Value = "https://datasheet.octopart.com/CL21C200JBANNNC-Samsung-datasheet-8324245.pdf"; VariantName = "[No Variations]"
Change component parameters (AddParameter): Name = "ComponentLink10Description"; Value = "https://datasheet.octopart.com/General-Multilayer-Ceramic-Capacitors-Samsung-datasheet-family-111.pdf"; VariantName = "[No Variations]"
Change component parameters (AddParameter): Name = "ComponentLink10URL"; Value = "https://datasheet.octopart.com/General-Multilayer-Ceramic-Capacitors-Samsung-datasheet-family-111.pdf"; VariantName = "[No Variations]"
Change component parameters (AddParameter): Name = "ComponentLink11Description"; Value = "https://datasheet.octopart.com:443/CL21C200JBANNNC-Samsung-datasheet-59220082.pdf?src-supplier=TME"; VariantName = "[No Variations]"
Change component parameters (AddParameter): Name = "ComponentLink11URL"; Value = "https://datasheet.octopart.com:443/CL21C200JBANNNC-Samsung-datasheet-59220082.pdf?src-supplier=TME"; VariantName = "[No Variations]"
Change component parameters (AddParameter): Name = "ComponentLink12Description"; Value = "http://sigma.octopart.com:80/rohs_certificate/General-Multilayer-Ceramic-Capacitors-Samsung-family-110.pdf?src-supplier=Compliance+Statements"; VariantName = "[No Variations]"
Change component parameters (AddParameter): Name = "ComponentLink12URL"; Value = "http://sigma.octopart.com:80/rohs_certificate/General-Multilayer-Ceramic-Capacitors-Samsung-family-110.pdf?src-supplier=Compliance+Statements"; VariantName = "[No Variations]"
Change component parameters (AddParameter): Name = "ComponentLink13Description"; Value = "http://sigma.octopart.com:80/rohs_statement/General-Multilayer-Ceramic-Capacitors-Samsung-family-132.pdf?src-supplier=Compliance+Statements"; VariantName = "[No Variations]"
Change component parameters (AddParameter): Name = "ComponentLink13URL"; Value = "http://sigma.octopart.com:80/rohs_statement/General-Multilayer-Ceramic-Capacitors-Samsung-family-132.pdf?src-supplier=Compliance+Statements"; VariantName = "[No Variations]"
Change component parameters (AddParameter): Name = "ComponentLink14Description"; Value = "http://sigma.octopart.com:80/reach_statement/General-Multilayer-Ceramic-Capacitors-Samsung-family-133.pdf?src-supplier=Compliance+Statements"; VariantName = "[No Variations]"
Change component parameters (AddParameter): Name = "ComponentLink14URL"; Value = "http://sigma.octopart.com:80/reach_statement/General-Multilayer-Ceramic-Capacitors-Samsung-family-133.pdf?src-supplier=Compliance+Statements"; VariantName = "[No Variations]"
Change component parameters (AddParameter): Name = "Depth"; Value = "1.25mm"; VariantName = "[No Variations]"
Change component parameters (AddParameter): Name = "Dielectric"; Value = "C0G"; VariantName = "[No Variations]"
Change component parameters (AddParameter): Name = "Dielectric Material"; Value = "Ceramic"; VariantName = "[No Variations]"
Change component parameters (AddParameter): Name = "Height"; Value = "750µm"; VariantName = "[No Variations]"
Change component parameters (AddParameter): Name = "LCSC"; Value = "C1798"; VariantName = "[No Variations]"
Change component parameters (AddParameter): Name = "Length"; Value = "2mm"; VariantName = "[No Variations]"
Change component parameters (AddParameter): Name = "Lifecycle Status"; Value = "Production"; VariantName = "[No Variations]"
Change component parameters (AddParameter): Name = "Manufacturer"; Value = "Samsung Electro-Mechanics"; VariantName = "[No Variations]"
Change component parameters (AddParameter): Name = "Manufacturer Part Number"; Value = "CL21C200JBANNNC"; VariantName = "[No Variations]"
Change component parameters (AddParameter): Name = "Material"; Value = "Ceramic"; VariantName = "[No Variations]"
Change component parameters (AddParameter): Name = "Max Operating Temperature"; Value = "125°C"; VariantName = "[No Variations]"
Change component parameters (AddParameter): Name = "Min Operating Temperature"; Value = "-55°C"; VariantName = "[No Variations]"
Change component parameters (AddParameter): Name = "Mounting Technology"; Value = "Surface Mount"; VariantName = "[No Variations]"
Change component parameters (AddParameter): Name = "Number of Terminals"; Value = "2"; VariantName = "[No Variations]"
Change component parameters (AddParameter): Name = "Pricing"; Value = "4000=0,0069, 20000=0,007, 100000=0,007 (USD)"; VariantName = "[No Variations]"
Change component parameters (AddParameter): Name = "Radiation Hardening"; Value = "No"; VariantName = "[No Variations]"
Change component parameters (AddParameter): Name = "REACH SVHC"; Value = "Yes"; VariantName = "[No Variations]"
Change component parameters (AddParameter): Name = "RoHS"; Value = "Compliant"; VariantName = "[No Variations]"
Change component parameters (AddParameter): Name = "Schedule B"; Value = "8532240020"; VariantName = "[No Variations]"
Change component parameters (AddParameter): Name = "Stock"; Value = "1128000"; VariantName = "[No Variations]"
Change component parameters (AddParameter): Name = "Supplier"; Value = "Arrow Electronics"; VariantName = "[No Variations]"
Change component parameters (AddParameter): Name = "Supplier Part Number"; Value = "CL21C200JBANNNC"; VariantName = "[No Variations]"
Change component parameters (AddParameter): Name = "Temperature Coefficient"; Value = "30ppm/°C"; VariantName = "[No Variations]"
Change component parameters (AddParameter): Name = "Thickness"; Value = "762µm"; VariantName = "[No Variations]"
Change component parameters (AddParameter): Name = "Tolerance"; Value = "5%"; VariantName = "[No Variations]"
Change component parameters (AddParameter): Name = "Value"; Value = "20pF"; VariantName = "[No Variations]"
Change component parameters (AddParameter): Name = "Voltage"; Value = "50V"; VariantName = "[No Variations]"
Change component parameters (AddParameter): Name = "Voltage Rating"; Value = "50V"; VariantName = "[No Variations]"
Change component parameters (AddParameter): Name = "Voltage Rating (DC)"; Value = "50V"; VariantName = "[No Variations]"
Change component parameters (AddParameter): Name = "Width"; Value = "1.25mm"; VariantName = "[No Variations]"
Change component parameters: Designator = "C5" ("C5"); Footprint = "100nFCapacitor"; UniqueID = "\NWQOMOTU" ("\NWQOMOTU")
Change component parameters (AddParameter): Name = "Capacitance"; Value = "100nF"; VariantName = "[No Variations]"
Change component parameters (AddParameter): Name = "Case Code (Imperial)"; Value = "0805"; VariantName = "[No Variations]"
Change component parameters (AddParameter): Name = "Case Code (Metric)"; Value = "2012"; VariantName = "[No Variations]"
Change component parameters (AddParameter): Name = "Case/Package"; Value = "0805"; VariantName = "[No Variations]"
Change component parameters (AddParameter): Name = "Category"; Value = "Ceramic Capacitors"; VariantName = "[No Variations]"
Change component parameters (AddParameter): Name = "China RoHS"; Value = "Compliant"; VariantName = "[No Variations]"
Change component parameters (AddParameter): Name = "ComponentLink1Description"; Value = "https://datasheet.octopart.com:443/CL21B104KBCNNNC-Samsung-Electro-Mechanics-datasheet-137745078.pdf?src-supplier=IHS"; VariantName = "[No Variations]"
Change component parameters (AddParameter): Name = "ComponentLink1URL"; Value = "https://datasheet.octopart.com:443/CL21B104KBCNNNC-Samsung-Electro-Mechanics-datasheet-137745078.pdf?src-supplier=IHS"; VariantName = "[No Variations]"
Change component parameters (AddParameter): Name = "ComponentLink2Description"; Value = "https://datasheet.octopart.com/CL21B104KBCNNNC-Samsung-Electro-Mechanics-datasheet-8324245.pdf"; VariantName = "[No Variations]"
Change component parameters (AddParameter): Name = "ComponentLink2URL"; Value = "https://datasheet.octopart.com/CL21B104KBCNNNC-Samsung-Electro-Mechanics-datasheet-8324245.pdf"; VariantName = "[No Variations]"
Change component parameters (AddParameter): Name = "ComponentLink3Description"; Value = "https://datasheet.octopart.com/CL21B104KBCNNNC-Samsung-Electro-Mechanics-datasheet-97040617.pdf"; VariantName = "[No Variations]"
Change component parameters (AddParameter): Name = "ComponentLink3URL"; Value = "https://datasheet.octopart.com/CL21B104KBCNNNC-Samsung-Electro-Mechanics-datasheet-97040617.pdf"; VariantName = "[No Variations]"
Change component parameters (AddParameter): Name = "ComponentLink4Description"; Value = "https://datasheet.octopart.com:443/CL21B104KBCNNNC-Samsung-Electro-Mechanics-datasheet-11548950.pdf?src-supplier=Future+Electronics"; VariantName = "[No Variations]"
Change component parameters (AddParameter): Name = "ComponentLink4URL"; Value = "https://datasheet.octopart.com:443/CL21B104KBCNNNC-Samsung-Electro-Mechanics-datasheet-11548950.pdf?src-supplier=Future+Electronics"; VariantName = "[No Variations]"
Change component parameters (AddParameter): Name = "ComponentLink5Description"; Value = "https://datasheet.octopart.com:443/CL21B104KBCNNNC-Samsung-Electro-Mechanics-datasheet-116891032.pdf?src-supplier=Future+Electronics"; VariantName = "[No Variations]"
Change component parameters (AddParameter): Name = "ComponentLink5URL"; Value = "https://datasheet.octopart.com:443/CL21B104KBCNNNC-Samsung-Electro-Mechanics-datasheet-116891032.pdf?src-supplier=Future+Electronics"; VariantName = "[No Variations]"
Change component parameters (AddParameter): Name = "ComponentLink6Description"; Value = "https://datasheet.octopart.com:443/CL21B104KBCNNNC-Samsung-Electro-Mechanics-datasheet-81462175.pdf?src-supplier=Future+Electronics"; VariantName = "[No Variations]"
Change component parameters (AddParameter): Name = "ComponentLink6URL"; Value = "https://datasheet.octopart.com:443/CL21B104KBCNNNC-Samsung-Electro-Mechanics-datasheet-81462175.pdf?src-supplier=Future+Electronics"; VariantName = "[No Variations]"
Change component parameters (AddParameter): Name = "ComponentLink7Description"; Value = "https://datasheet.octopart.com:443/CL21B104KBCNNNC-Samsung-datasheet-42485244.pdf?src-supplier=Future+Electronics"; VariantName = "[No Variations]"
Change component parameters (AddParameter): Name = "ComponentLink7URL"; Value = "https://datasheet.octopart.com:443/CL21B104KBCNNNC-Samsung-datasheet-42485244.pdf?src-supplier=Future+Electronics"; VariantName = "[No Variations]"
Change component parameters (AddParameter): Name = "ComponentLink8Description"; Value = "https://datasheet.octopart.com:443/CL21B104KBCNNNC-Samsung-Electro-Mechanics-datasheet-149045937.pdf?src-supplier=Future+Electronics"; VariantName = "[No Variations]"
Change component parameters (AddParameter): Name = "ComponentLink8URL"; Value = "https://datasheet.octopart.com:443/CL21B104KBCNNNC-Samsung-Electro-Mechanics-datasheet-149045937.pdf?src-supplier=Future+Electronics"; VariantName = "[No Variations]"
Change component parameters (AddParameter): Name = "ComponentLink9Description"; Value = "https://datasheet.octopart.com:443/CL21B104KBCNNNC-Samsung-datasheet-8326407.pdf?src-supplier=TME"; VariantName = "[No Variations]"
Change component parameters (AddParameter): Name = "ComponentLink9URL"; Value = "https://datasheet.octopart.com:443/CL21B104KBCNNNC-Samsung-datasheet-8326407.pdf?src-supplier=TME"; VariantName = "[No Variations]"
Change component parameters (AddParameter): Name = "Contact Plating"; Value = "Tin"; VariantName = "[No Variations]"
Change component parameters (AddParameter): Name = "Depth"; Value = "1.25mm"; VariantName = "[No Variations]"
Change component parameters (AddParameter): Name = "Dielectric"; Value = "X7R"; VariantName = "[No Variations]"
Change component parameters (AddParameter): Name = "Dielectric Material"; Value = "Ceramic"; VariantName = "[No Variations]"
Change component parameters (AddParameter): Name = "Height"; Value = "950µm"; VariantName = "[No Variations]"
Change component parameters (AddParameter): Name = "LCSC"; Value = "C1711"; VariantName = "[No Variations]"
Change component parameters (AddParameter): Name = "Lead Free"; Value = "Lead Free"; VariantName = "[No Variations]"
Change component parameters (AddParameter): Name = "Length"; Value = "2mm"; VariantName = "[No Variations]"
Change component parameters (AddParameter): Name = "Lifecycle Status"; Value = "Production"; VariantName = "[No Variations]"
Change component parameters (AddParameter): Name = "Manufacturer"; Value = "Samsung Electro-Mechanics"; VariantName = "[No Variations]"
Change component parameters (AddParameter): Name = "Manufacturer Part Number"; Value = "CL21B104KBCNNNC"; VariantName = "[No Variations]"
Change component parameters (AddParameter): Name = "Material"; Value = "Ceramic"; VariantName = "[No Variations]"
Change component parameters (AddParameter): Name = "Max Operating Temperature"; Value = "125°C"; VariantName = "[No Variations]"
Change component parameters (AddParameter): Name = "Min Operating Temperature"; Value = "-55°C"; VariantName = "[No Variations]"
Change component parameters (AddParameter): Name = "Mount"; Value = "Surface Mount"; VariantName = "[No Variations]"
Change component parameters (AddParameter): Name = "Number of Terminals"; Value = "2"; VariantName = "[No Variations]"
Change component parameters (AddParameter): Name = "Pricing 1"; Value = "4000=0,0047, 8000=0,00468, 16000=0,00466, 32000=0,00463, 64000=0,00461 (USD)"; VariantName = "[No Variations]"
Change component parameters (AddParameter): Name = "Radiation Hardening"; Value = "No"; VariantName = "[No Variations]"
Change component parameters (AddParameter): Name = "REACH SVHC"; Value = "Yes"; VariantName = "[No Variations]"
Change component parameters (AddParameter): Name = "RoHS"; Value = "Compliant"; VariantName = "[No Variations]"
Change component parameters (AddParameter): Name = "Schedule B"; Value = "8532240020, 8532240020|8532240020, 8532240020|8532240020|8532240020, 8532240020|8532240020|8532240020|8532240020"; VariantName = "[No Variations]"
Change component parameters (AddParameter): Name = "Stock 1"; Value = "2653700"; VariantName = "[No Variations]"
Change component parameters (AddParameter): Name = "Supplier 1"; Value = "Avnet"; VariantName = "[No Variations]"
Change component parameters (AddParameter): Name = "Supplier Part Number 1"; Value = "CL21B104KBCNNNC"; VariantName = "[No Variations]"
Change component parameters (AddParameter): Name = "Thickness"; Value = "939.8µm"; VariantName = "[No Variations]"
Change component parameters (AddParameter): Name = "Tolerance"; Value = "10%"; VariantName = "[No Variations]"
Change component parameters (AddParameter): Name = "Voltage"; Value = "50V"; VariantName = "[No Variations]"
Change component parameters (AddParameter): Name = "Voltage Rating"; Value = "50V"; VariantName = "[No Variations]"
Change component parameters (AddParameter): Name = "Voltage Rating (DC)"; Value = "50V"; VariantName = "[No Variations]"
Change component parameters (AddParameter): Name = "Width"; Value = "1.25mm"; VariantName = "[No Variations]"
Change component parameters: Designator = "C6" ("C6"); Footprint = "100nFCapacitor"; UniqueID = "\USSBXQCV" ("\USSBXQCV")
Change component parameters (AddParameter): Name = "Capacitance"; Value = "100nF"; VariantName = "[No Variations]"
Change component parameters (AddParameter): Name = "Case Code (Imperial)"; Value = "0805"; VariantName = "[No Variations]"
Change component parameters (AddParameter): Name = "Case Code (Metric)"; Value = "2012"; VariantName = "[No Variations]"
Change component parameters (AddParameter): Name = "Case/Package"; Value = "0805"; VariantName = "[No Variations]"
Change component parameters (AddParameter): Name = "Category"; Value = "Ceramic Capacitors"; VariantName = "[No Variations]"
Change component parameters (AddParameter): Name = "China RoHS"; Value = "Compliant"; VariantName = "[No Variations]"
Change component parameters (AddParameter): Name = "ComponentLink1Description"; Value = "https://datasheet.octopart.com:443/CL21B104KBCNNNC-Samsung-Electro-Mechanics-datasheet-137745078.pdf?src-supplier=IHS"; VariantName = "[No Variations]"
Change component parameters (AddParameter): Name = "ComponentLink1URL"; Value = "https://datasheet.octopart.com:443/CL21B104KBCNNNC-Samsung-Electro-Mechanics-datasheet-137745078.pdf?src-supplier=IHS"; VariantName = "[No Variations]"
Change component parameters (AddParameter): Name = "ComponentLink2Description"; Value = "https://datasheet.octopart.com/CL21B104KBCNNNC-Samsung-Electro-Mechanics-datasheet-8324245.pdf"; VariantName = "[No Variations]"
Change component parameters (AddParameter): Name = "ComponentLink2URL"; Value = "https://datasheet.octopart.com/CL21B104KBCNNNC-Samsung-Electro-Mechanics-datasheet-8324245.pdf"; VariantName = "[No Variations]"
Change component parameters (AddParameter): Name = "ComponentLink3Description"; Value = "https://datasheet.octopart.com/CL21B104KBCNNNC-Samsung-Electro-Mechanics-datasheet-97040617.pdf"; VariantName = "[No Variations]"
Change component parameters (AddParameter): Name = "ComponentLink3URL"; Value = "https://datasheet.octopart.com/CL21B104KBCNNNC-Samsung-Electro-Mechanics-datasheet-97040617.pdf"; VariantName = "[No Variations]"
Change component parameters (AddParameter): Name = "ComponentLink4Description"; Value = "https://datasheet.octopart.com:443/CL21B104KBCNNNC-Samsung-Electro-Mechanics-datasheet-11548950.pdf?src-supplier=Future+Electronics"; VariantName = "[No Variations]"
Change component parameters (AddParameter): Name = "ComponentLink4URL"; Value = "https://datasheet.octopart.com:443/CL21B104KBCNNNC-Samsung-Electro-Mechanics-datasheet-11548950.pdf?src-supplier=Future+Electronics"; VariantName = "[No Variations]"
Change component parameters (AddParameter): Name = "ComponentLink5Description"; Value = "https://datasheet.octopart.com:443/CL21B104KBCNNNC-Samsung-Electro-Mechanics-datasheet-116891032.pdf?src-supplier=Future+Electronics"; VariantName = "[No Variations]"
Change component parameters (AddParameter): Name = "ComponentLink5URL"; Value = "https://datasheet.octopart.com:443/CL21B104KBCNNNC-Samsung-Electro-Mechanics-datasheet-116891032.pdf?src-supplier=Future+Electronics"; VariantName = "[No Variations]"
Change component parameters (AddParameter): Name = "ComponentLink6Description"; Value = "https://datasheet.octopart.com:443/CL21B104KBCNNNC-Samsung-Electro-Mechanics-datasheet-81462175.pdf?src-supplier=Future+Electronics"; VariantName = "[No Variations]"
Change component parameters (AddParameter): Name = "ComponentLink6URL"; Value = "https://datasheet.octopart.com:443/CL21B104KBCNNNC-Samsung-Electro-Mechanics-datasheet-81462175.pdf?src-supplier=Future+Electronics"; VariantName = "[No Variations]"
Change component parameters (AddParameter): Name = "ComponentLink7Description"; Value = "https://datasheet.octopart.com:443/CL21B104KBCNNNC-Samsung-datasheet-42485244.pdf?src-supplier=Future+Electronics"; VariantName = "[No Variations]"
Change component parameters (AddParameter): Name = "ComponentLink7URL"; Value = "https://datasheet.octopart.com:443/CL21B104KBCNNNC-Samsung-datasheet-42485244.pdf?src-supplier=Future+Electronics"; VariantName = "[No Variations]"
Change component parameters (AddParameter): Name = "ComponentLink8Description"; Value = "https://datasheet.octopart.com:443/CL21B104KBCNNNC-Samsung-Electro-Mechanics-datasheet-149045937.pdf?src-supplier=Future+Electronics"; VariantName = "[No Variations]"
Change component parameters (AddParameter): Name = "ComponentLink8URL"; Value = "https://datasheet.octopart.com:443/CL21B104KBCNNNC-Samsung-Electro-Mechanics-datasheet-149045937.pdf?src-supplier=Future+Electronics"; VariantName = "[No Variations]"
Change component parameters (AddParameter): Name = "ComponentLink9Description"; Value = "https://datasheet.octopart.com:443/CL21B104KBCNNNC-Samsung-datasheet-8326407.pdf?src-supplier=TME"; VariantName = "[No Variations]"
Change component parameters (AddParameter): Name = "ComponentLink9URL"; Value = "https://datasheet.octopart.com:443/CL21B104KBCNNNC-Samsung-datasheet-8326407.pdf?src-supplier=TME"; VariantName = "[No Variations]"
Change component parameters (AddParameter): Name = "Contact Plating"; Value = "Tin"; VariantName = "[No Variations]"
Change component parameters (AddParameter): Name = "Depth"; Value = "1.25mm"; VariantName = "[No Variations]"
Change component parameters (AddParameter): Name = "Dielectric"; Value = "X7R"; VariantName = "[No Variations]"
Change component parameters (AddParameter): Name = "Dielectric Material"; Value = "Ceramic"; VariantName = "[No Variations]"
Change component parameters (AddParameter): Name = "Height"; Value = "950µm"; VariantName = "[No Variations]"
Change component parameters (AddParameter): Name = "LCSC"; Value = "C1711"; VariantName = "[No Variations]"
Change component parameters (AddParameter): Name = "Lead Free"; Value = "Lead Free"; VariantName = "[No Variations]"
Change component parameters (AddParameter): Name = "Length"; Value = "2mm"; VariantName = "[No Variations]"
Change component parameters (AddParameter): Name = "Lifecycle Status"; Value = "Production"; VariantName = "[No Variations]"
Change component parameters (AddParameter): Name = "Manufacturer"; Value = "Samsung Electro-Mechanics"; VariantName = "[No Variations]"
Change component parameters (AddParameter): Name = "Manufacturer Part Number"; Value = "CL21B104KBCNNNC"; VariantName = "[No Variations]"
Change component parameters (AddParameter): Name = "Material"; Value = "Ceramic"; VariantName = "[No Variations]"
Change component parameters (AddParameter): Name = "Max Operating Temperature"; Value = "125°C"; VariantName = "[No Variations]"
Change component parameters (AddParameter): Name = "Min Operating Temperature"; Value = "-55°C"; VariantName = "[No Variations]"
Change component parameters (AddParameter): Name = "Mount"; Value = "Surface Mount"; VariantName = "[No Variations]"
Change component parameters (AddParameter): Name = "Number of Terminals"; Value = "2"; VariantName = "[No Variations]"
Change component parameters (AddParameter): Name = "Pricing 1"; Value = "4000=0,0047, 8000=0,00468, 16000=0,00466, 32000=0,00463, 64000=0,00461 (USD)"; VariantName = "[No Variations]"
Change component parameters (AddParameter): Name = "Radiation Hardening"; Value = "No"; VariantName = "[No Variations]"
Change component parameters (AddParameter): Name = "REACH SVHC"; Value = "Yes"; VariantName = "[No Variations]"
Change component parameters (AddParameter): Name = "RoHS"; Value = "Compliant"; VariantName = "[No Variations]"
Change component parameters (AddParameter): Name = "Schedule B"; Value = "8532240020, 8532240020|8532240020, 8532240020|8532240020|8532240020, 8532240020|8532240020|8532240020|8532240020"; VariantName = "[No Variations]"
Change component parameters (AddParameter): Name = "Stock 1"; Value = "2653700"; VariantName = "[No Variations]"
Change component parameters (AddParameter): Name = "Supplier 1"; Value = "Avnet"; VariantName = "[No Variations]"
Change component parameters (AddParameter): Name = "Supplier Part Number 1"; Value = "CL21B104KBCNNNC"; VariantName = "[No Variations]"
Change component parameters (AddParameter): Name = "Thickness"; Value = "939.8µm"; VariantName = "[No Variations]"
Change component parameters (AddParameter): Name = "Tolerance"; Value = "10%"; VariantName = "[No Variations]"
Change component parameters (AddParameter): Name = "Voltage"; Value = "50V"; VariantName = "[No Variations]"
Change component parameters (AddParameter): Name = "Voltage Rating"; Value = "50V"; VariantName = "[No Variations]"
Change component parameters (AddParameter): Name = "Voltage Rating (DC)"; Value = "50V"; VariantName = "[No Variations]"
Change component parameters (AddParameter): Name = "Width"; Value = "1.25mm"; VariantName = "[No Variations]"
Change component parameters: Designator = "C7" ("C7"); Footprint = "100nFCapacitor"; UniqueID = "\XIKWFKIU" ("\XIKWFKIU")
Change component parameters (AddParameter): Name = "Capacitance"; Value = "100nF"; VariantName = "[No Variations]"
Change component parameters (AddParameter): Name = "Case Code (Imperial)"; Value = "0805"; VariantName = "[No Variations]"
Change component parameters (AddParameter): Name = "Case Code (Metric)"; Value = "2012"; VariantName = "[No Variations]"
Change component parameters (AddParameter): Name = "Case/Package"; Value = "0805"; VariantName = "[No Variations]"
Change component parameters (AddParameter): Name = "Category"; Value = "Ceramic Capacitors"; VariantName = "[No Variations]"
Change component parameters (AddParameter): Name = "China RoHS"; Value = "Compliant"; VariantName = "[No Variations]"
Change component parameters (AddParameter): Name = "ComponentLink1Description"; Value = "https://datasheet.octopart.com:443/CL21B104KBCNNNC-Samsung-Electro-Mechanics-datasheet-137745078.pdf?src-supplier=IHS"; VariantName = "[No Variations]"
Change component parameters (AddParameter): Name = "ComponentLink1URL"; Value = "https://datasheet.octopart.com:443/CL21B104KBCNNNC-Samsung-Electro-Mechanics-datasheet-137745078.pdf?src-supplier=IHS"; VariantName = "[No Variations]"
Change component parameters (AddParameter): Name = "ComponentLink2Description"; Value = "https://datasheet.octopart.com/CL21B104KBCNNNC-Samsung-Electro-Mechanics-datasheet-8324245.pdf"; VariantName = "[No Variations]"
Change component parameters (AddParameter): Name = "ComponentLink2URL"; Value = "https://datasheet.octopart.com/CL21B104KBCNNNC-Samsung-Electro-Mechanics-datasheet-8324245.pdf"; VariantName = "[No Variations]"
Change component parameters (AddParameter): Name = "ComponentLink3Description"; Value = "https://datasheet.octopart.com/CL21B104KBCNNNC-Samsung-Electro-Mechanics-datasheet-97040617.pdf"; VariantName = "[No Variations]"
Change component parameters (AddParameter): Name = "ComponentLink3URL"; Value = "https://datasheet.octopart.com/CL21B104KBCNNNC-Samsung-Electro-Mechanics-datasheet-97040617.pdf"; VariantName = "[No Variations]"
Change component parameters (AddParameter): Name = "ComponentLink4Description"; Value = "https://datasheet.octopart.com:443/CL21B104KBCNNNC-Samsung-Electro-Mechanics-datasheet-11548950.pdf?src-supplier=Future+Electronics"; VariantName = "[No Variations]"
Change component parameters (AddParameter): Name = "ComponentLink4URL"; Value = "https://datasheet.octopart.com:443/CL21B104KBCNNNC-Samsung-Electro-Mechanics-datasheet-11548950.pdf?src-supplier=Future+Electronics"; VariantName = "[No Variations]"
Change component parameters (AddParameter): Name = "ComponentLink5Description"; Value = "https://datasheet.octopart.com:443/CL21B104KBCNNNC-Samsung-Electro-Mechanics-datasheet-116891032.pdf?src-supplier=Future+Electronics"; VariantName = "[No Variations]"
Change component parameters (AddParameter): Name = "ComponentLink5URL"; Value = "https://datasheet.octopart.com:443/CL21B104KBCNNNC-Samsung-Electro-Mechanics-datasheet-116891032.pdf?src-supplier=Future+Electronics"; VariantName = "[No Variations]"
Change component parameters (AddParameter): Name = "ComponentLink6Description"; Value = "https://datasheet.octopart.com:443/CL21B104KBCNNNC-Samsung-Electro-Mechanics-datasheet-81462175.pdf?src-supplier=Future+Electronics"; VariantName = "[No Variations]"
Change component parameters (AddParameter): Name = "ComponentLink6URL"; Value = "https://datasheet.octopart.com:443/CL21B104KBCNNNC-Samsung-Electro-Mechanics-datasheet-81462175.pdf?src-supplier=Future+Electronics"; VariantName = "[No Variations]"
Change component parameters (AddParameter): Name = "ComponentLink7Description"; Value = "https://datasheet.octopart.com:443/CL21B104KBCNNNC-Samsung-datasheet-42485244.pdf?src-supplier=Future+Electronics"; VariantName = "[No Variations]"
Change component parameters (AddParameter): Name = "ComponentLink7URL"; Value = "https://datasheet.octopart.com:443/CL21B104KBCNNNC-Samsung-datasheet-42485244.pdf?src-supplier=Future+Electronics"; VariantName = "[No Variations]"
Change component parameters (AddParameter): Name = "ComponentLink8Description"; Value = "https://datasheet.octopart.com:443/CL21B104KBCNNNC-Samsung-Electro-Mechanics-datasheet-149045937.pdf?src-supplier=Future+Electronics"; VariantName = "[No Variations]"
Change component parameters (AddParameter): Name = "ComponentLink8URL"; Value = "https://datasheet.octopart.com:443/CL21B104KBCNNNC-Samsung-Electro-Mechanics-datasheet-149045937.pdf?src-supplier=Future+Electronics"; VariantName = "[No Variations]"
Change component parameters (AddParameter): Name = "ComponentLink9Description"; Value = "https://datasheet.octopart.com:443/CL21B104KBCNNNC-Samsung-datasheet-8326407.pdf?src-supplier=TME"; VariantName = "[No Variations]"
Change component parameters (AddParameter): Name = "ComponentLink9URL"; Value = "https://datasheet.octopart.com:443/CL21B104KBCNNNC-Samsung-datasheet-8326407.pdf?src-supplier=TME"; VariantName = "[No Variations]"
Change component parameters (AddParameter): Name = "Contact Plating"; Value = "Tin"; VariantName = "[No Variations]"
Change component parameters (AddParameter): Name = "Depth"; Value = "1.25mm"; VariantName = "[No Variations]"
Change component parameters (AddParameter): Name = "Dielectric"; Value = "X7R"; VariantName = "[No Variations]"
Change component parameters (AddParameter): Name = "Dielectric Material"; Value = "Ceramic"; VariantName = "[No Variations]"
Change component parameters (AddParameter): Name = "Height"; Value = "950µm"; VariantName = "[No Variations]"
Change component parameters (AddParameter): Name = "LCSC"; Value = "C1711"; VariantName = "[No Variations]"
Change component parameters (AddParameter): Name = "Lead Free"; Value = "Lead Free"; VariantName = "[No Variations]"
Change component parameters (AddParameter): Name = "Length"; Value = "2mm"; VariantName = "[No Variations]"
Change component parameters (AddParameter): Name = "Lifecycle Status"; Value = "Production"; VariantName = "[No Variations]"
Change component parameters (AddParameter): Name = "Manufacturer"; Value = "Samsung Electro-Mechanics"; VariantName = "[No Variations]"
Change component parameters (AddParameter): Name = "Manufacturer Part Number"; Value = "CL21B104KBCNNNC"; VariantName = "[No Variations]"
Change component parameters (AddParameter): Name = "Material"; Value = "Ceramic"; VariantName = "[No Variations]"
Change component parameters (AddParameter): Name = "Max Operating Temperature"; Value = "125°C"; VariantName = "[No Variations]"
Change component parameters (AddParameter): Name = "Min Operating Temperature"; Value = "-55°C"; VariantName = "[No Variations]"
Change component parameters (AddParameter): Name = "Mount"; Value = "Surface Mount"; VariantName = "[No Variations]"
Change component parameters (AddParameter): Name = "Number of Terminals"; Value = "2"; VariantName = "[No Variations]"
Change component parameters (AddParameter): Name = "Pricing 1"; Value = "4000=0,0047, 8000=0,00468, 16000=0,00466, 32000=0,00463, 64000=0,00461 (USD)"; VariantName = "[No Variations]"
Change component parameters (AddParameter): Name = "Radiation Hardening"; Value = "No"; VariantName = "[No Variations]"
Change component parameters (AddParameter): Name = "REACH SVHC"; Value = "Yes"; VariantName = "[No Variations]"
Change component parameters (AddParameter): Name = "RoHS"; Value = "Compliant"; VariantName = "[No Variations]"
Change component parameters (AddParameter): Name = "Schedule B"; Value = "8532240020, 8532240020|8532240020, 8532240020|8532240020|8532240020, 8532240020|8532240020|8532240020|8532240020"; VariantName = "[No Variations]"
Change component parameters (AddParameter): Name = "Stock 1"; Value = "2653700"; VariantName = "[No Variations]"
Change component parameters (AddParameter): Name = "Supplier 1"; Value = "Avnet"; VariantName = "[No Variations]"
Change component parameters (AddParameter): Name = "Supplier Part Number 1"; Value = "CL21B104KBCNNNC"; VariantName = "[No Variations]"
Change component parameters (AddParameter): Name = "Thickness"; Value = "939.8µm"; VariantName = "[No Variations]"
Change component parameters (AddParameter): Name = "Tolerance"; Value = "10%"; VariantName = "[No Variations]"
Change component parameters (AddParameter): Name = "Voltage"; Value = "50V"; VariantName = "[No Variations]"
Change component parameters (AddParameter): Name = "Voltage Rating"; Value = "50V"; VariantName = "[No Variations]"
Change component parameters (AddParameter): Name = "Voltage Rating (DC)"; Value = "50V"; VariantName = "[No Variations]"
Change component parameters (AddParameter): Name = "Width"; Value = "1.25mm"; VariantName = "[No Variations]"
Change component parameters: Designator = "C8" ("C8"); Footprint = "100nFCapacitor"; UniqueID = "\XOJFUZKZ" ("\XOJFUZKZ")
Change component parameters (AddParameter): Name = "Capacitance"; Value = "100nF"; VariantName = "[No Variations]"
Change component parameters (AddParameter): Name = "Case Code (Imperial)"; Value = "0805"; VariantName = "[No Variations]"
Change component parameters (AddParameter): Name = "Case Code (Metric)"; Value = "2012"; VariantName = "[No Variations]"
Change component parameters (AddParameter): Name = "Case/Package"; Value = "0805"; VariantName = "[No Variations]"
Change component parameters (AddParameter): Name = "Category"; Value = "Ceramic Capacitors"; VariantName = "[No Variations]"
Change component parameters (AddParameter): Name = "China RoHS"; Value = "Compliant"; VariantName = "[No Variations]"
Change component parameters (AddParameter): Name = "ComponentLink1Description"; Value = "https://datasheet.octopart.com:443/CL21B104KBCNNNC-Samsung-Electro-Mechanics-datasheet-137745078.pdf?src-supplier=IHS"; VariantName = "[No Variations]"
Change component parameters (AddParameter): Name = "ComponentLink1URL"; Value = "https://datasheet.octopart.com:443/CL21B104KBCNNNC-Samsung-Electro-Mechanics-datasheet-137745078.pdf?src-supplier=IHS"; VariantName = "[No Variations]"
Change component parameters (AddParameter): Name = "ComponentLink2Description"; Value = "https://datasheet.octopart.com/CL21B104KBCNNNC-Samsung-Electro-Mechanics-datasheet-8324245.pdf"; VariantName = "[No Variations]"
Change component parameters (AddParameter): Name = "ComponentLink2URL"; Value = "https://datasheet.octopart.com/CL21B104KBCNNNC-Samsung-Electro-Mechanics-datasheet-8324245.pdf"; VariantName = "[No Variations]"
Change component parameters (AddParameter): Name = "ComponentLink3Description"; Value = "https://datasheet.octopart.com/CL21B104KBCNNNC-Samsung-Electro-Mechanics-datasheet-97040617.pdf"; VariantName = "[No Variations]"
Change component parameters (AddParameter): Name = "ComponentLink3URL"; Value = "https://datasheet.octopart.com/CL21B104KBCNNNC-Samsung-Electro-Mechanics-datasheet-97040617.pdf"; VariantName = "[No Variations]"
Change component parameters (AddParameter): Name = "ComponentLink4Description"; Value = "https://datasheet.octopart.com:443/CL21B104KBCNNNC-Samsung-Electro-Mechanics-datasheet-11548950.pdf?src-supplier=Future+Electronics"; VariantName = "[No Variations]"
Change component parameters (AddParameter): Name = "ComponentLink4URL"; Value = "https://datasheet.octopart.com:443/CL21B104KBCNNNC-Samsung-Electro-Mechanics-datasheet-11548950.pdf?src-supplier=Future+Electronics"; VariantName = "[No Variations]"
Change component parameters (AddParameter): Name = "ComponentLink5Description"; Value = "https://datasheet.octopart.com:443/CL21B104KBCNNNC-Samsung-Electro-Mechanics-datasheet-116891032.pdf?src-supplier=Future+Electronics"; VariantName = "[No Variations]"
Change component parameters (AddParameter): Name = "ComponentLink5URL"; Value = "https://datasheet.octopart.com:443/CL21B104KBCNNNC-Samsung-Electro-Mechanics-datasheet-116891032.pdf?src-supplier=Future+Electronics"; VariantName = "[No Variations]"
Change component parameters (AddParameter): Name = "ComponentLink6Description"; Value = "https://datasheet.octopart.com:443/CL21B104KBCNNNC-Samsung-Electro-Mechanics-datasheet-81462175.pdf?src-supplier=Future+Electronics"; VariantName = "[No Variations]"
Change component parameters (AddParameter): Name = "ComponentLink6URL"; Value = "https://datasheet.octopart.com:443/CL21B104KBCNNNC-Samsung-Electro-Mechanics-datasheet-81462175.pdf?src-supplier=Future+Electronics"; VariantName = "[No Variations]"
Change component parameters (AddParameter): Name = "ComponentLink7Description"; Value = "https://datasheet.octopart.com:443/CL21B104KBCNNNC-Samsung-datasheet-42485244.pdf?src-supplier=Future+Electronics"; VariantName = "[No Variations]"
Change component parameters (AddParameter): Name = "ComponentLink7URL"; Value = "https://datasheet.octopart.com:443/CL21B104KBCNNNC-Samsung-datasheet-42485244.pdf?src-supplier=Future+Electronics"; VariantName = "[No Variations]"
Change component parameters (AddParameter): Name = "ComponentLink8Description"; Value = "https://datasheet.octopart.com:443/CL21B104KBCNNNC-Samsung-Electro-Mechanics-datasheet-149045937.pdf?src-supplier=Future+Electronics"; VariantName = "[No Variations]"
Change component parameters (AddParameter): Name = "ComponentLink8URL"; Value = "https://datasheet.octopart.com:443/CL21B104KBCNNNC-Samsung-Electro-Mechanics-datasheet-149045937.pdf?src-supplier=Future+Electronics"; VariantName = "[No Variations]"
Change component parameters (AddParameter): Name = "ComponentLink9Description"; Value = "https://datasheet.octopart.com:443/CL21B104KBCNNNC-Samsung-datasheet-8326407.pdf?src-supplier=TME"; VariantName = "[No Variations]"
Change component parameters (AddParameter): Name = "ComponentLink9URL"; Value = "https://datasheet.octopart.com:443/CL21B104KBCNNNC-Samsung-datasheet-8326407.pdf?src-supplier=TME"; VariantName = "[No Variations]"
Change component parameters (AddParameter): Name = "Contact Plating"; Value = "Tin"; VariantName = "[No Variations]"
Change component parameters (AddParameter): Name = "Depth"; Value = "1.25mm"; VariantName = "[No Variations]"
Change component parameters (AddParameter): Name = "Dielectric"; Value = "X7R"; VariantName = "[No Variations]"
Change component parameters (AddParameter): Name = "Dielectric Material"; Value = "Ceramic"; VariantName = "[No Variations]"
Change component parameters (AddParameter): Name = "Height"; Value = "950µm"; VariantName = "[No Variations]"
Change component parameters (AddParameter): Name = "LCSC"; Value = "C1711"; VariantName = "[No Variations]"
Change component parameters (AddParameter): Name = "Lead Free"; Value = "Lead Free"; VariantName = "[No Variations]"
Change component parameters (AddParameter): Name = "Length"; Value = "2mm"; VariantName = "[No Variations]"
Change component parameters (AddParameter): Name = "Lifecycle Status"; Value = "Production"; VariantName = "[No Variations]"
Change component parameters (AddParameter): Name = "Manufacturer"; Value = "Samsung Electro-Mechanics"; VariantName = "[No Variations]"
Change component parameters (AddParameter): Name = "Manufacturer Part Number"; Value = "CL21B104KBCNNNC"; VariantName = "[No Variations]"
Change component parameters (AddParameter): Name = "Material"; Value = "Ceramic"; VariantName = "[No Variations]"
Change component parameters (AddParameter): Name = "Max Operating Temperature"; Value = "125°C"; VariantName = "[No Variations]"
Change component parameters (AddParameter): Name = "Min Operating Temperature"; Value = "-55°C"; VariantName = "[No Variations]"
Change component parameters (AddParameter): Name = "Mount"; Value = "Surface Mount"; VariantName = "[No Variations]"
Change component parameters (AddParameter): Name = "Number of Terminals"; Value = "2"; VariantName = "[No Variations]"
Change component parameters (AddParameter): Name = "Pricing 1"; Value = "4000=0,0047, 8000=0,00468, 16000=0,00466, 32000=0,00463, 64000=0,00461 (USD)"; VariantName = "[No Variations]"
Change component parameters (AddParameter): Name = "Radiation Hardening"; Value = "No"; VariantName = "[No Variations]"
Change component parameters (AddParameter): Name = "REACH SVHC"; Value = "Yes"; VariantName = "[No Variations]"
Change component parameters (AddParameter): Name = "RoHS"; Value = "Compliant"; VariantName = "[No Variations]"
Change component parameters (AddParameter): Name = "Schedule B"; Value = "8532240020, 8532240020|8532240020, 8532240020|8532240020|8532240020, 8532240020|8532240020|8532240020|8532240020"; VariantName = "[No Variations]"
Change component parameters (AddParameter): Name = "Stock 1"; Value = "2653700"; VariantName = "[No Variations]"
Change component parameters (AddParameter): Name = "Supplier 1"; Value = "Avnet"; VariantName = "[No Variations]"
Change component parameters (AddParameter): Name = "Supplier Part Number 1"; Value = "CL21B104KBCNNNC"; VariantName = "[No Variations]"
Change component parameters (AddParameter): Name = "Thickness"; Value = "939.8µm"; VariantName = "[No Variations]"
Change component parameters (AddParameter): Name = "Tolerance"; Value = "10%"; VariantName = "[No Variations]"
Change component parameters (AddParameter): Name = "Voltage"; Value = "50V"; VariantName = "[No Variations]"
Change component parameters (AddParameter): Name = "Voltage Rating"; Value = "50V"; VariantName = "[No Variations]"
Change component parameters (AddParameter): Name = "Voltage Rating (DC)"; Value = "50V"; VariantName = "[No Variations]"
Change component parameters (AddParameter): Name = "Width"; Value = "1.25mm"; VariantName = "[No Variations]"
Change component parameters: Designator = "C9" ("C9"); Footprint = "100nFCapacitor"; UniqueID = "\LUFXVPAC" ("\LUFXVPAC")
Change component parameters (AddParameter): Name = "Capacitance"; Value = "100nF"; VariantName = "[No Variations]"
Change component parameters (AddParameter): Name = "Case Code (Imperial)"; Value = "0805"; VariantName = "[No Variations]"
Change component parameters (AddParameter): Name = "Case Code (Metric)"; Value = "2012"; VariantName = "[No Variations]"
Change component parameters (AddParameter): Name = "Case/Package"; Value = "0805"; VariantName = "[No Variations]"
Change component parameters (AddParameter): Name = "Category"; Value = "Ceramic Capacitors"; VariantName = "[No Variations]"
Change component parameters (AddParameter): Name = "China RoHS"; Value = "Compliant"; VariantName = "[No Variations]"
Change component parameters (AddParameter): Name = "ComponentLink1Description"; Value = "https://datasheet.octopart.com:443/CL21B104KBCNNNC-Samsung-Electro-Mechanics-datasheet-137745078.pdf?src-supplier=IHS"; VariantName = "[No Variations]"
Change component parameters (AddParameter): Name = "ComponentLink1URL"; Value = "https://datasheet.octopart.com:443/CL21B104KBCNNNC-Samsung-Electro-Mechanics-datasheet-137745078.pdf?src-supplier=IHS"; VariantName = "[No Variations]"
Change component parameters (AddParameter): Name = "ComponentLink2Description"; Value = "https://datasheet.octopart.com/CL21B104KBCNNNC-Samsung-Electro-Mechanics-datasheet-8324245.pdf"; VariantName = "[No Variations]"
Change component parameters (AddParameter): Name = "ComponentLink2URL"; Value = "https://datasheet.octopart.com/CL21B104KBCNNNC-Samsung-Electro-Mechanics-datasheet-8324245.pdf"; VariantName = "[No Variations]"
Change component parameters (AddParameter): Name = "ComponentLink3Description"; Value = "https://datasheet.octopart.com/CL21B104KBCNNNC-Samsung-Electro-Mechanics-datasheet-97040617.pdf"; VariantName = "[No Variations]"
Change component parameters (AddParameter): Name = "ComponentLink3URL"; Value = "https://datasheet.octopart.com/CL21B104KBCNNNC-Samsung-Electro-Mechanics-datasheet-97040617.pdf"; VariantName = "[No Variations]"
Change component parameters (AddParameter): Name = "ComponentLink4Description"; Value = "https://datasheet.octopart.com:443/CL21B104KBCNNNC-Samsung-Electro-Mechanics-datasheet-11548950.pdf?src-supplier=Future+Electronics"; VariantName = "[No Variations]"
Change component parameters (AddParameter): Name = "ComponentLink4URL"; Value = "https://datasheet.octopart.com:443/CL21B104KBCNNNC-Samsung-Electro-Mechanics-datasheet-11548950.pdf?src-supplier=Future+Electronics"; VariantName = "[No Variations]"
Change component parameters (AddParameter): Name = "ComponentLink5Description"; Value = "https://datasheet.octopart.com:443/CL21B104KBCNNNC-Samsung-Electro-Mechanics-datasheet-116891032.pdf?src-supplier=Future+Electronics"; VariantName = "[No Variations]"
Change component parameters (AddParameter): Name = "ComponentLink5URL"; Value = "https://datasheet.octopart.com:443/CL21B104KBCNNNC-Samsung-Electro-Mechanics-datasheet-116891032.pdf?src-supplier=Future+Electronics"; VariantName = "[No Variations]"
Change component parameters (AddParameter): Name = "ComponentLink6Description"; Value = "https://datasheet.octopart.com:443/CL21B104KBCNNNC-Samsung-Electro-Mechanics-datasheet-81462175.pdf?src-supplier=Future+Electronics"; VariantName = "[No Variations]"
Change component parameters (AddParameter): Name = "ComponentLink6URL"; Value = "https://datasheet.octopart.com:443/CL21B104KBCNNNC-Samsung-Electro-Mechanics-datasheet-81462175.pdf?src-supplier=Future+Electronics"; VariantName = "[No Variations]"
Change component parameters (AddParameter): Name = "ComponentLink7Description"; Value = "https://datasheet.octopart.com:443/CL21B104KBCNNNC-Samsung-datasheet-42485244.pdf?src-supplier=Future+Electronics"; VariantName = "[No Variations]"
Change component parameters (AddParameter): Name = "ComponentLink7URL"; Value = "https://datasheet.octopart.com:443/CL21B104KBCNNNC-Samsung-datasheet-42485244.pdf?src-supplier=Future+Electronics"; VariantName = "[No Variations]"
Change component parameters (AddParameter): Name = "ComponentLink8Description"; Value = "https://datasheet.octopart.com:443/CL21B104KBCNNNC-Samsung-Electro-Mechanics-datasheet-149045937.pdf?src-supplier=Future+Electronics"; VariantName = "[No Variations]"
Change component parameters (AddParameter): Name = "ComponentLink8URL"; Value = "https://datasheet.octopart.com:443/CL21B104KBCNNNC-Samsung-Electro-Mechanics-datasheet-149045937.pdf?src-supplier=Future+Electronics"; VariantName = "[No Variations]"
Change component parameters (AddParameter): Name = "ComponentLink9Description"; Value = "https://datasheet.octopart.com:443/CL21B104KBCNNNC-Samsung-datasheet-8326407.pdf?src-supplier=TME"; VariantName = "[No Variations]"
Change component parameters (AddParameter): Name = "ComponentLink9URL"; Value = "https://datasheet.octopart.com:443/CL21B104KBCNNNC-Samsung-datasheet-8326407.pdf?src-supplier=TME"; VariantName = "[No Variations]"
Change component parameters (AddParameter): Name = "Contact Plating"; Value = "Tin"; VariantName = "[No Variations]"
Change component parameters (AddParameter): Name = "Depth"; Value = "1.25mm"; VariantName = "[No Variations]"
Change component parameters (AddParameter): Name = "Dielectric"; Value = "X7R"; VariantName = "[No Variations]"
Change component parameters (AddParameter): Name = "Dielectric Material"; Value = "Ceramic"; VariantName = "[No Variations]"
Change component parameters (AddParameter): Name = "Height"; Value = "950µm"; VariantName = "[No Variations]"
Change component parameters (AddParameter): Name = "LCSC"; Value = "C1711"; VariantName = "[No Variations]"
Change component parameters (AddParameter): Name = "Lead Free"; Value = "Lead Free"; VariantName = "[No Variations]"
Change component parameters (AddParameter): Name = "Length"; Value = "2mm"; VariantName = "[No Variations]"
Change component parameters (AddParameter): Name = "Lifecycle Status"; Value = "Production"; VariantName = "[No Variations]"
Change component parameters (AddParameter): Name = "Manufacturer"; Value = "Samsung Electro-Mechanics"; VariantName = "[No Variations]"
Change component parameters (AddParameter): Name = "Manufacturer Part Number"; Value = "CL21B104KBCNNNC"; VariantName = "[No Variations]"
Change component parameters (AddParameter): Name = "Material"; Value = "Ceramic"; VariantName = "[No Variations]"
Change component parameters (AddParameter): Name = "Max Operating Temperature"; Value = "125°C"; VariantName = "[No Variations]"
Change component parameters (AddParameter): Name = "Min Operating Temperature"; Value = "-55°C"; VariantName = "[No Variations]"
Change component parameters (AddParameter): Name = "Mount"; Value = "Surface Mount"; VariantName = "[No Variations]"
Change component parameters (AddParameter): Name = "Number of Terminals"; Value = "2"; VariantName = "[No Variations]"
Change component parameters (AddParameter): Name = "Pricing 1"; Value = "4000=0,0047, 8000=0,00468, 16000=0,00466, 32000=0,00463, 64000=0,00461 (USD)"; VariantName = "[No Variations]"
Change component parameters (AddParameter): Name = "Radiation Hardening"; Value = "No"; VariantName = "[No Variations]"
Change component parameters (AddParameter): Name = "REACH SVHC"; Value = "Yes"; VariantName = "[No Variations]"
Change component parameters (AddParameter): Name = "RoHS"; Value = "Compliant"; VariantName = "[No Variations]"
Change component parameters (AddParameter): Name = "Schedule B"; Value = "8532240020, 8532240020|8532240020, 8532240020|8532240020|8532240020, 8532240020|8532240020|8532240020|8532240020"; VariantName = "[No Variations]"
Change component parameters (AddParameter): Name = "Stock 1"; Value = "2653700"; VariantName = "[No Variations]"
Change component parameters (AddParameter): Name = "Supplier 1"; Value = "Avnet"; VariantName = "[No Variations]"
Change component parameters (AddParameter): Name = "Supplier Part Number 1"; Value = "CL21B104KBCNNNC"; VariantName = "[No Variations]"
Change component parameters (AddParameter): Name = "Thickness"; Value = "939.8µm"; VariantName = "[No Variations]"
Change component parameters (AddParameter): Name = "Tolerance"; Value = "10%"; VariantName = "[No Variations]"
Change component parameters (AddParameter): Name = "Voltage"; Value = "50V"; VariantName = "[No Variations]"
Change component parameters (AddParameter): Name = "Voltage Rating"; Value = "50V"; VariantName = "[No Variations]"
Change component parameters (AddParameter): Name = "Voltage Rating (DC)"; Value = "50V"; VariantName = "[No Variations]"
Change component parameters (AddParameter): Name = "Width"; Value = "1.25mm"; VariantName = "[No Variations]"
Change component parameters: Designator = "C10" ("C10"); Footprint = "10uFCapacitor"; UniqueID = "\GXKRJLXG" ("\GXKRJLXG")
Change component parameters (AddParameter): Name = "Case Code (Imperial)"; Value = "0805"; VariantName = "[No Variations]"
Change component parameters (AddParameter): Name = "Case Code (Metric)"; Value = "2012"; VariantName = "[No Variations]"
Change component parameters (AddParameter): Name = "Case/Package"; Value = "0805"; VariantName = "[No Variations]"
Change component parameters (AddParameter): Name = "Category"; Value = "Ceramic Capacitors"; VariantName = "[No Variations]"
Change component parameters (AddParameter): Name = "China RoHS"; Value = "Compliant"; VariantName = "[No Variations]"
Change component parameters (AddParameter): Name = "ComponentLink1Description"; Value = "https://datasheet.octopart.com:443/CL21A106KOQNNNE-Samsung-Electro-Mechanics-datasheet-136031799.pdf?src-supplier=IHS"; VariantName = "[No Variations]"
Change component parameters (AddParameter): Name = "ComponentLink1URL"; Value = "https://datasheet.octopart.com:443/CL21A106KOQNNNE-Samsung-Electro-Mechanics-datasheet-136031799.pdf?src-supplier=IHS"; VariantName = "[No Variations]"
Change component parameters (AddParameter): Name = "ComponentLink2Description"; Value = "https://datasheet.octopart.com/CL21A106KOQNNNE-Samsung-Electro-Mechanics-datasheet-8324245.pdf"; VariantName = "[No Variations]"
Change component parameters (AddParameter): Name = "ComponentLink2URL"; Value = "https://datasheet.octopart.com/CL21A106KOQNNNE-Samsung-Electro-Mechanics-datasheet-8324245.pdf"; VariantName = "[No Variations]"
Change component parameters (AddParameter): Name = "ComponentLink3Description"; Value = "https://datasheet.octopart.com/CL21A106KOQNNNE-Samsung-Electro-Mechanics-datasheet-97040617.pdf"; VariantName = "[No Variations]"
Change component parameters (AddParameter): Name = "ComponentLink3URL"; Value = "https://datasheet.octopart.com/CL21A106KOQNNNE-Samsung-Electro-Mechanics-datasheet-97040617.pdf"; VariantName = "[No Variations]"
Change component parameters (AddParameter): Name = "ComponentLink4Description"; Value = "https://datasheet.octopart.com:443/CL21A106KOQNNNE-Samsung-Electro-Mechanics-datasheet-130012977.pdf?src-supplier=Future+Electronics"; VariantName = "[No Variations]"
Change component parameters (AddParameter): Name = "ComponentLink4URL"; Value = "https://datasheet.octopart.com:443/CL21A106KOQNNNE-Samsung-Electro-Mechanics-datasheet-130012977.pdf?src-supplier=Future+Electronics"; VariantName = "[No Variations]"
Change component parameters (AddParameter): Name = "ComponentLink5Description"; Value = "https://datasheet.octopart.com:443/CL21A106KOQNNNE-Samsung-Electro-Mechanics-datasheet-82614846.pdf?src-supplier=Future+Electronics"; VariantName = "[No Variations]"
Change component parameters (AddParameter): Name = "ComponentLink5URL"; Value = "https://datasheet.octopart.com:443/CL21A106KOQNNNE-Samsung-Electro-Mechanics-datasheet-82614846.pdf?src-supplier=Future+Electronics"; VariantName = "[No Variations]"
Change component parameters (AddParameter): Name = "ComponentLink6Description"; Value = "https://datasheet.octopart.com:443/CL21A106KOQNNNE-Samsung-Electro-Mechanics-datasheet-81462122.pdf?src-supplier=Future+Electronics"; VariantName = "[No Variations]"
Change component parameters (AddParameter): Name = "ComponentLink6URL"; Value = "https://datasheet.octopart.com:443/CL21A106KOQNNNE-Samsung-Electro-Mechanics-datasheet-81462122.pdf?src-supplier=Future+Electronics"; VariantName = "[No Variations]"
Change component parameters (AddParameter): Name = "ComponentLink7Description"; Value = "https://datasheet.octopart.com:443/CL21A106KOQNNNE-Samsung-datasheet-48647542.pdf?src-supplier=Future+Electronics"; VariantName = "[No Variations]"
Change component parameters (AddParameter): Name = "ComponentLink7URL"; Value = "https://datasheet.octopart.com:443/CL21A106KOQNNNE-Samsung-datasheet-48647542.pdf?src-supplier=Future+Electronics"; VariantName = "[No Variations]"
Change component parameters (AddParameter): Name = "ComponentLink8Description"; Value = "https://datasheet.octopart.com:443/CL21A106KOQNNNE-Samsung-datasheet-26669228.pdf?src-supplier=Future+Electronics"; VariantName = "[No Variations]"
Change component parameters (AddParameter): Name = "ComponentLink8URL"; Value = "https://datasheet.octopart.com:443/CL21A106KOQNNNE-Samsung-datasheet-26669228.pdf?src-supplier=Future+Electronics"; VariantName = "[No Variations]"
Change component parameters (AddParameter): Name = "ComponentLink9Description"; Value = "https://datasheet.octopart.com:443/CL21A106KOQNNNE-Samsung-Electro-Mechanics-datasheet-149154152.pdf?src-supplier=Future+Electronics"; VariantName = "[No Variations]"
Change component parameters (AddParameter): Name = "ComponentLink9URL"; Value = "https://datasheet.octopart.com:443/CL21A106KOQNNNE-Samsung-Electro-Mechanics-datasheet-149154152.pdf?src-supplier=Future+Electronics"; VariantName = "[No Variations]"
Change component parameters (AddParameter): Name = "ComponentLink10Description"; Value = "https://datasheet.octopart.com:443/CL21A106KOQNNNE-Samsung-datasheet-22147434.pdf?src-supplier=TME"; VariantName = "[No Variations]"
Change component parameters (AddParameter): Name = "ComponentLink10URL"; Value = "https://datasheet.octopart.com:443/CL21A106KOQNNNE-Samsung-datasheet-22147434.pdf?src-supplier=TME"; VariantName = "[No Variations]"
Change component parameters (AddParameter): Name = "Depth"; Value = "1.25mm"; VariantName = "[No Variations]"
Change component parameters (AddParameter): Name = "Dielectric"; Value = "X5R"; VariantName = "[No Variations]"
Change component parameters (AddParameter): Name = "Dielectric Material"; Value = "Ceramic"; VariantName = "[No Variations]"
Change component parameters (AddParameter): Name = "Height"; Value = "1.4mm"; VariantName = "[No Variations]"
Change component parameters (AddParameter): Name = "LCSC"; Value = "C1713"; VariantName = "[No Variations]"
Change component parameters (AddParameter): Name = "Lead Free"; Value = "Lead Free"; VariantName = "[No Variations]"
Change component parameters (AddParameter): Name = "Length"; Value = "2mm"; VariantName = "[No Variations]"
Change component parameters (AddParameter): Name = "Lifecycle Status"; Value = "Production"; VariantName = "[No Variations]"
Change component parameters (AddParameter): Name = "Manufacturer"; Value = "Samsung Electro-Mechanics"; VariantName = "[No Variations]"
Change component parameters (AddParameter): Name = "Manufacturer Part Number"; Value = "CL21A106KOQNNNE"; VariantName = "[No Variations]"
Change component parameters (AddParameter): Name = "Material"; Value = "Ceramic"; VariantName = "[No Variations]"
Change component parameters (AddParameter): Name = "Max Operating Temperature"; Value = "85°C"; VariantName = "[No Variations]"
Change component parameters (AddParameter): Name = "Min Operating Temperature"; Value = "-55°C"; VariantName = "[No Variations]"
Change component parameters (AddParameter): Name = "Mounting Technology"; Value = "Surface Mount"; VariantName = "[No Variations]"
Change component parameters (AddParameter): Name = "Number of Terminals"; Value = "2"; VariantName = "[No Variations]"
Change component parameters (AddParameter): Name = "Pricing"; Value = "1=0,08, 10=0,021, 50=0,02, 100=0,0192, 500=0,0144, 1000=0,0128 (USD)"; VariantName = "[No Variations]"
Change component parameters (AddParameter): Name = "Radiation Hardening"; Value = "No"; VariantName = "[No Variations]"
Change component parameters (AddParameter): Name = "REACH SVHC"; Value = "Yes"; VariantName = "[No Variations]"
Change component parameters (AddParameter): Name = "RoHS"; Value = "Compliant"; VariantName = "[No Variations]"
Change component parameters (AddParameter): Name = "Schedule B"; Value = "8532240020, 8532240020|8532240020|8532240020|8532240020|8532240020|8532240020|8532240020|8532240020|8532240020|8532240020|8532240020|8532240020|8532240020|8532240020|8532240020|8532240020|8532240020|8532240020|8532240020|8532240020|8532240020|8532240020|8532240020|85"; VariantName = "[No Variations]"
Change component parameters (AddParameter): Name = "Stock"; Value = "1216197"; VariantName = "[No Variations]"
Change component parameters (AddParameter): Name = "Supplier"; Value = "DigiKey"; VariantName = "[No Variations]"
Change component parameters (AddParameter): Name = "Supplier Part Number"; Value = "1276-1096-1-ND"; VariantName = "[No Variations]"
Change component parameters (AddParameter): Name = "Thickness"; Value = "1.397mm"; VariantName = "[No Variations]"
Change component parameters (AddParameter): Name = "Tolerance"; Value = "10%"; VariantName = "[No Variations]"
Change component parameters (AddParameter): Name = "Value"; Value = "10µF"; VariantName = "[No Variations]"
Change component parameters (AddParameter): Name = "Voltage"; Value = "16V"; VariantName = "[No Variations]"
Change component parameters (AddParameter): Name = "Voltage Rating"; Value = "16V"; VariantName = "[No Variations]"
Change component parameters (AddParameter): Name = "Voltage Rating (DC)"; Value = "16V"; VariantName = "[No Variations]"
Change component parameters (AddParameter): Name = "Width"; Value = "1.25mm"; VariantName = "[No Variations]"
Change component parameters: Designator = "C11" ("C11"); Footprint = "100nFCapacitor"; UniqueID = "\RSIZWNOU" ("\RSIZWNOU")
Change component parameters (AddParameter): Name = "Capacitance"; Value = "100nF"; VariantName = "[No Variations]"
Change component parameters (AddParameter): Name = "Case Code (Imperial)"; Value = "0805"; VariantName = "[No Variations]"
Change component parameters (AddParameter): Name = "Case Code (Metric)"; Value = "2012"; VariantName = "[No Variations]"
Change component parameters (AddParameter): Name = "Case/Package"; Value = "0805"; VariantName = "[No Variations]"
Change component parameters (AddParameter): Name = "Category"; Value = "Ceramic Capacitors"; VariantName = "[No Variations]"
Change component parameters (AddParameter): Name = "China RoHS"; Value = "Compliant"; VariantName = "[No Variations]"
Change component parameters (AddParameter): Name = "ComponentLink1Description"; Value = "https://datasheet.octopart.com:443/CL21B104KBCNNNC-Samsung-Electro-Mechanics-datasheet-137745078.pdf?src-supplier=IHS"; VariantName = "[No Variations]"
Change component parameters (AddParameter): Name = "ComponentLink1URL"; Value = "https://datasheet.octopart.com:443/CL21B104KBCNNNC-Samsung-Electro-Mechanics-datasheet-137745078.pdf?src-supplier=IHS"; VariantName = "[No Variations]"
Change component parameters (AddParameter): Name = "ComponentLink2Description"; Value = "https://datasheet.octopart.com/CL21B104KBCNNNC-Samsung-Electro-Mechanics-datasheet-8324245.pdf"; VariantName = "[No Variations]"
Change component parameters (AddParameter): Name = "ComponentLink2URL"; Value = "https://datasheet.octopart.com/CL21B104KBCNNNC-Samsung-Electro-Mechanics-datasheet-8324245.pdf"; VariantName = "[No Variations]"
Change component parameters (AddParameter): Name = "ComponentLink3Description"; Value = "https://datasheet.octopart.com/CL21B104KBCNNNC-Samsung-Electro-Mechanics-datasheet-97040617.pdf"; VariantName = "[No Variations]"
Change component parameters (AddParameter): Name = "ComponentLink3URL"; Value = "https://datasheet.octopart.com/CL21B104KBCNNNC-Samsung-Electro-Mechanics-datasheet-97040617.pdf"; VariantName = "[No Variations]"
Change component parameters (AddParameter): Name = "ComponentLink4Description"; Value = "https://datasheet.octopart.com:443/CL21B104KBCNNNC-Samsung-Electro-Mechanics-datasheet-11548950.pdf?src-supplier=Future+Electronics"; VariantName = "[No Variations]"
Change component parameters (AddParameter): Name = "ComponentLink4URL"; Value = "https://datasheet.octopart.com:443/CL21B104KBCNNNC-Samsung-Electro-Mechanics-datasheet-11548950.pdf?src-supplier=Future+Electronics"; VariantName = "[No Variations]"
Change component parameters (AddParameter): Name = "ComponentLink5Description"; Value = "https://datasheet.octopart.com:443/CL21B104KBCNNNC-Samsung-Electro-Mechanics-datasheet-116891032.pdf?src-supplier=Future+Electronics"; VariantName = "[No Variations]"
Change component parameters (AddParameter): Name = "ComponentLink5URL"; Value = "https://datasheet.octopart.com:443/CL21B104KBCNNNC-Samsung-Electro-Mechanics-datasheet-116891032.pdf?src-supplier=Future+Electronics"; VariantName = "[No Variations]"
Change component parameters (AddParameter): Name = "ComponentLink6Description"; Value = "https://datasheet.octopart.com:443/CL21B104KBCNNNC-Samsung-Electro-Mechanics-datasheet-81462175.pdf?src-supplier=Future+Electronics"; VariantName = "[No Variations]"
Change component parameters (AddParameter): Name = "ComponentLink6URL"; Value = "https://datasheet.octopart.com:443/CL21B104KBCNNNC-Samsung-Electro-Mechanics-datasheet-81462175.pdf?src-supplier=Future+Electronics"; VariantName = "[No Variations]"
Change component parameters (AddParameter): Name = "ComponentLink7Description"; Value = "https://datasheet.octopart.com:443/CL21B104KBCNNNC-Samsung-datasheet-42485244.pdf?src-supplier=Future+Electronics"; VariantName = "[No Variations]"
Change component parameters (AddParameter): Name = "ComponentLink7URL"; Value = "https://datasheet.octopart.com:443/CL21B104KBCNNNC-Samsung-datasheet-42485244.pdf?src-supplier=Future+Electronics"; VariantName = "[No Variations]"
Change component parameters (AddParameter): Name = "ComponentLink8Description"; Value = "https://datasheet.octopart.com:443/CL21B104KBCNNNC-Samsung-Electro-Mechanics-datasheet-149045937.pdf?src-supplier=Future+Electronics"; VariantName = "[No Variations]"
Change component parameters (AddParameter): Name = "ComponentLink8URL"; Value = "https://datasheet.octopart.com:443/CL21B104KBCNNNC-Samsung-Electro-Mechanics-datasheet-149045937.pdf?src-supplier=Future+Electronics"; VariantName = "[No Variations]"
Change component parameters (AddParameter): Name = "ComponentLink9Description"; Value = "https://datasheet.octopart.com:443/CL21B104KBCNNNC-Samsung-datasheet-8326407.pdf?src-supplier=TME"; VariantName = "[No Variations]"
Change component parameters (AddParameter): Name = "ComponentLink9URL"; Value = "https://datasheet.octopart.com:443/CL21B104KBCNNNC-Samsung-datasheet-8326407.pdf?src-supplier=TME"; VariantName = "[No Variations]"
Change component parameters (AddParameter): Name = "Contact Plating"; Value = "Tin"; VariantName = "[No Variations]"
Change component parameters (AddParameter): Name = "Depth"; Value = "1.25mm"; VariantName = "[No Variations]"
Change component parameters (AddParameter): Name = "Dielectric"; Value = "X7R"; VariantName = "[No Variations]"
Change component parameters (AddParameter): Name = "Dielectric Material"; Value = "Ceramic"; VariantName = "[No Variations]"
Change component parameters (AddParameter): Name = "Height"; Value = "950µm"; VariantName = "[No Variations]"
Change component parameters (AddParameter): Name = "LCSC"; Value = "C1711"; VariantName = "[No Variations]"
Change component parameters (AddParameter): Name = "Lead Free"; Value = "Lead Free"; VariantName = "[No Variations]"
Change component parameters (AddParameter): Name = "Length"; Value = "2mm"; VariantName = "[No Variations]"
Change component parameters (AddParameter): Name = "Lifecycle Status"; Value = "Production"; VariantName = "[No Variations]"
Change component parameters (AddParameter): Name = "Manufacturer"; Value = "Samsung Electro-Mechanics"; VariantName = "[No Variations]"
Change component parameters (AddParameter): Name = "Manufacturer Part Number"; Value = "CL21B104KBCNNNC"; VariantName = "[No Variations]"
Change component parameters (AddParameter): Name = "Material"; Value = "Ceramic"; VariantName = "[No Variations]"
Change component parameters (AddParameter): Name = "Max Operating Temperature"; Value = "125°C"; VariantName = "[No Variations]"
Change component parameters (AddParameter): Name = "Min Operating Temperature"; Value = "-55°C"; VariantName = "[No Variations]"
Change component parameters (AddParameter): Name = "Mount"; Value = "Surface Mount"; VariantName = "[No Variations]"
Change component parameters (AddParameter): Name = "Number of Terminals"; Value = "2"; VariantName = "[No Variations]"
Change component parameters (AddParameter): Name = "Pricing 1"; Value = "4000=0,0047, 8000=0,00468, 16000=0,00466, 32000=0,00463, 64000=0,00461 (USD)"; VariantName = "[No Variations]"
Change component parameters (AddParameter): Name = "Radiation Hardening"; Value = "No"; VariantName = "[No Variations]"
Change component parameters (AddParameter): Name = "REACH SVHC"; Value = "Yes"; VariantName = "[No Variations]"
Change component parameters (AddParameter): Name = "RoHS"; Value = "Compliant"; VariantName = "[No Variations]"
Change component parameters (AddParameter): Name = "Schedule B"; Value = "8532240020, 8532240020|8532240020, 8532240020|8532240020|8532240020, 8532240020|8532240020|8532240020|8532240020"; VariantName = "[No Variations]"
Change component parameters (AddParameter): Name = "Stock 1"; Value = "2653700"; VariantName = "[No Variations]"
Change component parameters (AddParameter): Name = "Supplier 1"; Value = "Avnet"; VariantName = "[No Variations]"
Change component parameters (AddParameter): Name = "Supplier Part Number 1"; Value = "CL21B104KBCNNNC"; VariantName = "[No Variations]"
Change component parameters (AddParameter): Name = "Thickness"; Value = "939.8µm"; VariantName = "[No Variations]"
Change component parameters (AddParameter): Name = "Tolerance"; Value = "10%"; VariantName = "[No Variations]"
Change component parameters (AddParameter): Name = "Voltage"; Value = "50V"; VariantName = "[No Variations]"
Change component parameters (AddParameter): Name = "Voltage Rating"; Value = "50V"; VariantName = "[No Variations]"
Change component parameters (AddParameter): Name = "Voltage Rating (DC)"; Value = "50V"; VariantName = "[No Variations]"
Change component parameters (AddParameter): Name = "Width"; Value = "1.25mm"; VariantName = "[No Variations]"
Change component parameters: Designator = "C12" ("C12"); Footprint = "100nFCapacitor"; UniqueID = "\ZIUWBPUZ" ("\ZIUWBPUZ")
Change component parameters (AddParameter): Name = "Capacitance"; Value = "100nF"; VariantName = "[No Variations]"
Change component parameters (AddParameter): Name = "Case Code (Imperial)"; Value = "0805"; VariantName = "[No Variations]"
Change component parameters (AddParameter): Name = "Case Code (Metric)"; Value = "2012"; VariantName = "[No Variations]"
Change component parameters (AddParameter): Name = "Case/Package"; Value = "0805"; VariantName = "[No Variations]"
Change component parameters (AddParameter): Name = "Category"; Value = "Ceramic Capacitors"; VariantName = "[No Variations]"
Change component parameters (AddParameter): Name = "China RoHS"; Value = "Compliant"; VariantName = "[No Variations]"
Change component parameters (AddParameter): Name = "ComponentLink1Description"; Value = "https://datasheet.octopart.com:443/CL21B104KBCNNNC-Samsung-Electro-Mechanics-datasheet-137745078.pdf?src-supplier=IHS"; VariantName = "[No Variations]"
Change component parameters (AddParameter): Name = "ComponentLink1URL"; Value = "https://datasheet.octopart.com:443/CL21B104KBCNNNC-Samsung-Electro-Mechanics-datasheet-137745078.pdf?src-supplier=IHS"; VariantName = "[No Variations]"
Change component parameters (AddParameter): Name = "ComponentLink2Description"; Value = "https://datasheet.octopart.com/CL21B104KBCNNNC-Samsung-Electro-Mechanics-datasheet-8324245.pdf"; VariantName = "[No Variations]"
Change component parameters (AddParameter): Name = "ComponentLink2URL"; Value = "https://datasheet.octopart.com/CL21B104KBCNNNC-Samsung-Electro-Mechanics-datasheet-8324245.pdf"; VariantName = "[No Variations]"
Change component parameters (AddParameter): Name = "ComponentLink3Description"; Value = "https://datasheet.octopart.com/CL21B104KBCNNNC-Samsung-Electro-Mechanics-datasheet-97040617.pdf"; VariantName = "[No Variations]"
Change component parameters (AddParameter): Name = "ComponentLink3URL"; Value = "https://datasheet.octopart.com/CL21B104KBCNNNC-Samsung-Electro-Mechanics-datasheet-97040617.pdf"; VariantName = "[No Variations]"
Change component parameters (AddParameter): Name = "ComponentLink4Description"; Value = "https://datasheet.octopart.com:443/CL21B104KBCNNNC-Samsung-Electro-Mechanics-datasheet-11548950.pdf?src-supplier=Future+Electronics"; VariantName = "[No Variations]"
Change component parameters (AddParameter): Name = "ComponentLink4URL"; Value = "https://datasheet.octopart.com:443/CL21B104KBCNNNC-Samsung-Electro-Mechanics-datasheet-11548950.pdf?src-supplier=Future+Electronics"; VariantName = "[No Variations]"
Change component parameters (AddParameter): Name = "ComponentLink5Description"; Value = "https://datasheet.octopart.com:443/CL21B104KBCNNNC-Samsung-Electro-Mechanics-datasheet-116891032.pdf?src-supplier=Future+Electronics"; VariantName = "[No Variations]"
Change component parameters (AddParameter): Name = "ComponentLink5URL"; Value = "https://datasheet.octopart.com:443/CL21B104KBCNNNC-Samsung-Electro-Mechanics-datasheet-116891032.pdf?src-supplier=Future+Electronics"; VariantName = "[No Variations]"
Change component parameters (AddParameter): Name = "ComponentLink6Description"; Value = "https://datasheet.octopart.com:443/CL21B104KBCNNNC-Samsung-Electro-Mechanics-datasheet-81462175.pdf?src-supplier=Future+Electronics"; VariantName = "[No Variations]"
Change component parameters (AddParameter): Name = "ComponentLink6URL"; Value = "https://datasheet.octopart.com:443/CL21B104KBCNNNC-Samsung-Electro-Mechanics-datasheet-81462175.pdf?src-supplier=Future+Electronics"; VariantName = "[No Variations]"
Change component parameters (AddParameter): Name = "ComponentLink7Description"; Value = "https://datasheet.octopart.com:443/CL21B104KBCNNNC-Samsung-datasheet-42485244.pdf?src-supplier=Future+Electronics"; VariantName = "[No Variations]"
Change component parameters (AddParameter): Name = "ComponentLink7URL"; Value = "https://datasheet.octopart.com:443/CL21B104KBCNNNC-Samsung-datasheet-42485244.pdf?src-supplier=Future+Electronics"; VariantName = "[No Variations]"
Change component parameters (AddParameter): Name = "ComponentLink8Description"; Value = "https://datasheet.octopart.com:443/CL21B104KBCNNNC-Samsung-Electro-Mechanics-datasheet-149045937.pdf?src-supplier=Future+Electronics"; VariantName = "[No Variations]"
Change component parameters (AddParameter): Name = "ComponentLink8URL"; Value = "https://datasheet.octopart.com:443/CL21B104KBCNNNC-Samsung-Electro-Mechanics-datasheet-149045937.pdf?src-supplier=Future+Electronics"; VariantName = "[No Variations]"
Change component parameters (AddParameter): Name = "ComponentLink9Description"; Value = "https://datasheet.octopart.com:443/CL21B104KBCNNNC-Samsung-datasheet-8326407.pdf?src-supplier=TME"; VariantName = "[No Variations]"
Change component parameters (AddParameter): Name = "ComponentLink9URL"; Value = "https://datasheet.octopart.com:443/CL21B104KBCNNNC-Samsung-datasheet-8326407.pdf?src-supplier=TME"; VariantName = "[No Variations]"
Change component parameters (AddParameter): Name = "Contact Plating"; Value = "Tin"; VariantName = "[No Variations]"
Change component parameters (AddParameter): Name = "Depth"; Value = "1.25mm"; VariantName = "[No Variations]"
Change component parameters (AddParameter): Name = "Dielectric"; Value = "X7R"; VariantName = "[No Variations]"
Change component parameters (AddParameter): Name = "Dielectric Material"; Value = "Ceramic"; VariantName = "[No Variations]"
Change component parameters (AddParameter): Name = "Height"; Value = "950µm"; VariantName = "[No Variations]"
Change component parameters (AddParameter): Name = "LCSC"; Value = "C1711"; VariantName = "[No Variations]"
Change component parameters (AddParameter): Name = "Lead Free"; Value = "Lead Free"; VariantName = "[No Variations]"
Change component parameters (AddParameter): Name = "Length"; Value = "2mm"; VariantName = "[No Variations]"
Change component parameters (AddParameter): Name = "Lifecycle Status"; Value = "Production"; VariantName = "[No Variations]"
Change component parameters (AddParameter): Name = "Manufacturer"; Value = "Samsung Electro-Mechanics"; VariantName = "[No Variations]"
Change component parameters (AddParameter): Name = "Manufacturer Part Number"; Value = "CL21B104KBCNNNC"; VariantName = "[No Variations]"
Change component parameters (AddParameter): Name = "Material"; Value = "Ceramic"; VariantName = "[No Variations]"
Change component parameters (AddParameter): Name = "Max Operating Temperature"; Value = "125°C"; VariantName = "[No Variations]"
Change component parameters (AddParameter): Name = "Min Operating Temperature"; Value = "-55°C"; VariantName = "[No Variations]"
Change component parameters (AddParameter): Name = "Mount"; Value = "Surface Mount"; VariantName = "[No Variations]"
Change component parameters (AddParameter): Name = "Number of Terminals"; Value = "2"; VariantName = "[No Variations]"
Change component parameters (AddParameter): Name = "Pricing 1"; Value = "4000=0,0047, 8000=0,00468, 16000=0,00466, 32000=0,00463, 64000=0,00461 (USD)"; VariantName = "[No Variations]"
Change component parameters (AddParameter): Name = "Radiation Hardening"; Value = "No"; VariantName = "[No Variations]"
Change component parameters (AddParameter): Name = "REACH SVHC"; Value = "Yes"; VariantName = "[No Variations]"
Change component parameters (AddParameter): Name = "RoHS"; Value = "Compliant"; VariantName = "[No Variations]"
Change component parameters (AddParameter): Name = "Schedule B"; Value = "8532240020, 8532240020|8532240020, 8532240020|8532240020|8532240020, 8532240020|8532240020|8532240020|8532240020"; VariantName = "[No Variations]"
Change component parameters (AddParameter): Name = "Stock 1"; Value = "2653700"; VariantName = "[No Variations]"
Change component parameters (AddParameter): Name = "Supplier 1"; Value = "Avnet"; VariantName = "[No Variations]"
Change component parameters (AddParameter): Name = "Supplier Part Number 1"; Value = "CL21B104KBCNNNC"; VariantName = "[No Variations]"
Change component parameters (AddParameter): Name = "Thickness"; Value = "939.8µm"; VariantName = "[No Variations]"
Change component parameters (AddParameter): Name = "Tolerance"; Value = "10%"; VariantName = "[No Variations]"
Change component parameters (AddParameter): Name = "Voltage"; Value = "50V"; VariantName = "[No Variations]"
Change component parameters (AddParameter): Name = "Voltage Rating"; Value = "50V"; VariantName = "[No Variations]"
Change component parameters (AddParameter): Name = "Voltage Rating (DC)"; Value = "50V"; VariantName = "[No Variations]"
Change component parameters (AddParameter): Name = "Width"; Value = "1.25mm"; VariantName = "[No Variations]"
Change component parameters: Designator = "P3" ("P3"); Footprint = "CONECTOR6PINOS2LINHAS"; UniqueID = "\PLVRXJPQ" ("\PLVRXJPQ")
Change component parameters (AddParameter): Name = "Category"; Value = "Headers and Wire Housings"; VariantName = "[No Variations]"
Change component parameters (AddParameter): Name = "China RoHS"; Value = "Compliant"; VariantName = "[No Variations]"
Change component parameters (AddParameter): Name = "ComponentLink1Description"; Value = "https://datasheet.octopart.com:443/90131-0763-Molex-datasheet-141422385.pdf?src-supplier=IHS"; VariantName = "[No Variations]"
Change component parameters (AddParameter): Name = "ComponentLink1URL"; Value = "https://datasheet.octopart.com:443/90131-0763-Molex-datasheet-141422385.pdf?src-supplier=IHS"; VariantName = "[No Variations]"
Change component parameters (AddParameter): Name = "ComponentLink2Description"; Value = "https://datasheet.octopart.com:443/90131-0763-Molex-datasheet-13786679.pdf?src-supplier=Sager+Electronics"; VariantName = "[No Variations]"
Change component parameters (AddParameter): Name = "ComponentLink2URL"; Value = "https://datasheet.octopart.com:443/90131-0763-Molex-datasheet-13786679.pdf?src-supplier=Sager+Electronics"; VariantName = "[No Variations]"
Change component parameters (AddParameter): Name = "ComponentLink3Description"; Value = "https://datasheet.octopart.com:443/0901310763-Molex-datasheet-158267589.pdf?src-supplier=Sager+Electronics"; VariantName = "[No Variations]"
Change component parameters (AddParameter): Name = "ComponentLink3URL"; Value = "https://datasheet.octopart.com:443/0901310763-Molex-datasheet-158267589.pdf?src-supplier=Sager+Electronics"; VariantName = "[No Variations]"
Change component parameters (AddParameter): Name = "ComponentLink4Description"; Value = "https://datasheet.octopart.com:443/90131-0763-Molex-datasheet-101584004.pdf?src-supplier=element14+APAC"; VariantName = "[No Variations]"
Change component parameters (AddParameter): Name = "ComponentLink4URL"; Value = "https://datasheet.octopart.com:443/90131-0763-Molex-datasheet-101584004.pdf?src-supplier=element14+APAC"; VariantName = "[No Variations]"
Change component parameters (AddParameter): Name = "ComponentLink5Description"; Value = "https://datasheet.octopart.com:443/90131-0763-Molex-datasheet-154760981.pdf?src-supplier=Master+Electronics"; VariantName = "[No Variations]"
Change component parameters (AddParameter): Name = "ComponentLink5URL"; Value = "https://datasheet.octopart.com:443/90131-0763-Molex-datasheet-154760981.pdf?src-supplier=Master+Electronics"; VariantName = "[No Variations]"
Change component parameters (AddParameter): Name = "ComponentLink6Description"; Value = "https://datasheet.octopart.com:443/90131-0763-Molex-datasheet-140189868.pdf?src-supplier=RS+(Formerly+Allied+Electronics)"; VariantName = "[No Variations]"
Change component parameters (AddParameter): Name = "ComponentLink6URL"; Value = "https://datasheet.octopart.com:443/90131-0763-Molex-datasheet-140189868.pdf?src-supplier=RS+(Formerly+Allied+Electronics)"; VariantName = "[No Variations]"
Change component parameters (AddParameter): Name = "ComponentLink7Description"; Value = "https://datasheet.octopart.com:443/90131-0763-Molex-datasheet-120158967.pdf?src-supplier=RS+(Formerly+Allied+Electronics)"; VariantName = "[No Variations]"
Change component parameters (AddParameter): Name = "ComponentLink7URL"; Value = "https://datasheet.octopart.com:443/90131-0763-Molex-datasheet-120158967.pdf?src-supplier=RS+(Formerly+Allied+Electronics)"; VariantName = "[No Variations]"
Change component parameters (AddParameter): Name = "ComponentLink8Description"; Value = "https://datasheet.octopart.com:443/90131-0763-Molex-datasheet-34442414.pdf?src-supplier=RS+(Formerly+Allied+Electronics)"; VariantName = "[No Variations]"
Change component parameters (AddParameter): Name = "ComponentLink8URL"; Value = "https://datasheet.octopart.com:443/90131-0763-Molex-datasheet-34442414.pdf?src-supplier=RS+(Formerly+Allied+Electronics)"; VariantName = "[No Variations]"
Change component parameters (AddParameter): Name = "ComponentLink9Description"; Value = "https://datasheet.octopart.com:443/90131-0763-Molex-datasheet-62106567.pdf?src-supplier=Electro+Sonic"; VariantName = "[No Variations]"
Change component parameters (AddParameter): Name = "ComponentLink9URL"; Value = "https://datasheet.octopart.com:443/90131-0763-Molex-datasheet-62106567.pdf?src-supplier=Electro+Sonic"; VariantName = "[No Variations]"
Change component parameters (AddParameter): Name = "ComponentLink10Description"; Value = "https://datasheet.octopart.com:443/90131-0763-Molex-datasheet-37173065.pdf?src-supplier=Electro+Sonic"; VariantName = "[No Variations]"
Change component parameters (AddParameter): Name = "ComponentLink10URL"; Value = "https://datasheet.octopart.com:443/90131-0763-Molex-datasheet-37173065.pdf?src-supplier=Electro+Sonic"; VariantName = "[No Variations]"
Change component parameters (AddParameter): Name = "ComponentLink11Description"; Value = "https://datasheet.octopart.com:443/90131-0763-Molex-datasheet-23711474.pdf?src-supplier=Electro+Sonic"; VariantName = "[No Variations]"
Change component parameters (AddParameter): Name = "ComponentLink11URL"; Value = "https://datasheet.octopart.com:443/90131-0763-Molex-datasheet-23711474.pdf?src-supplier=Electro+Sonic"; VariantName = "[No Variations]"
Change component parameters (AddParameter): Name = "ComponentLink12Description"; Value = "https://datasheet.octopart.com:443/90131-0763-Molex-datasheet-33004657.pdf?src-supplier=Newark"; VariantName = "[No Variations]"
Change component parameters (AddParameter): Name = "ComponentLink12URL"; Value = "https://datasheet.octopart.com:443/90131-0763-Molex-datasheet-33004657.pdf?src-supplier=Newark"; VariantName = "[No Variations]"
Change component parameters (AddParameter): Name = "ComponentLink13Description"; Value = "https://datasheet.octopart.com:443/90131-0763-Molex-datasheet-13548877.pdf?src-supplier=Farnell"; VariantName = "[No Variations]"
Change component parameters (AddParameter): Name = "ComponentLink13URL"; Value = "https://datasheet.octopart.com:443/90131-0763-Molex-datasheet-13548877.pdf?src-supplier=Farnell"; VariantName = "[No Variations]"
Change component parameters (AddParameter): Name = "ComponentLink14Description"; Value = "https://datasheet.octopart.com:443/90131-0763-Molex-datasheet-10978908.pdf?src-supplier=Farnell"; VariantName = "[No Variations]"
Change component parameters (AddParameter): Name = "ComponentLink14URL"; Value = "https://datasheet.octopart.com:443/90131-0763-Molex-datasheet-10978908.pdf?src-supplier=Farnell"; VariantName = "[No Variations]"
Change component parameters (AddParameter): Name = "ComponentLink15Description"; Value = "https://datasheet.octopart.com:443/90131-0763-Molex-datasheet-531206.pdf?src-supplier=Farnell"; VariantName = "[No Variations]"
Change component parameters (AddParameter): Name = "ComponentLink15URL"; Value = "https://datasheet.octopart.com:443/90131-0763-Molex-datasheet-531206.pdf?src-supplier=Farnell"; VariantName = "[No Variations]"
Change component parameters (AddParameter): Name = "ComponentLink16Description"; Value = "https://datasheet.octopart.com:443/90131-0763-Molex-datasheet-5392624.pdf?src-supplier=Verical"; VariantName = "[No Variations]"
Change component parameters (AddParameter): Name = "ComponentLink16URL"; Value = "https://datasheet.octopart.com:443/90131-0763-Molex-datasheet-5392624.pdf?src-supplier=Verical"; VariantName = "[No Variations]"
Change component parameters (AddParameter): Name = "ComponentLink17Description"; Value = "https://datasheet.octopart.com:443/90131-0763-Molex-datasheet-124887.pdf?src-supplier=DigiKey"; VariantName = "[No Variations]"
Change component parameters (AddParameter): Name = "ComponentLink17URL"; Value = "https://datasheet.octopart.com:443/90131-0763-Molex-datasheet-124887.pdf?src-supplier=DigiKey"; VariantName = "[No Variations]"
Change component parameters (AddParameter): Name = "ComponentLink18Description"; Value = "http://sigma.octopart.com:80/conflict_mineral_statement/Molex-company-72.pdf?src-supplier=Compliance+Statements"; VariantName = "[No Variations]"
Change component parameters (AddParameter): Name = "ComponentLink18URL"; Value = "http://sigma.octopart.com:80/conflict_mineral_statement/Molex-company-72.pdf?src-supplier=Compliance+Statements"; VariantName = "[No Variations]"
Change component parameters (AddParameter): Name = "ComponentLink19Description"; Value = "http://sigma.octopart.com:80/rohs_statement/Molex-company-73.pdf?src-supplier=Compliance+Statements"; VariantName = "[No Variations]"
Change component parameters (AddParameter): Name = "ComponentLink19URL"; Value = "http://sigma.octopart.com:80/rohs_statement/Molex-company-73.pdf?src-supplier=Compliance+Statements"; VariantName = "[No Variations]"
Change component parameters (AddParameter): Name = "ComponentLink20Description"; Value = "http://sigma.octopart.com:80/reach_statement/Molex-company-74.pdf?src-supplier=Compliance+Statements"; VariantName = "[No Variations]"
Change component parameters (AddParameter): Name = "ComponentLink20URL"; Value = "http://sigma.octopart.com:80/reach_statement/Molex-company-74.pdf?src-supplier=Compliance+Statements"; VariantName = "[No Variations]"
Change component parameters (AddParameter): Name = "Contact Gender"; Value = "Male"; VariantName = "[No Variations]"
Change component parameters (AddParameter): Name = "Contact Material"; Value = "Gold, Nickel"; VariantName = "[No Variations]"
Change component parameters (AddParameter): Name = "Contact Plating"; Value = "Gold"; VariantName = "[No Variations]"
Change component parameters (AddParameter): Name = "Contact Resistance"; Value = "20mO"; VariantName = "[No Variations]"
Change component parameters (AddParameter): Name = "Country of Origin"; Value = "SG"; VariantName = "[No Variations]"
Change component parameters (AddParameter): Name = "Current Rating"; Value = "3A"; VariantName = "[No Variations]"
Change component parameters (AddParameter): Name = "Gender"; Value = "Male"; VariantName = "[No Variations]"
Change component parameters (AddParameter): Name = "Height"; Value = "9.65mm"; VariantName = "[No Variations]"
Change component parameters (AddParameter): Name = "Housing Color"; Value = "Black"; VariantName = "[No Variations]"
Change component parameters (AddParameter): Name = "Housing Material"; Value = "Polyester"; VariantName = "[No Variations]"
Change component parameters (AddParameter): Name = "Insulation Resistance"; Value = "5GO"; VariantName = "[No Variations]"
Change component parameters (AddParameter): Name = "LCSC"; Value = "C588698"; VariantName = "[No Variations]"
Change component parameters (AddParameter): Name = "Lead Free"; Value = "Lead Free"; VariantName = "[No Variations]"
Change component parameters (AddParameter): Name = "Lead Pitch"; Value = "2.54mm"; VariantName = "[No Variations]"
Change component parameters (AddParameter): Name = "Lifecycle Status"; Value = "Production"; VariantName = "[No Variations]"
Change component parameters (AddParameter): Name = "Manufacturer"; Value = "Molex"; VariantName = "[No Variations]"
Change component parameters (AddParameter): Name = "Manufacturer Lifecycle Status"; Value = "ACTIVE"; VariantName = "[No Variations]"
Change component parameters (AddParameter): Name = "Manufacturer Part Number"; Value = "90131-0763"; VariantName = "[No Variations]"
Change component parameters (AddParameter): Name = "Material"; Value = "Glass, Polyester"; VariantName = "[No Variations]"
Change component parameters (AddParameter): Name = "Max Operating Temperature"; Value = "125°C"; VariantName = "[No Variations]"
Change component parameters (AddParameter): Name = "Min Operating Temperature"; Value = "-55°C"; VariantName = "[No Variations]"
Change component parameters (AddParameter): Name = "Mounting Technology"; Value = "Through Hole"; VariantName = "[No Variations]"
Change component parameters (AddParameter): Name = "Number of Circuits"; Value = "6"; VariantName = "[No Variations]"
Change component parameters (AddParameter): Name = "Number of Contacts"; Value = "6"; VariantName = "[No Variations]"
Change component parameters (AddParameter): Name = "Number of Poles"; Value = "6"; VariantName = "[No Variations]"
Change component parameters (AddParameter): Name = "Number of Positions"; Value = "6"; VariantName = "[No Variations]"
Change component parameters (AddParameter): Name = "Number of Rows"; Value = "2"; VariantName = "[No Variations]"
Change component parameters (AddParameter): Name = "Operating Force"; Value = "973mN"; VariantName = "[No Variations]"
Change component parameters (AddParameter): Name = "Orientation"; Value = "Vertical"; VariantName = "[No Variations]"
Change component parameters (AddParameter): Name = "Pins"; Value = "6"; VariantName = "[No Variations]"
Change component parameters (AddParameter): Name = "Pitch"; Value = "2.54mm"; VariantName = "[No Variations]"
Change component parameters (AddParameter): Name = "Plating"; Value = "Tin"; VariantName = "[No Variations]"
Change component parameters (AddParameter): Name = "Plating Thickness"; Value = "381nm"; VariantName = "[No Variations]"
Change component parameters (AddParameter): Name = "Pricing"; Value = "1=1,65, 10=1,4, 100=1,1895, 800=1,0271, 1600=0,97808, 5600=0,89539, 10400=0,85718 (USD)"; VariantName = "[No Variations]"
Change component parameters (AddParameter): Name = "Radiation Hardening"; Value = "No"; VariantName = "[No Variations]"
Change component parameters (AddParameter): Name = "REACH SVHC"; Value = "Yes"; VariantName = "[No Variations]"
Change component parameters (AddParameter): Name = "RoHS"; Value = "Compliant"; VariantName = "[No Variations]"
Change component parameters (AddParameter): Name = "Row Spacing"; Value = "2.54mm"; VariantName = "[No Variations]"
Change component parameters (AddParameter): Name = "Schedule B"; Value = "8536694040, 8536694040|8536694040|8536694040|8536694040|8536694040|8536694040|8536694040|8536694040|8536694040|8536694040|8536694040|8536694040|8536694040|8536694040|8536694040|8536694040|8536694040|8536694040|8536694040|8536694040|8536694040|8536694040|8536694040|85"; VariantName = "[No Variations]"
Change component parameters (AddParameter): Name = "Stock"; Value = "9119"; VariantName = "[No Variations]"
Change component parameters (AddParameter): Name = "Supplier"; Value = "DigiKey"; VariantName = "[No Variations]"
Change component parameters (AddParameter): Name = "Supplier Part Number"; Value = "WM8139-ND"; VariantName = "[No Variations]"
Change component parameters (AddParameter): Name = "Terminal Pitch"; Value = "2.54mm"; VariantName = "[No Variations]"
Change component parameters (AddParameter): Name = "Termination"; Value = "Through Hole"; VariantName = "[No Variations]"
Change component parameters (AddParameter): Name = "Voltage Rating"; Value = "350V"; VariantName = "[No Variations]"
Change component parameters (AddParameter): Name = "Voltage Rating (AC)"; Value = "350V"; VariantName = "[No Variations]"
Change component parameters (AddParameter): Name = "Voltage Rating (DC)"; Value = "350V"; VariantName = "[No Variations]"
Change component parameters (AddParameter): Name = "Working Voltage"; Value = "350V"; VariantName = "[No Variations]"
Change component parameters: Designator = "Q1" ("Q1"); Footprint = "MOSFET"; UniqueID = "\HKTUFIWX" ("\HKTUFIWX")
Change component parameters (AddParameter): Name = "Case/Package"; Value = "SOT-23"; VariantName = "[No Variations]"
Change component parameters (AddParameter): Name = "Category"; Value = "MOSFETs"; VariantName = "[No Variations]"
Change component parameters (AddParameter): Name = "ComponentLink1Description"; Value = "https://datasheet.octopart.com:443/IRLML2502TRPBF-Infineon-datasheet-34171437.pdf?src-supplier=IHS"; VariantName = "[No Variations]"
Change component parameters (AddParameter): Name = "ComponentLink1URL"; Value = "https://datasheet.octopart.com:443/IRLML2502TRPBF-Infineon-datasheet-34171437.pdf?src-supplier=IHS"; VariantName = "[No Variations]"
Change component parameters (AddParameter): Name = "ComponentLink2Description"; Value = "https://datasheet.octopart.com:443/IRLML2502-International-Rectifier-datasheet-180124963.pdf?src-supplier=IHS"; VariantName = "[No Variations]"
Change component parameters (AddParameter): Name = "ComponentLink2URL"; Value = "https://datasheet.octopart.com:443/IRLML2502-International-Rectifier-datasheet-180124963.pdf?src-supplier=IHS"; VariantName = "[No Variations]"
Change component parameters (AddParameter): Name = "ComponentLink3Description"; Value = "https://datasheet.octopart.com:443/IRLML2502TRPBF-Infineon-datasheet-180073321.pdf?src-supplier=Newark"; VariantName = "[No Variations]"
Change component parameters (AddParameter): Name = "ComponentLink3URL"; Value = "https://datasheet.octopart.com:443/IRLML2502TRPBF-Infineon-datasheet-180073321.pdf?src-supplier=Newark"; VariantName = "[No Variations]"
Change component parameters (AddParameter): Name = "ComponentLink4Description"; Value = "https://datasheet.octopart.com:443/IRLML2502TRPBF-International-Rectifier-datasheet-28942.pdf?src-supplier=element14+APAC"; VariantName = "[No Variations]"
Change component parameters (AddParameter): Name = "ComponentLink4URL"; Value = "https://datasheet.octopart.com:443/IRLML2502TRPBF-International-Rectifier-datasheet-28942.pdf?src-supplier=element14+APAC"; VariantName = "[No Variations]"
Change component parameters (AddParameter): Name = "ComponentLink5Description"; Value = "https://datasheet.octopart.com:443/IRLML2502TRPBF-Infineon-datasheet-10898080.pdf?src-supplier=element14+APAC"; VariantName = "[No Variations]"
Change component parameters (AddParameter): Name = "ComponentLink5URL"; Value = "https://datasheet.octopart.com:443/IRLML2502TRPBF-Infineon-datasheet-10898080.pdf?src-supplier=element14+APAC"; VariantName = "[No Variations]"
Change component parameters (AddParameter): Name = "ComponentLink6Description"; Value = "https://datasheet.octopart.com:443/IRLML2502TRPBF-Infineon-datasheet-7576328.pdf?src-supplier=element14+APAC"; VariantName = "[No Variations]"
Change component parameters (AddParameter): Name = "ComponentLink6URL"; Value = "https://datasheet.octopart.com:443/IRLML2502TRPBF-Infineon-datasheet-7576328.pdf?src-supplier=element14+APAC"; VariantName = "[No Variations]"
Change component parameters (AddParameter): Name = "ComponentLink7Description"; Value = "https://datasheet.octopart.com:443/IRLML2502TRPBF-International-Rectifier-datasheet-14058069.pdf?src-supplier=iiiC"; VariantName = "[No Variations]"
Change component parameters (AddParameter): Name = "ComponentLink7URL"; Value = "https://datasheet.octopart.com:443/IRLML2502TRPBF-International-Rectifier-datasheet-14058069.pdf?src-supplier=iiiC"; VariantName = "[No Variations]"
Change component parameters (AddParameter): Name = "ComponentLink8Description"; Value = "https://datasheet.octopart.com:443/IRLML2502-International-Rectifier-datasheet-10851050.pdf?src-supplier=iiiC"; VariantName = "[No Variations]"
Change component parameters (AddParameter): Name = "ComponentLink8URL"; Value = "https://datasheet.octopart.com:443/IRLML2502-International-Rectifier-datasheet-10851050.pdf?src-supplier=iiiC"; VariantName = "[No Variations]"
Change component parameters (AddParameter): Name = "ComponentLink9Description"; Value = "https://datasheet.octopart.com:443/IRLML2502TRPBF-Infineon-datasheet-9906866.pdf?src-supplier=RS+(Formerly+Allied+Electronics)"; VariantName = "[No Variations]"
Change component parameters (AddParameter): Name = "ComponentLink9URL"; Value = "https://datasheet.octopart.com:443/IRLML2502TRPBF-Infineon-datasheet-9906866.pdf?src-supplier=RS+(Formerly+Allied+Electronics)"; VariantName = "[No Variations]"
Change component parameters (AddParameter): Name = "ComponentLink10Description"; Value = "https://datasheet.octopart.com:443/IRLML2502TRPBF-International-Rectifier-datasheet-10470232.pdf?src-supplier=TME"; VariantName = "[No Variations]"
Change component parameters (AddParameter): Name = "ComponentLink10URL"; Value = "https://datasheet.octopart.com:443/IRLML2502TRPBF-International-Rectifier-datasheet-10470232.pdf?src-supplier=TME"; VariantName = "[No Variations]"
Change component parameters (AddParameter): Name = "ComponentLink11Description"; Value = "https://datasheet.octopart.com:443/IRLML2502TRPBF-International-Rectifier-datasheet-8360198.pdf?src-supplier=Jameco"; VariantName = "[No Variations]"
Change component parameters (AddParameter): Name = "ComponentLink11URL"; Value = "https://datasheet.octopart.com:443/IRLML2502TRPBF-International-Rectifier-datasheet-8360198.pdf?src-supplier=Jameco"; VariantName = "[No Variations]"
Change component parameters (AddParameter): Name = "ComponentLink12Description"; Value = "https://datasheet.octopart.com:443/IRLML2502TRPBF-International-Rectifier-datasheet-63679.pdf?src-supplier=Farnell"; VariantName = "[No Variations]"
Change component parameters (AddParameter): Name = "ComponentLink12URL"; Value = "https://datasheet.octopart.com:443/IRLML2502TRPBF-International-Rectifier-datasheet-63679.pdf?src-supplier=Farnell"; VariantName = "[No Variations]"
Change component parameters (AddParameter): Name = "ComponentLink13Description"; Value = "https://datasheet.octopart.com:443/IRLML2502TRPBF-International-Rectifier-datasheet-89315.pdf?src-supplier=DigiKey"; VariantName = "[No Variations]"
Change component parameters (AddParameter): Name = "ComponentLink13URL"; Value = "https://datasheet.octopart.com:443/IRLML2502TRPBF-International-Rectifier-datasheet-89315.pdf?src-supplier=DigiKey"; VariantName = "[No Variations]"
Change component parameters (AddParameter): Name = "ComponentLink14Description"; Value = "http://sigma.octopart.com:80/conflict_mineral_statement/Infineon-company-51.pdf?src-supplier=Compliance+Statements"; VariantName = "[No Variations]"
Change component parameters (AddParameter): Name = "ComponentLink14URL"; Value = "http://sigma.octopart.com:80/conflict_mineral_statement/Infineon-company-51.pdf?src-supplier=Compliance+Statements"; VariantName = "[No Variations]"
Change component parameters (AddParameter): Name = "ComponentLink15Description"; Value = "http://sigma.octopart.com:80/rohs_statement/International-Rectifier-company-54.pdf?src-supplier=Compliance+Statements"; VariantName = "[No Variations]"
Change component parameters (AddParameter): Name = "ComponentLink15URL"; Value = "http://sigma.octopart.com:80/rohs_statement/International-Rectifier-company-54.pdf?src-supplier=Compliance+Statements"; VariantName = "[No Variations]"
Change component parameters (AddParameter): Name = "ComponentLink16Description"; Value = "http://sigma.octopart.com:80/reach_statement/International-Rectifier-company-55.pdf?src-supplier=Compliance+Statements"; VariantName = "[No Variations]"
Change component parameters (AddParameter): Name = "ComponentLink16URL"; Value = "http://sigma.octopart.com:80/reach_statement/International-Rectifier-company-55.pdf?src-supplier=Compliance+Statements"; VariantName = "[No Variations]"
Change component parameters (AddParameter): Name = "Contact Plating"; Value = "Tin"; VariantName = "[No Variations]"
Change component parameters (AddParameter): Name = "Continuous Drain Current (ID)"; Value = "4.2A"; VariantName = "[No Variations]"
Change component parameters (AddParameter): Name = "Current Rating"; Value = "4.2A"; VariantName = "[No Variations]"
Change component parameters (AddParameter): Name = "Drain to Source Breakdown Voltage"; Value = "20V"; VariantName = "[No Variations]"
Change component parameters (AddParameter): Name = "Drain to Source Resistance"; Value = "45mO"; VariantName = "[No Variations]"
Change component parameters (AddParameter): Name = "Drain to Source Voltage (Vdss)"; Value = "20V"; VariantName = "[No Variations]"
Change component parameters (AddParameter): Name = "Dual Supply Voltage"; Value = "20V"; VariantName = "[No Variations]"
Change component parameters (AddParameter): Name = "Element Configuration"; Value = "Single"; VariantName = "[No Variations]"
Change component parameters (AddParameter): Name = "Fall Time"; Value = "26ns"; VariantName = "[No Variations]"
Change component parameters (AddParameter): Name = "Gate to Source Voltage (Vgs)"; Value = "12V"; VariantName = "[No Variations]"
Change component parameters (AddParameter): Name = "Height"; Value = "1.016mm"; VariantName = "[No Variations]"
Change component parameters (AddParameter): Name = "Input Capacitance"; Value = "740pF"; VariantName = "[No Variations]"
Change component parameters (AddParameter): Name = "LCSC"; Value = "C2589"; VariantName = "[No Variations]"
Change component parameters (AddParameter): Name = "Lead Free"; Value = "Lead Free"; VariantName = "[No Variations]"
Change component parameters (AddParameter): Name = "Length"; Value = "2.794mm"; VariantName = "[No Variations]"
Change component parameters (AddParameter): Name = "Lifecycle Status"; Value = "NRND"; VariantName = "[No Variations]"
Change component parameters (AddParameter): Name = "Manufacturer"; Value = "Infineon"; VariantName = "[No Variations]"
Change component parameters (AddParameter): Name = "Manufacturer Package Identifier"; Value = "Micro3™"; VariantName = "[No Variations]"
Change component parameters (AddParameter): Name = "Manufacturer Part Number"; Value = "IRLML2502TRPBF"; VariantName = "[No Variations]"
Change component parameters (AddParameter): Name = "Max Junction Temperature (Tj)"; Value = "150°C"; VariantName = "[No Variations]"
Change component parameters (AddParameter): Name = "Max Operating Temperature"; Value = "150°C"; VariantName = "[No Variations]"
Change component parameters (AddParameter): Name = "Max Power Dissipation"; Value = "1.25W"; VariantName = "[No Variations]"
Change component parameters (AddParameter): Name = "Min Breakdown Voltage"; Value = "20V"; VariantName = "[No Variations]"
Change component parameters (AddParameter): Name = "Min Operating Temperature"; Value = "-55°C"; VariantName = "[No Variations]"
Change component parameters (AddParameter): Name = "Mounting Technology"; Value = "Surface Mount"; VariantName = "[No Variations]"
Change component parameters (AddParameter): Name = "Nominal Vgs"; Value = "1.2V"; VariantName = "[No Variations]"
Change component parameters (AddParameter): Name = "Number of Elements"; Value = "1"; VariantName = "[No Variations]"
Change component parameters (AddParameter): Name = "Number of Terminals"; Value = "3"; VariantName = "[No Variations]"
Change component parameters (AddParameter): Name = "On-State Resistance"; Value = "45mO"; VariantName = "[No Variations]"
Change component parameters (AddParameter): Name = "Package Quantity"; Value = "3000"; VariantName = "[No Variations]"
Change component parameters (AddParameter): Name = "Packaging"; Value = "Tape & Reel"; VariantName = "[No Variations]"
Change component parameters (AddParameter): Name = "Pins"; Value = "3"; VariantName = "[No Variations]"
Change component parameters (AddParameter): Name = "Power Dissipation"; Value = "1.25W"; VariantName = "[No Variations]"
Change component parameters (AddParameter): Name = "Pricing"; Value = "1=0,52, 10=0,323, 100=0,2053, 500=0,15428, 1000=0,13782 (USD)"; VariantName = "[No Variations]"
Change component parameters (AddParameter): Name = "Radiation Hardening"; Value = "No"; VariantName = "[No Variations]"
Change component parameters (AddParameter): Name = "Rds On Max"; Value = "45mO"; VariantName = "[No Variations]"
Change component parameters (AddParameter): Name = "REACH SVHC"; Value = "Yes"; VariantName = "[No Variations]"
Change component parameters (AddParameter): Name = "Rise Time"; Value = "10ns"; VariantName = "[No Variations]"
Change component parameters (AddParameter): Name = "RoHS"; Value = "Compliant"; VariantName = "[No Variations]"
Change component parameters (AddParameter): Name = "Schedule B"; Value = "8541290080, 8541290080|8541290080|8541290080|8541290080|8541290080"; VariantName = "[No Variations]"
Change component parameters (AddParameter): Name = "Stock"; Value = "39178"; VariantName = "[No Variations]"
Change component parameters (AddParameter): Name = "Supplier"; Value = "DigiKey"; VariantName = "[No Variations]"
Change component parameters (AddParameter): Name = "Supplier Part Number"; Value = "IRLML2502TRPBFCT-ND"; VariantName = "[No Variations]"
Change component parameters (AddParameter): Name = "Termination"; Value = "SMD/SMT"; VariantName = "[No Variations]"
Change component parameters (AddParameter): Name = "Threshold Voltage"; Value = "1.2V"; VariantName = "[No Variations]"
Change component parameters (AddParameter): Name = "Turn-Off Delay Time"; Value = "54ns"; VariantName = "[No Variations]"
Change component parameters (AddParameter): Name = "Turn-On Delay Time"; Value = "7.5ns"; VariantName = "[No Variations]"
Change component parameters (AddParameter): Name = "Value"; Value = "45mO"; VariantName = "[No Variations]"
Change component parameters (AddParameter): Name = "Voltage Rating (DC)"; Value = "20V"; VariantName = "[No Variations]"
Change component parameters: Designator = "Q2" ("Q2"); Footprint = "MOSFET"; UniqueID = "\TJWJYVYY" ("\TJWJYVYY")
Change component parameters (AddParameter): Name = "Case/Package"; Value = "SOT-23"; VariantName = "[No Variations]"
Change component parameters (AddParameter): Name = "Category"; Value = "MOSFETs"; VariantName = "[No Variations]"
Change component parameters (AddParameter): Name = "ComponentLink1Description"; Value = "https://datasheet.octopart.com:443/IRLML2502TRPBF-Infineon-datasheet-34171437.pdf?src-supplier=IHS"; VariantName = "[No Variations]"
Change component parameters (AddParameter): Name = "ComponentLink1URL"; Value = "https://datasheet.octopart.com:443/IRLML2502TRPBF-Infineon-datasheet-34171437.pdf?src-supplier=IHS"; VariantName = "[No Variations]"
Change component parameters (AddParameter): Name = "ComponentLink2Description"; Value = "https://datasheet.octopart.com:443/IRLML2502-International-Rectifier-datasheet-180124963.pdf?src-supplier=IHS"; VariantName = "[No Variations]"
Change component parameters (AddParameter): Name = "ComponentLink2URL"; Value = "https://datasheet.octopart.com:443/IRLML2502-International-Rectifier-datasheet-180124963.pdf?src-supplier=IHS"; VariantName = "[No Variations]"
Change component parameters (AddParameter): Name = "ComponentLink3Description"; Value = "https://datasheet.octopart.com:443/IRLML2502TRPBF-Infineon-datasheet-180073321.pdf?src-supplier=Newark"; VariantName = "[No Variations]"
Change component parameters (AddParameter): Name = "ComponentLink3URL"; Value = "https://datasheet.octopart.com:443/IRLML2502TRPBF-Infineon-datasheet-180073321.pdf?src-supplier=Newark"; VariantName = "[No Variations]"
Change component parameters (AddParameter): Name = "ComponentLink4Description"; Value = "https://datasheet.octopart.com:443/IRLML2502TRPBF-International-Rectifier-datasheet-28942.pdf?src-supplier=element14+APAC"; VariantName = "[No Variations]"
Change component parameters (AddParameter): Name = "ComponentLink4URL"; Value = "https://datasheet.octopart.com:443/IRLML2502TRPBF-International-Rectifier-datasheet-28942.pdf?src-supplier=element14+APAC"; VariantName = "[No Variations]"
Change component parameters (AddParameter): Name = "ComponentLink5Description"; Value = "https://datasheet.octopart.com:443/IRLML2502TRPBF-Infineon-datasheet-10898080.pdf?src-supplier=element14+APAC"; VariantName = "[No Variations]"
Change component parameters (AddParameter): Name = "ComponentLink5URL"; Value = "https://datasheet.octopart.com:443/IRLML2502TRPBF-Infineon-datasheet-10898080.pdf?src-supplier=element14+APAC"; VariantName = "[No Variations]"
Change component parameters (AddParameter): Name = "ComponentLink6Description"; Value = "https://datasheet.octopart.com:443/IRLML2502TRPBF-Infineon-datasheet-7576328.pdf?src-supplier=element14+APAC"; VariantName = "[No Variations]"
Change component parameters (AddParameter): Name = "ComponentLink6URL"; Value = "https://datasheet.octopart.com:443/IRLML2502TRPBF-Infineon-datasheet-7576328.pdf?src-supplier=element14+APAC"; VariantName = "[No Variations]"
Change component parameters (AddParameter): Name = "ComponentLink7Description"; Value = "https://datasheet.octopart.com:443/IRLML2502TRPBF-International-Rectifier-datasheet-14058069.pdf?src-supplier=iiiC"; VariantName = "[No Variations]"
Change component parameters (AddParameter): Name = "ComponentLink7URL"; Value = "https://datasheet.octopart.com:443/IRLML2502TRPBF-International-Rectifier-datasheet-14058069.pdf?src-supplier=iiiC"; VariantName = "[No Variations]"
Change component parameters (AddParameter): Name = "ComponentLink8Description"; Value = "https://datasheet.octopart.com:443/IRLML2502-International-Rectifier-datasheet-10851050.pdf?src-supplier=iiiC"; VariantName = "[No Variations]"
Change component parameters (AddParameter): Name = "ComponentLink8URL"; Value = "https://datasheet.octopart.com:443/IRLML2502-International-Rectifier-datasheet-10851050.pdf?src-supplier=iiiC"; VariantName = "[No Variations]"
Change component parameters (AddParameter): Name = "ComponentLink9Description"; Value = "https://datasheet.octopart.com:443/IRLML2502TRPBF-Infineon-datasheet-9906866.pdf?src-supplier=RS+(Formerly+Allied+Electronics)"; VariantName = "[No Variations]"
Change component parameters (AddParameter): Name = "ComponentLink9URL"; Value = "https://datasheet.octopart.com:443/IRLML2502TRPBF-Infineon-datasheet-9906866.pdf?src-supplier=RS+(Formerly+Allied+Electronics)"; VariantName = "[No Variations]"
Change component parameters (AddParameter): Name = "ComponentLink10Description"; Value = "https://datasheet.octopart.com:443/IRLML2502TRPBF-International-Rectifier-datasheet-10470232.pdf?src-supplier=TME"; VariantName = "[No Variations]"
Change component parameters (AddParameter): Name = "ComponentLink10URL"; Value = "https://datasheet.octopart.com:443/IRLML2502TRPBF-International-Rectifier-datasheet-10470232.pdf?src-supplier=TME"; VariantName = "[No Variations]"
Change component parameters (AddParameter): Name = "ComponentLink11Description"; Value = "https://datasheet.octopart.com:443/IRLML2502TRPBF-International-Rectifier-datasheet-8360198.pdf?src-supplier=Jameco"; VariantName = "[No Variations]"
Change component parameters (AddParameter): Name = "ComponentLink11URL"; Value = "https://datasheet.octopart.com:443/IRLML2502TRPBF-International-Rectifier-datasheet-8360198.pdf?src-supplier=Jameco"; VariantName = "[No Variations]"
Change component parameters (AddParameter): Name = "ComponentLink12Description"; Value = "https://datasheet.octopart.com:443/IRLML2502TRPBF-International-Rectifier-datasheet-63679.pdf?src-supplier=Farnell"; VariantName = "[No Variations]"
Change component parameters (AddParameter): Name = "ComponentLink12URL"; Value = "https://datasheet.octopart.com:443/IRLML2502TRPBF-International-Rectifier-datasheet-63679.pdf?src-supplier=Farnell"; VariantName = "[No Variations]"
Change component parameters (AddParameter): Name = "ComponentLink13Description"; Value = "https://datasheet.octopart.com:443/IRLML2502TRPBF-International-Rectifier-datasheet-89315.pdf?src-supplier=DigiKey"; VariantName = "[No Variations]"
Change component parameters (AddParameter): Name = "ComponentLink13URL"; Value = "https://datasheet.octopart.com:443/IRLML2502TRPBF-International-Rectifier-datasheet-89315.pdf?src-supplier=DigiKey"; VariantName = "[No Variations]"
Change component parameters (AddParameter): Name = "ComponentLink14Description"; Value = "http://sigma.octopart.com:80/conflict_mineral_statement/Infineon-company-51.pdf?src-supplier=Compliance+Statements"; VariantName = "[No Variations]"
Change component parameters (AddParameter): Name = "ComponentLink14URL"; Value = "http://sigma.octopart.com:80/conflict_mineral_statement/Infineon-company-51.pdf?src-supplier=Compliance+Statements"; VariantName = "[No Variations]"
Change component parameters (AddParameter): Name = "ComponentLink15Description"; Value = "http://sigma.octopart.com:80/rohs_statement/International-Rectifier-company-54.pdf?src-supplier=Compliance+Statements"; VariantName = "[No Variations]"
Change component parameters (AddParameter): Name = "ComponentLink15URL"; Value = "http://sigma.octopart.com:80/rohs_statement/International-Rectifier-company-54.pdf?src-supplier=Compliance+Statements"; VariantName = "[No Variations]"
Change component parameters (AddParameter): Name = "ComponentLink16Description"; Value = "http://sigma.octopart.com:80/reach_statement/International-Rectifier-company-55.pdf?src-supplier=Compliance+Statements"; VariantName = "[No Variations]"
Change component parameters (AddParameter): Name = "ComponentLink16URL"; Value = "http://sigma.octopart.com:80/reach_statement/International-Rectifier-company-55.pdf?src-supplier=Compliance+Statements"; VariantName = "[No Variations]"
Change component parameters (AddParameter): Name = "Contact Plating"; Value = "Tin"; VariantName = "[No Variations]"
Change component parameters (AddParameter): Name = "Continuous Drain Current (ID)"; Value = "4.2A"; VariantName = "[No Variations]"
Change component parameters (AddParameter): Name = "Current Rating"; Value = "4.2A"; VariantName = "[No Variations]"
Change component parameters (AddParameter): Name = "Drain to Source Breakdown Voltage"; Value = "20V"; VariantName = "[No Variations]"
Change component parameters (AddParameter): Name = "Drain to Source Resistance"; Value = "45mO"; VariantName = "[No Variations]"
Change component parameters (AddParameter): Name = "Drain to Source Voltage (Vdss)"; Value = "20V"; VariantName = "[No Variations]"
Change component parameters (AddParameter): Name = "Dual Supply Voltage"; Value = "20V"; VariantName = "[No Variations]"
Change component parameters (AddParameter): Name = "Element Configuration"; Value = "Single"; VariantName = "[No Variations]"
Change component parameters (AddParameter): Name = "Fall Time"; Value = "26ns"; VariantName = "[No Variations]"
Change component parameters (AddParameter): Name = "Gate to Source Voltage (Vgs)"; Value = "12V"; VariantName = "[No Variations]"
Change component parameters (AddParameter): Name = "Height"; Value = "1.016mm"; VariantName = "[No Variations]"
Change component parameters (AddParameter): Name = "Input Capacitance"; Value = "740pF"; VariantName = "[No Variations]"
Change component parameters (AddParameter): Name = "LCSC"; Value = "C2589"; VariantName = "[No Variations]"
Change component parameters (AddParameter): Name = "Lead Free"; Value = "Lead Free"; VariantName = "[No Variations]"
Change component parameters (AddParameter): Name = "Length"; Value = "2.794mm"; VariantName = "[No Variations]"
Change component parameters (AddParameter): Name = "Lifecycle Status"; Value = "NRND"; VariantName = "[No Variations]"
Change component parameters (AddParameter): Name = "Manufacturer"; Value = "Infineon"; VariantName = "[No Variations]"
Change component parameters (AddParameter): Name = "Manufacturer Package Identifier"; Value = "Micro3™"; VariantName = "[No Variations]"
Change component parameters (AddParameter): Name = "Manufacturer Part Number"; Value = "IRLML2502TRPBF"; VariantName = "[No Variations]"
Change component parameters (AddParameter): Name = "Max Junction Temperature (Tj)"; Value = "150°C"; VariantName = "[No Variations]"
Change component parameters (AddParameter): Name = "Max Operating Temperature"; Value = "150°C"; VariantName = "[No Variations]"
Change component parameters (AddParameter): Name = "Max Power Dissipation"; Value = "1.25W"; VariantName = "[No Variations]"
Change component parameters (AddParameter): Name = "Min Breakdown Voltage"; Value = "20V"; VariantName = "[No Variations]"
Change component parameters (AddParameter): Name = "Min Operating Temperature"; Value = "-55°C"; VariantName = "[No Variations]"
Change component parameters (AddParameter): Name = "Mounting Technology"; Value = "Surface Mount"; VariantName = "[No Variations]"
Change component parameters (AddParameter): Name = "Nominal Vgs"; Value = "1.2V"; VariantName = "[No Variations]"
Change component parameters (AddParameter): Name = "Number of Elements"; Value = "1"; VariantName = "[No Variations]"
Change component parameters (AddParameter): Name = "Number of Terminals"; Value = "3"; VariantName = "[No Variations]"
Change component parameters (AddParameter): Name = "On-State Resistance"; Value = "45mO"; VariantName = "[No Variations]"
Change component parameters (AddParameter): Name = "Package Quantity"; Value = "3000"; VariantName = "[No Variations]"
Change component parameters (AddParameter): Name = "Packaging"; Value = "Tape & Reel"; VariantName = "[No Variations]"
Change component parameters (AddParameter): Name = "Pins"; Value = "3"; VariantName = "[No Variations]"
Change component parameters (AddParameter): Name = "Power Dissipation"; Value = "1.25W"; VariantName = "[No Variations]"
Change component parameters (AddParameter): Name = "Pricing"; Value = "1=0,52, 10=0,323, 100=0,2053, 500=0,15428, 1000=0,13782 (USD)"; VariantName = "[No Variations]"
Change component parameters (AddParameter): Name = "Radiation Hardening"; Value = "No"; VariantName = "[No Variations]"
Change component parameters (AddParameter): Name = "Rds On Max"; Value = "45mO"; VariantName = "[No Variations]"
Change component parameters (AddParameter): Name = "REACH SVHC"; Value = "Yes"; VariantName = "[No Variations]"
Change component parameters (AddParameter): Name = "Rise Time"; Value = "10ns"; VariantName = "[No Variations]"
Change component parameters (AddParameter): Name = "RoHS"; Value = "Compliant"; VariantName = "[No Variations]"
Change component parameters (AddParameter): Name = "Schedule B"; Value = "8541290080, 8541290080|8541290080|8541290080|8541290080|8541290080"; VariantName = "[No Variations]"
Change component parameters (AddParameter): Name = "Stock"; Value = "39178"; VariantName = "[No Variations]"
Change component parameters (AddParameter): Name = "Supplier"; Value = "DigiKey"; VariantName = "[No Variations]"
Change component parameters (AddParameter): Name = "Supplier Part Number"; Value = "IRLML2502TRPBFCT-ND"; VariantName = "[No Variations]"
Change component parameters (AddParameter): Name = "Termination"; Value = "SMD/SMT"; VariantName = "[No Variations]"
Change component parameters (AddParameter): Name = "Threshold Voltage"; Value = "1.2V"; VariantName = "[No Variations]"
Change component parameters (AddParameter): Name = "Turn-Off Delay Time"; Value = "54ns"; VariantName = "[No Variations]"
Change component parameters (AddParameter): Name = "Turn-On Delay Time"; Value = "7.5ns"; VariantName = "[No Variations]"
Change component parameters (AddParameter): Name = "Value"; Value = "45mO"; VariantName = "[No Variations]"
Change component parameters (AddParameter): Name = "Voltage Rating (DC)"; Value = "20V"; VariantName = "[No Variations]"
Change component parameters: Designator = "Q3" ("Q3"); Footprint = "MOSFET"; UniqueID = "\AVRILXTZ" ("\AVRILXTZ")
Change component parameters (AddParameter): Name = "Case/Package"; Value = "SOT-23"; VariantName = "[No Variations]"
Change component parameters (AddParameter): Name = "Category"; Value = "MOSFETs"; VariantName = "[No Variations]"
Change component parameters (AddParameter): Name = "ComponentLink1Description"; Value = "https://datasheet.octopart.com:443/IRLML2502TRPBF-Infineon-datasheet-34171437.pdf?src-supplier=IHS"; VariantName = "[No Variations]"
Change component parameters (AddParameter): Name = "ComponentLink1URL"; Value = "https://datasheet.octopart.com:443/IRLML2502TRPBF-Infineon-datasheet-34171437.pdf?src-supplier=IHS"; VariantName = "[No Variations]"
Change component parameters (AddParameter): Name = "ComponentLink2Description"; Value = "https://datasheet.octopart.com:443/IRLML2502-International-Rectifier-datasheet-180124963.pdf?src-supplier=IHS"; VariantName = "[No Variations]"
Change component parameters (AddParameter): Name = "ComponentLink2URL"; Value = "https://datasheet.octopart.com:443/IRLML2502-International-Rectifier-datasheet-180124963.pdf?src-supplier=IHS"; VariantName = "[No Variations]"
Change component parameters (AddParameter): Name = "ComponentLink3Description"; Value = "https://datasheet.octopart.com:443/IRLML2502TRPBF-Infineon-datasheet-180073321.pdf?src-supplier=Newark"; VariantName = "[No Variations]"
Change component parameters (AddParameter): Name = "ComponentLink3URL"; Value = "https://datasheet.octopart.com:443/IRLML2502TRPBF-Infineon-datasheet-180073321.pdf?src-supplier=Newark"; VariantName = "[No Variations]"
Change component parameters (AddParameter): Name = "ComponentLink4Description"; Value = "https://datasheet.octopart.com:443/IRLML2502TRPBF-International-Rectifier-datasheet-28942.pdf?src-supplier=element14+APAC"; VariantName = "[No Variations]"
Change component parameters (AddParameter): Name = "ComponentLink4URL"; Value = "https://datasheet.octopart.com:443/IRLML2502TRPBF-International-Rectifier-datasheet-28942.pdf?src-supplier=element14+APAC"; VariantName = "[No Variations]"
Change component parameters (AddParameter): Name = "ComponentLink5Description"; Value = "https://datasheet.octopart.com:443/IRLML2502TRPBF-Infineon-datasheet-10898080.pdf?src-supplier=element14+APAC"; VariantName = "[No Variations]"
Change component parameters (AddParameter): Name = "ComponentLink5URL"; Value = "https://datasheet.octopart.com:443/IRLML2502TRPBF-Infineon-datasheet-10898080.pdf?src-supplier=element14+APAC"; VariantName = "[No Variations]"
Change component parameters (AddParameter): Name = "ComponentLink6Description"; Value = "https://datasheet.octopart.com:443/IRLML2502TRPBF-Infineon-datasheet-7576328.pdf?src-supplier=element14+APAC"; VariantName = "[No Variations]"
Change component parameters (AddParameter): Name = "ComponentLink6URL"; Value = "https://datasheet.octopart.com:443/IRLML2502TRPBF-Infineon-datasheet-7576328.pdf?src-supplier=element14+APAC"; VariantName = "[No Variations]"
Change component parameters (AddParameter): Name = "ComponentLink7Description"; Value = "https://datasheet.octopart.com:443/IRLML2502TRPBF-International-Rectifier-datasheet-14058069.pdf?src-supplier=iiiC"; VariantName = "[No Variations]"
Change component parameters (AddParameter): Name = "ComponentLink7URL"; Value = "https://datasheet.octopart.com:443/IRLML2502TRPBF-International-Rectifier-datasheet-14058069.pdf?src-supplier=iiiC"; VariantName = "[No Variations]"
Change component parameters (AddParameter): Name = "ComponentLink8Description"; Value = "https://datasheet.octopart.com:443/IRLML2502-International-Rectifier-datasheet-10851050.pdf?src-supplier=iiiC"; VariantName = "[No Variations]"
Change component parameters (AddParameter): Name = "ComponentLink8URL"; Value = "https://datasheet.octopart.com:443/IRLML2502-International-Rectifier-datasheet-10851050.pdf?src-supplier=iiiC"; VariantName = "[No Variations]"
Change component parameters (AddParameter): Name = "ComponentLink9Description"; Value = "https://datasheet.octopart.com:443/IRLML2502TRPBF-Infineon-datasheet-9906866.pdf?src-supplier=RS+(Formerly+Allied+Electronics)"; VariantName = "[No Variations]"
Change component parameters (AddParameter): Name = "ComponentLink9URL"; Value = "https://datasheet.octopart.com:443/IRLML2502TRPBF-Infineon-datasheet-9906866.pdf?src-supplier=RS+(Formerly+Allied+Electronics)"; VariantName = "[No Variations]"
Change component parameters (AddParameter): Name = "ComponentLink10Description"; Value = "https://datasheet.octopart.com:443/IRLML2502TRPBF-International-Rectifier-datasheet-10470232.pdf?src-supplier=TME"; VariantName = "[No Variations]"
Change component parameters (AddParameter): Name = "ComponentLink10URL"; Value = "https://datasheet.octopart.com:443/IRLML2502TRPBF-International-Rectifier-datasheet-10470232.pdf?src-supplier=TME"; VariantName = "[No Variations]"
Change component parameters (AddParameter): Name = "ComponentLink11Description"; Value = "https://datasheet.octopart.com:443/IRLML2502TRPBF-International-Rectifier-datasheet-8360198.pdf?src-supplier=Jameco"; VariantName = "[No Variations]"
Change component parameters (AddParameter): Name = "ComponentLink11URL"; Value = "https://datasheet.octopart.com:443/IRLML2502TRPBF-International-Rectifier-datasheet-8360198.pdf?src-supplier=Jameco"; VariantName = "[No Variations]"
Change component parameters (AddParameter): Name = "ComponentLink12Description"; Value = "https://datasheet.octopart.com:443/IRLML2502TRPBF-International-Rectifier-datasheet-63679.pdf?src-supplier=Farnell"; VariantName = "[No Variations]"
Change component parameters (AddParameter): Name = "ComponentLink12URL"; Value = "https://datasheet.octopart.com:443/IRLML2502TRPBF-International-Rectifier-datasheet-63679.pdf?src-supplier=Farnell"; VariantName = "[No Variations]"
Change component parameters (AddParameter): Name = "ComponentLink13Description"; Value = "https://datasheet.octopart.com:443/IRLML2502TRPBF-International-Rectifier-datasheet-89315.pdf?src-supplier=DigiKey"; VariantName = "[No Variations]"
Change component parameters (AddParameter): Name = "ComponentLink13URL"; Value = "https://datasheet.octopart.com:443/IRLML2502TRPBF-International-Rectifier-datasheet-89315.pdf?src-supplier=DigiKey"; VariantName = "[No Variations]"
Change component parameters (AddParameter): Name = "ComponentLink14Description"; Value = "http://sigma.octopart.com:80/conflict_mineral_statement/Infineon-company-51.pdf?src-supplier=Compliance+Statements"; VariantName = "[No Variations]"
Change component parameters (AddParameter): Name = "ComponentLink14URL"; Value = "http://sigma.octopart.com:80/conflict_mineral_statement/Infineon-company-51.pdf?src-supplier=Compliance+Statements"; VariantName = "[No Variations]"
Change component parameters (AddParameter): Name = "ComponentLink15Description"; Value = "http://sigma.octopart.com:80/rohs_statement/International-Rectifier-company-54.pdf?src-supplier=Compliance+Statements"; VariantName = "[No Variations]"
Change component parameters (AddParameter): Name = "ComponentLink15URL"; Value = "http://sigma.octopart.com:80/rohs_statement/International-Rectifier-company-54.pdf?src-supplier=Compliance+Statements"; VariantName = "[No Variations]"
Change component parameters (AddParameter): Name = "ComponentLink16Description"; Value = "http://sigma.octopart.com:80/reach_statement/International-Rectifier-company-55.pdf?src-supplier=Compliance+Statements"; VariantName = "[No Variations]"
Change component parameters (AddParameter): Name = "ComponentLink16URL"; Value = "http://sigma.octopart.com:80/reach_statement/International-Rectifier-company-55.pdf?src-supplier=Compliance+Statements"; VariantName = "[No Variations]"
Change component parameters (AddParameter): Name = "Contact Plating"; Value = "Tin"; VariantName = "[No Variations]"
Change component parameters (AddParameter): Name = "Continuous Drain Current (ID)"; Value = "4.2A"; VariantName = "[No Variations]"
Change component parameters (AddParameter): Name = "Current Rating"; Value = "4.2A"; VariantName = "[No Variations]"
Change component parameters (AddParameter): Name = "Drain to Source Breakdown Voltage"; Value = "20V"; VariantName = "[No Variations]"
Change component parameters (AddParameter): Name = "Drain to Source Resistance"; Value = "45mO"; VariantName = "[No Variations]"
Change component parameters (AddParameter): Name = "Drain to Source Voltage (Vdss)"; Value = "20V"; VariantName = "[No Variations]"
Change component parameters (AddParameter): Name = "Dual Supply Voltage"; Value = "20V"; VariantName = "[No Variations]"
Change component parameters (AddParameter): Name = "Element Configuration"; Value = "Single"; VariantName = "[No Variations]"
Change component parameters (AddParameter): Name = "Fall Time"; Value = "26ns"; VariantName = "[No Variations]"
Change component parameters (AddParameter): Name = "Gate to Source Voltage (Vgs)"; Value = "12V"; VariantName = "[No Variations]"
Change component parameters (AddParameter): Name = "Height"; Value = "1.016mm"; VariantName = "[No Variations]"
Change component parameters (AddParameter): Name = "Input Capacitance"; Value = "740pF"; VariantName = "[No Variations]"
Change component parameters (AddParameter): Name = "LCSC"; Value = "C2589"; VariantName = "[No Variations]"
Change component parameters (AddParameter): Name = "Lead Free"; Value = "Lead Free"; VariantName = "[No Variations]"
Change component parameters (AddParameter): Name = "Length"; Value = "2.794mm"; VariantName = "[No Variations]"
Change component parameters (AddParameter): Name = "Lifecycle Status"; Value = "NRND"; VariantName = "[No Variations]"
Change component parameters (AddParameter): Name = "Manufacturer"; Value = "Infineon"; VariantName = "[No Variations]"
Change component parameters (AddParameter): Name = "Manufacturer Package Identifier"; Value = "Micro3™"; VariantName = "[No Variations]"
Change component parameters (AddParameter): Name = "Manufacturer Part Number"; Value = "IRLML2502TRPBF"; VariantName = "[No Variations]"
Change component parameters (AddParameter): Name = "Max Junction Temperature (Tj)"; Value = "150°C"; VariantName = "[No Variations]"
Change component parameters (AddParameter): Name = "Max Operating Temperature"; Value = "150°C"; VariantName = "[No Variations]"
Change component parameters (AddParameter): Name = "Max Power Dissipation"; Value = "1.25W"; VariantName = "[No Variations]"
Change component parameters (AddParameter): Name = "Min Breakdown Voltage"; Value = "20V"; VariantName = "[No Variations]"
Change component parameters (AddParameter): Name = "Min Operating Temperature"; Value = "-55°C"; VariantName = "[No Variations]"
Change component parameters (AddParameter): Name = "Mounting Technology"; Value = "Surface Mount"; VariantName = "[No Variations]"
Change component parameters (AddParameter): Name = "Nominal Vgs"; Value = "1.2V"; VariantName = "[No Variations]"
Change component parameters (AddParameter): Name = "Number of Elements"; Value = "1"; VariantName = "[No Variations]"
Change component parameters (AddParameter): Name = "Number of Terminals"; Value = "3"; VariantName = "[No Variations]"
Change component parameters (AddParameter): Name = "On-State Resistance"; Value = "45mO"; VariantName = "[No Variations]"
Change component parameters (AddParameter): Name = "Package Quantity"; Value = "3000"; VariantName = "[No Variations]"
Change component parameters (AddParameter): Name = "Packaging"; Value = "Tape & Reel"; VariantName = "[No Variations]"
Change component parameters (AddParameter): Name = "Pins"; Value = "3"; VariantName = "[No Variations]"
Change component parameters (AddParameter): Name = "Power Dissipation"; Value = "1.25W"; VariantName = "[No Variations]"
Change component parameters (AddParameter): Name = "Pricing"; Value = "1=0,52, 10=0,323, 100=0,2053, 500=0,15428, 1000=0,13782 (USD)"; VariantName = "[No Variations]"
Change component parameters (AddParameter): Name = "Radiation Hardening"; Value = "No"; VariantName = "[No Variations]"
Change component parameters (AddParameter): Name = "Rds On Max"; Value = "45mO"; VariantName = "[No Variations]"
Change component parameters (AddParameter): Name = "REACH SVHC"; Value = "Yes"; VariantName = "[No Variations]"
Change component parameters (AddParameter): Name = "Rise Time"; Value = "10ns"; VariantName = "[No Variations]"
Change component parameters (AddParameter): Name = "RoHS"; Value = "Compliant"; VariantName = "[No Variations]"
Change component parameters (AddParameter): Name = "Schedule B"; Value = "8541290080, 8541290080|8541290080|8541290080|8541290080|8541290080"; VariantName = "[No Variations]"
Change component parameters (AddParameter): Name = "Stock"; Value = "39178"; VariantName = "[No Variations]"
Change component parameters (AddParameter): Name = "Supplier"; Value = "DigiKey"; VariantName = "[No Variations]"
Change component parameters (AddParameter): Name = "Supplier Part Number"; Value = "IRLML2502TRPBFCT-ND"; VariantName = "[No Variations]"
Change component parameters (AddParameter): Name = "Termination"; Value = "SMD/SMT"; VariantName = "[No Variations]"
Change component parameters (AddParameter): Name = "Threshold Voltage"; Value = "1.2V"; VariantName = "[No Variations]"
Change component parameters (AddParameter): Name = "Turn-Off Delay Time"; Value = "54ns"; VariantName = "[No Variations]"
Change component parameters (AddParameter): Name = "Turn-On Delay Time"; Value = "7.5ns"; VariantName = "[No Variations]"
Change component parameters (AddParameter): Name = "Value"; Value = "45mO"; VariantName = "[No Variations]"
Change component parameters (AddParameter): Name = "Voltage Rating (DC)"; Value = "20V"; VariantName = "[No Variations]"
Change component parameters: Designator = "R1" ("R1"); Footprint = "100kResistor"; UniqueID = "\PWHADMNU" ("\PWHADMNU")
Change component parameters (AddParameter): Name = "Case Code (Imperial)"; Value = "0805"; VariantName = "[No Variations]"
Change component parameters (AddParameter): Name = "Case/Package"; Value = "0805"; VariantName = "[No Variations]"
Change component parameters (AddParameter): Name = "Category"; Value = "Chip SMD Resistors"; VariantName = "[No Variations]"
Change component parameters (AddParameter): Name = "China RoHS"; Value = "Non-Compliant"; VariantName = "[No Variations]"
Change component parameters (AddParameter): Name = "ComponentLink1Description"; Value = "https://datasheet.octopart.com:443/CRCW0805100KFKEA-Vishay-datasheet-175423584.pdf?src-supplier=IHS"; VariantName = "[No Variations]"
Change component parameters (AddParameter): Name = "ComponentLink1URL"; Value = "https://datasheet.octopart.com:443/CRCW0805100KFKEA-Vishay-datasheet-175423584.pdf?src-supplier=IHS"; VariantName = "[No Variations]"
Change component parameters (AddParameter): Name = "ComponentLink2Description"; Value = "https://datasheet.octopart.com:443/CRCW0805100KFKEA-Vishay-datasheet-141435152.pdf?src-supplier=Upverter"; VariantName = "[No Variations]"
Change component parameters (AddParameter): Name = "ComponentLink2URL"; Value = "https://datasheet.octopart.com:443/CRCW0805100KFKEA-Vishay-datasheet-141435152.pdf?src-supplier=Upverter"; VariantName = "[No Variations]"
Change component parameters (AddParameter): Name = "ComponentLink3Description"; Value = "https://datasheet.octopart.com:443/CRCW0805100KFKEA-Vishay-datasheet-83961561.pdf?src-supplier=element14+APAC"; VariantName = "[No Variations]"
Change component parameters (AddParameter): Name = "ComponentLink3URL"; Value = "https://datasheet.octopart.com:443/CRCW0805100KFKEA-Vishay-datasheet-83961561.pdf?src-supplier=element14+APAC"; VariantName = "[No Variations]"
Change component parameters (AddParameter): Name = "ComponentLink4Description"; Value = "https://datasheet.octopart.com:443/CRCW0805100KFKEA-Vishay-datasheet-62317937.pdf?src-supplier=element14+APAC"; VariantName = "[No Variations]"
Change component parameters (AddParameter): Name = "ComponentLink4URL"; Value = "https://datasheet.octopart.com:443/CRCW0805100KFKEA-Vishay-datasheet-62317937.pdf?src-supplier=element14+APAC"; VariantName = "[No Variations]"
Change component parameters (AddParameter): Name = "ComponentLink5Description"; Value = "https://datasheet.octopart.com:443/CRCW0805100KFKEA-Vishay-datasheet-14722531.pdf?src-supplier=element14+APAC"; VariantName = "[No Variations]"
Change component parameters (AddParameter): Name = "ComponentLink5URL"; Value = "https://datasheet.octopart.com:443/CRCW0805100KFKEA-Vishay-datasheet-14722531.pdf?src-supplier=element14+APAC"; VariantName = "[No Variations]"
Change component parameters (AddParameter): Name = "ComponentLink6Description"; Value = "https://datasheet.octopart.com:443/CRCW0805100KFKEA-Vishay-datasheet-66077789.pdf?src-supplier=element14+APAC"; VariantName = "[No Variations]"
Change component parameters (AddParameter): Name = "ComponentLink6URL"; Value = "https://datasheet.octopart.com:443/CRCW0805100KFKEA-Vishay-datasheet-66077789.pdf?src-supplier=element14+APAC"; VariantName = "[No Variations]"
Change component parameters (AddParameter): Name = "ComponentLink7Description"; Value = "https://datasheet.octopart.com:443/CRCW0805100KFKEA-Vishay-datasheet-16179825.pdf?src-supplier=element14+APAC"; VariantName = "[No Variations]"
Change component parameters (AddParameter): Name = "ComponentLink7URL"; Value = "https://datasheet.octopart.com:443/CRCW0805100KFKEA-Vishay-datasheet-16179825.pdf?src-supplier=element14+APAC"; VariantName = "[No Variations]"
Change component parameters (AddParameter): Name = "ComponentLink8Description"; Value = "https://datasheet.octopart.com:443/CRCW0805100KFKEA.-Vishay-datasheet-78776209.pdf?src-supplier=Newark"; VariantName = "[No Variations]"
Change component parameters (AddParameter): Name = "ComponentLink8URL"; Value = "https://datasheet.octopart.com:443/CRCW0805100KFKEA.-Vishay-datasheet-78776209.pdf?src-supplier=Newark"; VariantName = "[No Variations]"
Change component parameters (AddParameter): Name = "ComponentLink9Description"; Value = "https://datasheet.octopart.com:443/CRCW0805100KFKEA-Vishay-datasheet-11516975.pdf?src-supplier=Newark"; VariantName = "[No Variations]"
Change component parameters (AddParameter): Name = "ComponentLink9URL"; Value = "https://datasheet.octopart.com:443/CRCW0805100KFKEA-Vishay-datasheet-11516975.pdf?src-supplier=Newark"; VariantName = "[No Variations]"
Change component parameters (AddParameter): Name = "ComponentLink10Description"; Value = "https://datasheet.octopart.com:443/CRCW0805100KFKEA-Vishay-datasheet-33013972.pdf?src-supplier=Newark"; VariantName = "[No Variations]"
Change component parameters (AddParameter): Name = "ComponentLink10URL"; Value = "https://datasheet.octopart.com:443/CRCW0805100KFKEA-Vishay-datasheet-33013972.pdf?src-supplier=Newark"; VariantName = "[No Variations]"
Change component parameters (AddParameter): Name = "ComponentLink11Description"; Value = "https://datasheet.octopart.com:443/CRCW0805100KFKEA-Vishay-datasheet-21268114.pdf?src-supplier=Newark"; VariantName = "[No Variations]"
Change component parameters (AddParameter): Name = "ComponentLink11URL"; Value = "https://datasheet.octopart.com:443/CRCW0805100KFKEA-Vishay-datasheet-21268114.pdf?src-supplier=Newark"; VariantName = "[No Variations]"
Change component parameters (AddParameter): Name = "ComponentLink12Description"; Value = "https://datasheet.octopart.com:443/CRCW0805100KFKEA-Vishay-datasheet-5300368.pdf?src-supplier=Future+Electronics"; VariantName = "[No Variations]"
Change component parameters (AddParameter): Name = "ComponentLink12URL"; Value = "https://datasheet.octopart.com:443/CRCW0805100KFKEA-Vishay-datasheet-5300368.pdf?src-supplier=Future+Electronics"; VariantName = "[No Variations]"
Change component parameters (AddParameter): Name = "ComponentLink13Description"; Value = "https://datasheet.octopart.com:443/CRCW0805100KFKEA-Vishay-datasheet-62316122.pdf?src-supplier=Future+Electronics"; VariantName = "[No Variations]"
Change component parameters (AddParameter): Name = "ComponentLink13URL"; Value = "https://datasheet.octopart.com:443/CRCW0805100KFKEA-Vishay-datasheet-62316122.pdf?src-supplier=Future+Electronics"; VariantName = "[No Variations]"
Change component parameters (AddParameter): Name = "ComponentLink14Description"; Value = "https://datasheet.octopart.com:443/CRCW0805100KFKEA-Vishay-datasheet-5306405.pdf?src-supplier=RS+(Formerly+Allied+Electronics)"; VariantName = "[No Variations]"
Change component parameters (AddParameter): Name = "ComponentLink14URL"; Value = "https://datasheet.octopart.com:443/CRCW0805100KFKEA-Vishay-datasheet-5306405.pdf?src-supplier=RS+(Formerly+Allied+Electronics)"; VariantName = "[No Variations]"
Change component parameters (AddParameter): Name = "ComponentLink15Description"; Value = "https://datasheet.octopart.com:443/CRCW0805100KFKEA-Vishay-Dale-datasheet-47688880.pdf?src-supplier=RS+(Formerly+Allied+Electronics)"; VariantName = "[No Variations]"
Change component parameters (AddParameter): Name = "ComponentLink15URL"; Value = "https://datasheet.octopart.com:443/CRCW0805100KFKEA-Vishay-Dale-datasheet-47688880.pdf?src-supplier=RS+(Formerly+Allied+Electronics)"; VariantName = "[No Variations]"
Change component parameters (AddParameter): Name = "ComponentLink16Description"; Value = "https://datasheet.octopart.com:443/CRCW0805100KFKEA-Vishay-datasheet-12001583.pdf?src-supplier=RS+(Formerly+Allied+Electronics)"; VariantName = "[No Variations]"
Change component parameters (AddParameter): Name = "ComponentLink16URL"; Value = "https://datasheet.octopart.com:443/CRCW0805100KFKEA-Vishay-datasheet-12001583.pdf?src-supplier=RS+(Formerly+Allied+Electronics)"; VariantName = "[No Variations]"
Change component parameters (AddParameter): Name = "ComponentLink17Description"; Value = "https://datasheet.octopart.com:443/CRCW0805100KFKEA-Vishay-datasheet-17834126.pdf?src-supplier=TME"; VariantName = "[No Variations]"
Change component parameters (AddParameter): Name = "ComponentLink17URL"; Value = "https://datasheet.octopart.com:443/CRCW0805100KFKEA-Vishay-datasheet-17834126.pdf?src-supplier=TME"; VariantName = "[No Variations]"
Change component parameters (AddParameter): Name = "ComponentLink18Description"; Value = "https://datasheet.octopart.com:443/CRCW0805100KFKEA-Vishay-datasheet-13242068.pdf?src-supplier=Farnell"; VariantName = "[No Variations]"
Change component parameters (AddParameter): Name = "ComponentLink18URL"; Value = "https://datasheet.octopart.com:443/CRCW0805100KFKEA-Vishay-datasheet-13242068.pdf?src-supplier=Farnell"; VariantName = "[No Variations]"
Change component parameters (AddParameter): Name = "ComponentLink19Description"; Value = "https://datasheet.octopart.com:443/CRCW0805100KFKEA-Vishay-datasheet-13195083.pdf?src-supplier=Farnell"; VariantName = "[No Variations]"
Change component parameters (AddParameter): Name = "ComponentLink19URL"; Value = "https://datasheet.octopart.com:443/CRCW0805100KFKEA-Vishay-datasheet-13195083.pdf?src-supplier=Farnell"; VariantName = "[No Variations]"
Change component parameters (AddParameter): Name = "ComponentLink20Description"; Value = "https://datasheet.octopart.com:443/CRCW0805100KFKEA-Vishay-datasheet-13034211.pdf?src-supplier=Farnell"; VariantName = "[No Variations]"
Change component parameters (AddParameter): Name = "ComponentLink20URL"; Value = "https://datasheet.octopart.com:443/CRCW0805100KFKEA-Vishay-datasheet-13034211.pdf?src-supplier=Farnell"; VariantName = "[No Variations]"
Change component parameters (AddParameter): Name = "ComponentLink21Description"; Value = "https://datasheet.octopart.com:443/CRCW0805100KFKEA-Vishay-datasheet-12600034.pdf?src-supplier=Farnell"; VariantName = "[No Variations]"
Change component parameters (AddParameter): Name = "ComponentLink21URL"; Value = "https://datasheet.octopart.com:443/CRCW0805100KFKEA-Vishay-datasheet-12600034.pdf?src-supplier=Farnell"; VariantName = "[No Variations]"
Change component parameters (AddParameter): Name = "ComponentLink22Description"; Value = "https://datasheet.octopart.com:443/CRCW0805100KFKEA-Vishay-datasheet-12532161.pdf?src-supplier=Farnell"; VariantName = "[No Variations]"
Change component parameters (AddParameter): Name = "ComponentLink22URL"; Value = "https://datasheet.octopart.com:443/CRCW0805100KFKEA-Vishay-datasheet-12532161.pdf?src-supplier=Farnell"; VariantName = "[No Variations]"
Change component parameters (AddParameter): Name = "ComponentLink23Description"; Value = "https://datasheet.octopart.com:443/CRCW0805100KFKEA-Vishay-datasheet-12517896.pdf?src-supplier=Farnell"; VariantName = "[No Variations]"
Change component parameters (AddParameter): Name = "ComponentLink23URL"; Value = "https://datasheet.octopart.com:443/CRCW0805100KFKEA-Vishay-datasheet-12517896.pdf?src-supplier=Farnell"; VariantName = "[No Variations]"
Change component parameters (AddParameter): Name = "ComponentLink24Description"; Value = "https://datasheet.octopart.com:443/CRCW0805100KFKEA-Vishay-datasheet-12509762.pdf?src-supplier=Farnell"; VariantName = "[No Variations]"
Change component parameters (AddParameter): Name = "ComponentLink24URL"; Value = "https://datasheet.octopart.com:443/CRCW0805100KFKEA-Vishay-datasheet-12509762.pdf?src-supplier=Farnell"; VariantName = "[No Variations]"
Change component parameters (AddParameter): Name = "ComponentLink25Description"; Value = "https://datasheet.octopart.com:443/CRCW0805100KFKEA-Vishay-datasheet-10322335.pdf?src-supplier=Farnell"; VariantName = "[No Variations]"
Change component parameters (AddParameter): Name = "ComponentLink25URL"; Value = "https://datasheet.octopart.com:443/CRCW0805100KFKEA-Vishay-datasheet-10322335.pdf?src-supplier=Farnell"; VariantName = "[No Variations]"
Change component parameters (AddParameter): Name = "ComponentLink26Description"; Value = "https://datasheet.octopart.com:443/CRCW0805100KFKEA-Vishay-datasheet-8788789.pdf?src-supplier=Farnell"; VariantName = "[No Variations]"
Change component parameters (AddParameter): Name = "ComponentLink26URL"; Value = "https://datasheet.octopart.com:443/CRCW0805100KFKEA-Vishay-datasheet-8788789.pdf?src-supplier=Farnell"; VariantName = "[No Variations]"
Change component parameters (AddParameter): Name = "ComponentLink27Description"; Value = "https://datasheet.octopart.com:443/CRCW0805100KFKEA-Vishay-datasheet-8361388.pdf?src-supplier=Farnell"; VariantName = "[No Variations]"
Change component parameters (AddParameter): Name = "ComponentLink27URL"; Value = "https://datasheet.octopart.com:443/CRCW0805100KFKEA-Vishay-datasheet-8361388.pdf?src-supplier=Farnell"; VariantName = "[No Variations]"
Change component parameters (AddParameter): Name = "ComponentLink28Description"; Value = "https://datasheet.octopart.com:443/CRCW0805100KFKEA-Vishay-datasheet-546287.pdf?src-supplier=Farnell"; VariantName = "[No Variations]"
Change component parameters (AddParameter): Name = "ComponentLink28URL"; Value = "https://datasheet.octopart.com:443/CRCW0805100KFKEA-Vishay-datasheet-546287.pdf?src-supplier=Farnell"; VariantName = "[No Variations]"
Change component parameters (AddParameter): Name = "ComponentLink29Description"; Value = "https://datasheet.octopart.com:443/CRCW0805100KFKEA-Vishay-datasheet-11540273.pdf?src-supplier=Arrow+Electronics"; VariantName = "[No Variations]"
Change component parameters (AddParameter): Name = "ComponentLink29URL"; Value = "https://datasheet.octopart.com:443/CRCW0805100KFKEA-Vishay-datasheet-11540273.pdf?src-supplier=Arrow+Electronics"; VariantName = "[No Variations]"
Change component parameters (AddParameter): Name = "ComponentLink30Description"; Value = "https://datasheet.octopart.com:443/CRCW0805100KFKEA-Vishay-datasheet-8445837.pdf?src-supplier=element14"; VariantName = "[No Variations]"
Change component parameters (AddParameter): Name = "ComponentLink30URL"; Value = "https://datasheet.octopart.com:443/CRCW0805100KFKEA-Vishay-datasheet-8445837.pdf?src-supplier=element14"; VariantName = "[No Variations]"
Change component parameters (AddParameter): Name = "ComponentLink31Description"; Value = "https://datasheet.octopart.com:443/CRCW0805100KFKEA-Vishay-datasheet-5377306.pdf?src-supplier=Garrett"; VariantName = "[No Variations]"
Change component parameters (AddParameter): Name = "ComponentLink31URL"; Value = "https://datasheet.octopart.com:443/CRCW0805100KFKEA-Vishay-datasheet-5377306.pdf?src-supplier=Garrett"; VariantName = "[No Variations]"
Change component parameters (AddParameter): Name = "ComponentLink32Description"; Value = "https://datasheet.octopart.com:443/CRCW0805100KFKEA-Vishay-datasheet-148188.pdf?src-supplier=Garrett"; VariantName = "[No Variations]"
Change component parameters (AddParameter): Name = "ComponentLink32URL"; Value = "https://datasheet.octopart.com:443/CRCW0805100KFKEA-Vishay-datasheet-148188.pdf?src-supplier=Garrett"; VariantName = "[No Variations]"
Change component parameters (AddParameter): Name = "ComponentLink33Description"; Value = "https://datasheet.octopart.com:443/CRCW0805100KFKEA-Vishay-datasheet-34203.pdf?src-supplier=Garrett"; VariantName = "[No Variations]"
Change component parameters (AddParameter): Name = "ComponentLink33URL"; Value = "https://datasheet.octopart.com:443/CRCW0805100KFKEA-Vishay-datasheet-34203.pdf?src-supplier=Garrett"; VariantName = "[No Variations]"
Change component parameters (AddParameter): Name = "ComponentLink34Description"; Value = "http://sigma.octopart.com:80/rohs_statement/Vishay-company-15.pdf?src-supplier=Compliance+Statements"; VariantName = "[No Variations]"
Change component parameters (AddParameter): Name = "ComponentLink34URL"; Value = "http://sigma.octopart.com:80/rohs_statement/Vishay-company-15.pdf?src-supplier=Compliance+Statements"; VariantName = "[No Variations]"
Change component parameters (AddParameter): Name = "Composition"; Value = "Thick Film"; VariantName = "[No Variations]"
Change component parameters (AddParameter): Name = "Contact Plating"; Value = "Tin"; VariantName = "[No Variations]"
Change component parameters (AddParameter): Name = "Depth"; Value = "1.25mm"; VariantName = "[No Variations]"
Change component parameters (AddParameter): Name = "Height"; Value = "450µm"; VariantName = "[No Variations]"
Change component parameters (AddParameter): Name = "LCSC"; Value = "C844935"; VariantName = "[No Variations]"
Change component parameters (AddParameter): Name = "Lead Free"; Value = "Lead Free"; VariantName = "[No Variations]"
Change component parameters (AddParameter): Name = "Length"; Value = "2mm"; VariantName = "[No Variations]"
Change component parameters (AddParameter): Name = "Lifecycle Status"; Value = "Production"; VariantName = "[No Variations]"
Change component parameters (AddParameter): Name = "Manufacturer"; Value = "Vishay"; VariantName = "[No Variations]"
Change component parameters (AddParameter): Name = "Manufacturer Package Identifier"; Value = "CRCW0805-e3"; VariantName = "[No Variations]"
Change component parameters (AddParameter): Name = "Manufacturer Part Number"; Value = "CRCW0805100KFKEA"; VariantName = "[No Variations]"
Change component parameters (AddParameter): Name = "Max Operating Temperature"; Value = "155°C"; VariantName = "[No Variations]"
Change component parameters (AddParameter): Name = "Military Standard"; Value = "Not"; VariantName = "[No Variations]"
Change component parameters (AddParameter): Name = "Min Operating Temperature"; Value = "-55°C"; VariantName = "[No Variations]"
Change component parameters (AddParameter): Name = "Mounting Technology"; Value = "Surface Mount"; VariantName = "[No Variations]"
Change component parameters (AddParameter): Name = "Number of Terminals"; Value = "2"; VariantName = "[No Variations]"
Change component parameters (AddParameter): Name = "Packaging"; Value = "Cut Tape"; VariantName = "[No Variations]"
Change component parameters (AddParameter): Name = "Pins"; Value = "2"; VariantName = "[No Variations]"
Change component parameters (AddParameter): Name = "Power Dissipation"; Value = "125mW"; VariantName = "[No Variations]"
Change component parameters (AddParameter): Name = "Power Rating"; Value = "125mW"; VariantName = "[No Variations]"
Change component parameters (AddParameter): Name = "Pricing"; Value = "1=0,1, 10=0,041, 25=0,0312, 50=0,0256, 100=0,0212, 250=0,01692, 500=0,01448, 1000=0,01254 (USD)"; VariantName = "[No Variations]"
Change component parameters (AddParameter): Name = "Radiation Hardening"; Value = "No"; VariantName = "[No Variations]"
Change component parameters (AddParameter): Name = "REACH SVHC"; Value = "Yes"; VariantName = "[No Variations]"
Change component parameters (AddParameter): Name = "RoHS"; Value = "Compliant"; VariantName = "[No Variations]"
Change component parameters (AddParameter): Name = "Schedule B"; Value = "8533210045, 8533210045|8533210045|8533210045|8533210045|8533210045|8533210045|8533210045|8533210045|8533210045|8533210045|8533210045|8533210045|8533210045|8533210045|8533210045|8533210045|8533210045|8533210045|8533210045|8533210045|8533210045|8533210045|8533210045|85"; VariantName = "[No Variations]"
Change component parameters (AddParameter): Name = "Stock"; Value = "307439"; VariantName = "[No Variations]"
Change component parameters (AddParameter): Name = "Supplier"; Value = "DigiKey"; VariantName = "[No Variations]"
Change component parameters (AddParameter): Name = "Supplier Part Number"; Value = "541-100KCCT-ND"; VariantName = "[No Variations]"
Change component parameters (AddParameter): Name = "Temperature Coefficient"; Value = "100ppm/°C"; VariantName = "[No Variations]"
Change component parameters (AddParameter): Name = "Termination"; Value = "SMD/SMT"; VariantName = "[No Variations]"
Change component parameters (AddParameter): Name = "Tolerance"; Value = "1%"; VariantName = "[No Variations]"
Change component parameters (AddParameter): Name = "Value"; Value = "100kO"; VariantName = "[No Variations]"
Change component parameters (AddParameter): Name = "Voltage Rating"; Value = "150V"; VariantName = "[No Variations]"
Change component parameters (AddParameter): Name = "Voltage Rating (DC)"; Value = "150V"; VariantName = "[No Variations]"
Change component parameters (AddParameter): Name = "Weight"; Value = "5.499807mg"; VariantName = "[No Variations]"
Change component parameters (AddParameter): Name = "Width"; Value = "1.25mm"; VariantName = "[No Variations]"
Change component parameters (AddParameter): Name = "Working Voltage"; Value = "150V"; VariantName = "[No Variations]"
Change component parameters: Designator = "R2" ("R2"); Footprint = "10kResistor"; UniqueID = "\VPZUEWWO" ("\VPZUEWWO")
Change component parameters (AddParameter): Name = "Case Code (Imperial)"; Value = "0805"; VariantName = "[No Variations]"
Change component parameters (AddParameter): Name = "Case Code (Metric)"; Value = "2012"; VariantName = "[No Variations]"
Change component parameters (AddParameter): Name = "Case/Package"; Value = "0805"; VariantName = "[No Variations]"
Change component parameters (AddParameter): Name = "Category"; Value = "Chip SMD Resistors"; VariantName = "[No Variations]"
Change component parameters (AddParameter): Name = "China RoHS"; Value = "Non-Compliant"; VariantName = "[No Variations]"
Change component parameters (AddParameter): Name = "ComponentLink1Description"; Value = "https://datasheet.octopart.com:443/MCU0805MD1002DP500-Vishay-datasheet-182027964.pdf?src-supplier=IHS"; VariantName = "[No Variations]"
Change component parameters (AddParameter): Name = "ComponentLink1URL"; Value = "https://datasheet.octopart.com:443/MCU0805MD1002DP500-Vishay-datasheet-182027964.pdf?src-supplier=IHS"; VariantName = "[No Variations]"
Change component parameters (AddParameter): Name = "ComponentLink2Description"; Value = "https://datasheet.octopart.com:443/MCU0805MD1002DP500-Vishay-datasheet-81842982.pdf?src-supplier=Upverter"; VariantName = "[No Variations]"
Change component parameters (AddParameter): Name = "ComponentLink2URL"; Value = "https://datasheet.octopart.com:443/MCU0805MD1002DP500-Vishay-datasheet-81842982.pdf?src-supplier=Upverter"; VariantName = "[No Variations]"
Change component parameters (AddParameter): Name = "ComponentLink3Description"; Value = "https://datasheet.octopart.com:443/MCU0805MD1002DP500-Vishay-datasheet-169971017.pdf?src-supplier=Future+Electronics"; VariantName = "[No Variations]"
Change component parameters (AddParameter): Name = "ComponentLink3URL"; Value = "https://datasheet.octopart.com:443/MCU0805MD1002DP500-Vishay-datasheet-169971017.pdf?src-supplier=Future+Electronics"; VariantName = "[No Variations]"
Change component parameters (AddParameter): Name = "ComponentLink4Description"; Value = "https://datasheet.octopart.com:443/MCU0805MD1002DP500-Vishay-datasheet-114607041.pdf?src-supplier=Future+Electronics"; VariantName = "[No Variations]"
Change component parameters (AddParameter): Name = "ComponentLink4URL"; Value = "https://datasheet.octopart.com:443/MCU0805MD1002DP500-Vishay-datasheet-114607041.pdf?src-supplier=Future+Electronics"; VariantName = "[No Variations]"
Change component parameters (AddParameter): Name = "ComponentLink5Description"; Value = "http://sigma.octopart.com:80/rohs_statement/Vishay-company-15.pdf?src-supplier=Compliance+Statements"; VariantName = "[No Variations]"
Change component parameters (AddParameter): Name = "ComponentLink5URL"; Value = "http://sigma.octopart.com:80/rohs_statement/Vishay-company-15.pdf?src-supplier=Compliance+Statements"; VariantName = "[No Variations]"
Change component parameters (AddParameter): Name = "Composition"; Value = "Thin Film"; VariantName = "[No Variations]"
Change component parameters (AddParameter): Name = "Features"; Value = "Automotive AEC-Q200"; VariantName = "[No Variations]"
Change component parameters (AddParameter): Name = "Height"; Value = "520µm"; VariantName = "[No Variations]"
Change component parameters (AddParameter): Name = "LCSC"; Value = "C2090685"; VariantName = "[No Variations]"
Change component parameters (AddParameter): Name = "Length"; Value = "2.0066mm"; VariantName = "[No Variations]"
Change component parameters (AddParameter): Name = "Lifecycle Status"; Value = "Production"; VariantName = "[No Variations]"
Change component parameters (AddParameter): Name = "Manufacturer"; Value = "Vishay"; VariantName = "[No Variations]"
Change component parameters (AddParameter): Name = "Manufacturer Part Number"; Value = "MCU0805MD1002DP500"; VariantName = "[No Variations]"
Change component parameters (AddParameter): Name = "Max Operating Temperature"; Value = "125°C"; VariantName = "[No Variations]"
Change component parameters (AddParameter): Name = "Max Power Dissipation"; Value = "200mW"; VariantName = "[No Variations]"
Change component parameters (AddParameter): Name = "Min Operating Temperature"; Value = "-55°C"; VariantName = "[No Variations]"
Change component parameters (AddParameter): Name = "Mounting Technology"; Value = "Surface Mount"; VariantName = "[No Variations]"
Change component parameters (AddParameter): Name = "Number of Terminals"; Value = "2"; VariantName = "[No Variations]"
Change component parameters (AddParameter): Name = "Number of Terminations"; Value = "2"; VariantName = "[No Variations]"
Change component parameters (AddParameter): Name = "Packaging"; Value = "Digi-Reel®"; VariantName = "[No Variations]"
Change component parameters (AddParameter): Name = "Power Dissipation"; Value = "140mW"; VariantName = "[No Variations]"
Change component parameters (AddParameter): Name = "Power Rating"; Value = "200mW"; VariantName = "[No Variations]"
Change component parameters (AddParameter): Name = "Pricing"; Value = "1=0,13, 10=0,108, 25=0,1008, 50=0,095, 100=0,0897, 250=0,08332, 500=0,0789, 1000=0,07487 (USD)"; VariantName = "[No Variations]"
Change component parameters (AddParameter): Name = "REACH SVHC"; Value = "Yes"; VariantName = "[No Variations]"
Change component parameters (AddParameter): Name = "RoHS"; Value = "Compliant"; VariantName = "[No Variations]"
Change component parameters (AddParameter): Name = "Stock"; Value = "19723"; VariantName = "[No Variations]"
Change component parameters (AddParameter): Name = "Supplier"; Value = "DigiKey"; VariantName = "[No Variations]"
Change component parameters (AddParameter): Name = "Supplier Part Number"; Value = "MCU0805-10.0K-MDCT-ND"; VariantName = "[No Variations]"
Change component parameters (AddParameter): Name = "Temperature Coefficient"; Value = "25ppm/°C"; VariantName = "[No Variations]"
Change component parameters (AddParameter): Name = "Termination"; Value = "SMD/SMT"; VariantName = "[No Variations]"
Change component parameters (AddParameter): Name = "Tolerance"; Value = "0.5%"; VariantName = "[No Variations]"
Change component parameters (AddParameter): Name = "Value"; Value = "10kO"; VariantName = "[No Variations]"
Change component parameters (AddParameter): Name = "Voltage Rating"; Value = "150V"; VariantName = "[No Variations]"
Change component parameters (AddParameter): Name = "Weight"; Value = "5.499807mg"; VariantName = "[No Variations]"
Change component parameters (AddParameter): Name = "Width"; Value = "1.25mm"; VariantName = "[No Variations]"
Change component parameters (AddParameter): Name = "Working Voltage"; Value = "150V"; VariantName = "[No Variations]"
Change component parameters: Designator = "R3" ("R3"); Footprint = "100Resistor"; UniqueID = "\VKPPRMJJ" ("\VKPPRMJJ")
Change component parameters (AddParameter): Name = "Case Code (Imperial)"; Value = "0805"; VariantName = "[No Variations]"
Change component parameters (AddParameter): Name = "Case/Package"; Value = "0805"; VariantName = "[No Variations]"
Change component parameters (AddParameter): Name = "Category"; Value = "Chip SMD Resistors"; VariantName = "[No Variations]"
Change component parameters (AddParameter): Name = "China RoHS"; Value = "Non-Compliant"; VariantName = "[No Variations]"
Change component parameters (AddParameter): Name = "ComponentLink1Description"; Value = "https://datasheet.octopart.com:443/CRCW0805100RFKEA-Vishay-datasheet-175423584.pdf?src-supplier=IHS"; VariantName = "[No Variations]"
Change component parameters (AddParameter): Name = "ComponentLink1URL"; Value = "https://datasheet.octopart.com:443/CRCW0805100RFKEA-Vishay-datasheet-175423584.pdf?src-supplier=IHS"; VariantName = "[No Variations]"
Change component parameters (AddParameter): Name = "ComponentLink2Description"; Value = "https://datasheet.octopart.com:443/CRCW0805100RFKEA-Vishay-datasheet-83961561.pdf?src-supplier=Newark"; VariantName = "[No Variations]"
Change component parameters (AddParameter): Name = "ComponentLink2URL"; Value = "https://datasheet.octopart.com:443/CRCW0805100RFKEA-Vishay-datasheet-83961561.pdf?src-supplier=Newark"; VariantName = "[No Variations]"
Change component parameters (AddParameter): Name = "ComponentLink3Description"; Value = "https://datasheet.octopart.com:443/CRCW0805100RFKEA-Vishay-datasheet-11516975.pdf?src-supplier=Newark"; VariantName = "[No Variations]"
Change component parameters (AddParameter): Name = "ComponentLink3URL"; Value = "https://datasheet.octopart.com:443/CRCW0805100RFKEA-Vishay-datasheet-11516975.pdf?src-supplier=Newark"; VariantName = "[No Variations]"
Change component parameters (AddParameter): Name = "ComponentLink4Description"; Value = "https://datasheet.octopart.com:443/CRCW0805100RFKEA-Vishay-datasheet-41302739.pdf?src-supplier=Newark"; VariantName = "[No Variations]"
Change component parameters (AddParameter): Name = "ComponentLink4URL"; Value = "https://datasheet.octopart.com:443/CRCW0805100RFKEA-Vishay-datasheet-41302739.pdf?src-supplier=Newark"; VariantName = "[No Variations]"
Change component parameters (AddParameter): Name = "ComponentLink5Description"; Value = "https://datasheet.octopart.com:443/CRCW0805100RFKEA-Vishay-datasheet-33013972.pdf?src-supplier=Newark"; VariantName = "[No Variations]"
Change component parameters (AddParameter): Name = "ComponentLink5URL"; Value = "https://datasheet.octopart.com:443/CRCW0805100RFKEA-Vishay-datasheet-33013972.pdf?src-supplier=Newark"; VariantName = "[No Variations]"
Change component parameters (AddParameter): Name = "ComponentLink6Description"; Value = "https://datasheet.octopart.com:443/CRCW0805100RFKEA-Vishay-datasheet-62317937.pdf?src-supplier=element14+APAC"; VariantName = "[No Variations]"
Change component parameters (AddParameter): Name = "ComponentLink6URL"; Value = "https://datasheet.octopart.com:443/CRCW0805100RFKEA-Vishay-datasheet-62317937.pdf?src-supplier=element14+APAC"; VariantName = "[No Variations]"
Change component parameters (AddParameter): Name = "ComponentLink7Description"; Value = "https://datasheet.octopart.com:443/CRCW0805100RFKEA-Vishay-datasheet-14722531.pdf?src-supplier=element14+APAC"; VariantName = "[No Variations]"
Change component parameters (AddParameter): Name = "ComponentLink7URL"; Value = "https://datasheet.octopart.com:443/CRCW0805100RFKEA-Vishay-datasheet-14722531.pdf?src-supplier=element14+APAC"; VariantName = "[No Variations]"
Change component parameters (AddParameter): Name = "ComponentLink8Description"; Value = "https://datasheet.octopart.com:443/CRCW0805100RFKEA.-Vishay-datasheet-78776209.pdf?src-supplier=element14+APAC"; VariantName = "[No Variations]"
Change component parameters (AddParameter): Name = "ComponentLink8URL"; Value = "https://datasheet.octopart.com:443/CRCW0805100RFKEA.-Vishay-datasheet-78776209.pdf?src-supplier=element14+APAC"; VariantName = "[No Variations]"
Change component parameters (AddParameter): Name = "ComponentLink9Description"; Value = "https://datasheet.octopart.com:443/CRCW0805100RFKEA-Vishay-datasheet-66077789.pdf?src-supplier=element14+APAC"; VariantName = "[No Variations]"
Change component parameters (AddParameter): Name = "ComponentLink9URL"; Value = "https://datasheet.octopart.com:443/CRCW0805100RFKEA-Vishay-datasheet-66077789.pdf?src-supplier=element14+APAC"; VariantName = "[No Variations]"
Change component parameters (AddParameter): Name = "ComponentLink10Description"; Value = "https://datasheet.octopart.com:443/CRCW0805100RFKEA-Vishay-datasheet-16179825.pdf?src-supplier=element14+APAC"; VariantName = "[No Variations]"
Change component parameters (AddParameter): Name = "ComponentLink10URL"; Value = "https://datasheet.octopart.com:443/CRCW0805100RFKEA-Vishay-datasheet-16179825.pdf?src-supplier=element14+APAC"; VariantName = "[No Variations]"
Change component parameters (AddParameter): Name = "ComponentLink11Description"; Value = "https://datasheet.octopart.com:443/CRCW0805100RFKEA-Vishay-datasheet-5300368.pdf?src-supplier=Future+Electronics"; VariantName = "[No Variations]"
Change component parameters (AddParameter): Name = "ComponentLink11URL"; Value = "https://datasheet.octopart.com:443/CRCW0805100RFKEA-Vishay-datasheet-5300368.pdf?src-supplier=Future+Electronics"; VariantName = "[No Variations]"
Change component parameters (AddParameter): Name = "ComponentLink12Description"; Value = "https://datasheet.octopart.com:443/CRCW0805100RFKEA-Vishay-datasheet-62316122.pdf?src-supplier=Future+Electronics"; VariantName = "[No Variations]"
Change component parameters (AddParameter): Name = "ComponentLink12URL"; Value = "https://datasheet.octopart.com:443/CRCW0805100RFKEA-Vishay-datasheet-62316122.pdf?src-supplier=Future+Electronics"; VariantName = "[No Variations]"
Change component parameters (AddParameter): Name = "ComponentLink13Description"; Value = "https://datasheet.octopart.com:443/CRCW0805100RFKEA-Vishay-datasheet-5306405.pdf?src-supplier=RS+(Formerly+Allied+Electronics)"; VariantName = "[No Variations]"
Change component parameters (AddParameter): Name = "ComponentLink13URL"; Value = "https://datasheet.octopart.com:443/CRCW0805100RFKEA-Vishay-datasheet-5306405.pdf?src-supplier=RS+(Formerly+Allied+Electronics)"; VariantName = "[No Variations]"
Change component parameters (AddParameter): Name = "ComponentLink14Description"; Value = "https://datasheet.octopart.com:443/CRCW0805100RFKEA-Vishay-Dale-datasheet-47688880.pdf?src-supplier=RS+(Formerly+Allied+Electronics)"; VariantName = "[No Variations]"
Change component parameters (AddParameter): Name = "ComponentLink14URL"; Value = "https://datasheet.octopart.com:443/CRCW0805100RFKEA-Vishay-Dale-datasheet-47688880.pdf?src-supplier=RS+(Formerly+Allied+Electronics)"; VariantName = "[No Variations]"
Change component parameters (AddParameter): Name = "ComponentLink15Description"; Value = "https://datasheet.octopart.com:443/CRCW0805100RFKEA-Vishay-datasheet-12001583.pdf?src-supplier=RS+(Formerly+Allied+Electronics)"; VariantName = "[No Variations]"
Change component parameters (AddParameter): Name = "ComponentLink15URL"; Value = "https://datasheet.octopart.com:443/CRCW0805100RFKEA-Vishay-datasheet-12001583.pdf?src-supplier=RS+(Formerly+Allied+Electronics)"; VariantName = "[No Variations]"
Change component parameters (AddParameter): Name = "ComponentLink16Description"; Value = "https://datasheet.octopart.com:443/CRCW0805100RFKEA-Vishay-datasheet-17834126.pdf?src-supplier=TME"; VariantName = "[No Variations]"
Change component parameters (AddParameter): Name = "ComponentLink16URL"; Value = "https://datasheet.octopart.com:443/CRCW0805100RFKEA-Vishay-datasheet-17834126.pdf?src-supplier=TME"; VariantName = "[No Variations]"
Change component parameters (AddParameter): Name = "ComponentLink17Description"; Value = "https://datasheet.octopart.com/D-CRCW-e3-Standard-Thick-Film-Chip-Resistors-Vishay-datasheet-family-64.pdf"; VariantName = "[No Variations]"
Change component parameters (AddParameter): Name = "ComponentLink17URL"; Value = "https://datasheet.octopart.com/D-CRCW-e3-Standard-Thick-Film-Chip-Resistors-Vishay-datasheet-family-64.pdf"; VariantName = "[No Variations]"
Change component parameters (AddParameter): Name = "ComponentLink18Description"; Value = "https://datasheet.octopart.com:443/CRCW0805100RFKEA-Vishay-datasheet-13242068.pdf?src-supplier=Farnell"; VariantName = "[No Variations]"
Change component parameters (AddParameter): Name = "ComponentLink18URL"; Value = "https://datasheet.octopart.com:443/CRCW0805100RFKEA-Vishay-datasheet-13242068.pdf?src-supplier=Farnell"; VariantName = "[No Variations]"
Change component parameters (AddParameter): Name = "ComponentLink19Description"; Value = "https://datasheet.octopart.com:443/CRCW0805100RFKEA-Vishay-datasheet-13195083.pdf?src-supplier=Farnell"; VariantName = "[No Variations]"
Change component parameters (AddParameter): Name = "ComponentLink19URL"; Value = "https://datasheet.octopart.com:443/CRCW0805100RFKEA-Vishay-datasheet-13195083.pdf?src-supplier=Farnell"; VariantName = "[No Variations]"
Change component parameters (AddParameter): Name = "ComponentLink20Description"; Value = "https://datasheet.octopart.com:443/CRCW0805100RFKEA-Vishay-datasheet-13034211.pdf?src-supplier=Farnell"; VariantName = "[No Variations]"
Change component parameters (AddParameter): Name = "ComponentLink20URL"; Value = "https://datasheet.octopart.com:443/CRCW0805100RFKEA-Vishay-datasheet-13034211.pdf?src-supplier=Farnell"; VariantName = "[No Variations]"
Change component parameters (AddParameter): Name = "ComponentLink21Description"; Value = "https://datasheet.octopart.com:443/CRCW0805100RFKEA-Vishay-datasheet-12600034.pdf?src-supplier=Farnell"; VariantName = "[No Variations]"
Change component parameters (AddParameter): Name = "ComponentLink21URL"; Value = "https://datasheet.octopart.com:443/CRCW0805100RFKEA-Vishay-datasheet-12600034.pdf?src-supplier=Farnell"; VariantName = "[No Variations]"
Change component parameters (AddParameter): Name = "ComponentLink22Description"; Value = "https://datasheet.octopart.com:443/CRCW0805100RFKEA-Vishay-datasheet-12532161.pdf?src-supplier=Farnell"; VariantName = "[No Variations]"
Change component parameters (AddParameter): Name = "ComponentLink22URL"; Value = "https://datasheet.octopart.com:443/CRCW0805100RFKEA-Vishay-datasheet-12532161.pdf?src-supplier=Farnell"; VariantName = "[No Variations]"
Change component parameters (AddParameter): Name = "ComponentLink23Description"; Value = "https://datasheet.octopart.com:443/CRCW0805100RFKEA-Vishay-datasheet-12517896.pdf?src-supplier=Farnell"; VariantName = "[No Variations]"
Change component parameters (AddParameter): Name = "ComponentLink23URL"; Value = "https://datasheet.octopart.com:443/CRCW0805100RFKEA-Vishay-datasheet-12517896.pdf?src-supplier=Farnell"; VariantName = "[No Variations]"
Change component parameters (AddParameter): Name = "ComponentLink24Description"; Value = "https://datasheet.octopart.com:443/CRCW0805100RFKEA-Vishay-datasheet-12509762.pdf?src-supplier=Farnell"; VariantName = "[No Variations]"
Change component parameters (AddParameter): Name = "ComponentLink24URL"; Value = "https://datasheet.octopart.com:443/CRCW0805100RFKEA-Vishay-datasheet-12509762.pdf?src-supplier=Farnell"; VariantName = "[No Variations]"
Change component parameters (AddParameter): Name = "ComponentLink25Description"; Value = "https://datasheet.octopart.com:443/CRCW0805100RFKEA-Vishay-datasheet-10322335.pdf?src-supplier=Farnell"; VariantName = "[No Variations]"
Change component parameters (AddParameter): Name = "ComponentLink25URL"; Value = "https://datasheet.octopart.com:443/CRCW0805100RFKEA-Vishay-datasheet-10322335.pdf?src-supplier=Farnell"; VariantName = "[No Variations]"
Change component parameters (AddParameter): Name = "ComponentLink26Description"; Value = "https://datasheet.octopart.com:443/CRCW0805100RFKEA-Vishay-datasheet-8788789.pdf?src-supplier=Farnell"; VariantName = "[No Variations]"
Change component parameters (AddParameter): Name = "ComponentLink26URL"; Value = "https://datasheet.octopart.com:443/CRCW0805100RFKEA-Vishay-datasheet-8788789.pdf?src-supplier=Farnell"; VariantName = "[No Variations]"
Change component parameters (AddParameter): Name = "ComponentLink27Description"; Value = "https://datasheet.octopart.com:443/CRCW0805100RFKEA-Vishay-datasheet-8361388.pdf?src-supplier=Farnell"; VariantName = "[No Variations]"
Change component parameters (AddParameter): Name = "ComponentLink27URL"; Value = "https://datasheet.octopart.com:443/CRCW0805100RFKEA-Vishay-datasheet-8361388.pdf?src-supplier=Farnell"; VariantName = "[No Variations]"
Change component parameters (AddParameter): Name = "ComponentLink28Description"; Value = "https://datasheet.octopart.com:443/CRCW0805100RFKEA-Vishay-datasheet-546287.pdf?src-supplier=Farnell"; VariantName = "[No Variations]"
Change component parameters (AddParameter): Name = "ComponentLink28URL"; Value = "https://datasheet.octopart.com:443/CRCW0805100RFKEA-Vishay-datasheet-546287.pdf?src-supplier=Farnell"; VariantName = "[No Variations]"
Change component parameters (AddParameter): Name = "ComponentLink29Description"; Value = "https://datasheet.octopart.com:443/CRCW0805100RFKEA-Vishay-datasheet-11540273.pdf?src-supplier=Arrow+Electronics"; VariantName = "[No Variations]"
Change component parameters (AddParameter): Name = "ComponentLink29URL"; Value = "https://datasheet.octopart.com:443/CRCW0805100RFKEA-Vishay-datasheet-11540273.pdf?src-supplier=Arrow+Electronics"; VariantName = "[No Variations]"
Change component parameters (AddParameter): Name = "ComponentLink30Description"; Value = "https://datasheet.octopart.com:443/CRCW0805100RFKEA-Vishay-datasheet-8445837.pdf?src-supplier=element14"; VariantName = "[No Variations]"
Change component parameters (AddParameter): Name = "ComponentLink30URL"; Value = "https://datasheet.octopart.com:443/CRCW0805100RFKEA-Vishay-datasheet-8445837.pdf?src-supplier=element14"; VariantName = "[No Variations]"
Change component parameters (AddParameter): Name = "ComponentLink31Description"; Value = "https://datasheet.octopart.com:443/CRCW0805100RFKEA-Vishay-datasheet-5377306.pdf?src-supplier=Garrett"; VariantName = "[No Variations]"
Change component parameters (AddParameter): Name = "ComponentLink31URL"; Value = "https://datasheet.octopart.com:443/CRCW0805100RFKEA-Vishay-datasheet-5377306.pdf?src-supplier=Garrett"; VariantName = "[No Variations]"
Change component parameters (AddParameter): Name = "ComponentLink32Description"; Value = "https://datasheet.octopart.com:443/CRCW0805100RFKEA-Vishay-datasheet-148188.pdf?src-supplier=Garrett"; VariantName = "[No Variations]"
Change component parameters (AddParameter): Name = "ComponentLink32URL"; Value = "https://datasheet.octopart.com:443/CRCW0805100RFKEA-Vishay-datasheet-148188.pdf?src-supplier=Garrett"; VariantName = "[No Variations]"
Change component parameters (AddParameter): Name = "ComponentLink33Description"; Value = "https://datasheet.octopart.com:443/CRCW0805100RFKEA-Vishay-datasheet-34203.pdf?src-supplier=Garrett"; VariantName = "[No Variations]"
Change component parameters (AddParameter): Name = "ComponentLink33URL"; Value = "https://datasheet.octopart.com:443/CRCW0805100RFKEA-Vishay-datasheet-34203.pdf?src-supplier=Garrett"; VariantName = "[No Variations]"
Change component parameters (AddParameter): Name = "ComponentLink34Description"; Value = "http://sigma.octopart.com:80/rohs_certificate/D-CRCW-e3-Standard-Thick-Film-Chip-Resistors-Vishay-family-102.pdf?src-supplier=Compliance+Statements"; VariantName = "[No Variations]"
Change component parameters (AddParameter): Name = "ComponentLink34URL"; Value = "http://sigma.octopart.com:80/rohs_certificate/D-CRCW-e3-Standard-Thick-Film-Chip-Resistors-Vishay-family-102.pdf?src-supplier=Compliance+Statements"; VariantName = "[No Variations]"
Change component parameters (AddParameter): Name = "Composition"; Value = "Thick Film"; VariantName = "[No Variations]"
Change component parameters (AddParameter): Name = "Contact Plating"; Value = "Tin"; VariantName = "[No Variations]"
Change component parameters (AddParameter): Name = "Depth"; Value = "1.25mm"; VariantName = "[No Variations]"
Change component parameters (AddParameter): Name = "Features"; Value = "Automotive AEC-Q200"; VariantName = "[No Variations]"
Change component parameters (AddParameter): Name = "Height"; Value = "450µm"; VariantName = "[No Variations]"
Change component parameters (AddParameter): Name = "LCSC"; Value = "C844936"; VariantName = "[No Variations]"
Change component parameters (AddParameter): Name = "Lead Free"; Value = "Lead Free"; VariantName = "[No Variations]"
Change component parameters (AddParameter): Name = "Length"; Value = "2mm"; VariantName = "[No Variations]"
Change component parameters (AddParameter): Name = "Lifecycle Status"; Value = "Production"; VariantName = "[No Variations]"
Change component parameters (AddParameter): Name = "Manufacturer"; Value = "Vishay"; VariantName = "[No Variations]"
Change component parameters (AddParameter): Name = "Manufacturer Package Identifier"; Value = "CRCW0805-e3"; VariantName = "[No Variations]"
Change component parameters (AddParameter): Name = "Manufacturer Part Number"; Value = "CRCW0805100RFKEA"; VariantName = "[No Variations]"
Change component parameters (AddParameter): Name = "Max Operating Temperature"; Value = "155°C"; VariantName = "[No Variations]"
Change component parameters (AddParameter): Name = "Max Power Dissipation"; Value = "125mW"; VariantName = "[No Variations]"
Change component parameters (AddParameter): Name = "Military Standard"; Value = "Not"; VariantName = "[No Variations]"
Change component parameters (AddParameter): Name = "Min Operating Temperature"; Value = "-55°C"; VariantName = "[No Variations]"
Change component parameters (AddParameter): Name = "Mounting Technology"; Value = "Surface Mount"; VariantName = "[No Variations]"
Change component parameters (AddParameter): Name = "Number of Terminals"; Value = "2"; VariantName = "[No Variations]"
Change component parameters (AddParameter): Name = "Number of Terminations"; Value = "2"; VariantName = "[No Variations]"
Change component parameters (AddParameter): Name = "Pins"; Value = "2"; VariantName = "[No Variations]"
Change component parameters (AddParameter): Name = "Power Dissipation"; Value = "125mW"; VariantName = "[No Variations]"
Change component parameters (AddParameter): Name = "Power Rating"; Value = "125mW"; VariantName = "[No Variations]"
Change component parameters (AddParameter): Name = "Pricing"; Value = "1=0,1, 10=0,041, 25=0,0312, 50=0,0256, 100=0,0212, 250=0,01692, 500=0,01448, 1000=0,01254 (USD)"; VariantName = "[No Variations]"
Change component parameters (AddParameter): Name = "Radiation Hardening"; Value = "No"; VariantName = "[No Variations]"
Change component parameters (AddParameter): Name = "REACH SVHC"; Value = "Yes"; VariantName = "[No Variations]"
Change component parameters (AddParameter): Name = "RoHS"; Value = "Compliant"; VariantName = "[No Variations]"
Change component parameters (AddParameter): Name = "Schedule B"; Value = "8533210045, 8533210045|8533210045|8533210045|8533210045|8533210045|8533210045|8533210045|8533210045|8533210045|8533210045|8533210045|8533210045|8533210045|8533210045|8533210045|8533210045|8533210045|8533210045|8533210045|8533210045|8533210045|8533210045|8533210045|85"; VariantName = "[No Variations]"
Change component parameters (AddParameter): Name = "Stock"; Value = "224684"; VariantName = "[No Variations]"
Change component parameters (AddParameter): Name = "Supplier"; Value = "DigiKey"; VariantName = "[No Variations]"
Change component parameters (AddParameter): Name = "Supplier Part Number"; Value = "541-100CCT-ND"; VariantName = "[No Variations]"
Change component parameters (AddParameter): Name = "Temperature Coefficient"; Value = "100ppm/°C"; VariantName = "[No Variations]"
Change component parameters (AddParameter): Name = "Termination"; Value = "SMD/SMT"; VariantName = "[No Variations]"
Change component parameters (AddParameter): Name = "Tolerance"; Value = "1%"; VariantName = "[No Variations]"
Change component parameters (AddParameter): Name = "Value"; Value = "100O"; VariantName = "[No Variations]"
Change component parameters (AddParameter): Name = "Voltage Rating"; Value = "150V"; VariantName = "[No Variations]"
Change component parameters (AddParameter): Name = "Voltage Rating (DC)"; Value = "150V"; VariantName = "[No Variations]"
Change component parameters (AddParameter): Name = "Weight"; Value = "5.499807mg"; VariantName = "[No Variations]"
Change component parameters (AddParameter): Name = "Width"; Value = "1.25mm"; VariantName = "[No Variations]"
Change component parameters (AddParameter): Name = "Working Voltage"; Value = "150V"; VariantName = "[No Variations]"
Change component parameters: Designator = "R4" ("R4"); Footprint = "270Resistor"; UniqueID = "\UIZEDKGG" ("\UIZEDKGG")
Change component parameters (AddParameter): Name = "Case Code (Imperial)"; Value = "0805"; VariantName = "[No Variations]"
Change component parameters (AddParameter): Name = "Case/Package"; Value = "0805"; VariantName = "[No Variations]"
Change component parameters (AddParameter): Name = "Category"; Value = "Chip SMD Resistors"; VariantName = "[No Variations]"
Change component parameters (AddParameter): Name = "China RoHS"; Value = "Non-Compliant"; VariantName = "[No Variations]"
Change component parameters (AddParameter): Name = "ComponentLink1Description"; Value = "https://datasheet.octopart.com:443/CRCW0805270RFKEA-Vishay-datasheet-175423584.pdf?src-supplier=IHS"; VariantName = "[No Variations]"
Change component parameters (AddParameter): Name = "ComponentLink1URL"; Value = "https://datasheet.octopart.com:443/CRCW0805270RFKEA-Vishay-datasheet-175423584.pdf?src-supplier=IHS"; VariantName = "[No Variations]"
Change component parameters (AddParameter): Name = "ComponentLink2Description"; Value = "https://datasheet.octopart.com:443/CRCW0805270RFKEA-Vishay-datasheet-83961561.pdf?src-supplier=Newark"; VariantName = "[No Variations]"
Change component parameters (AddParameter): Name = "ComponentLink2URL"; Value = "https://datasheet.octopart.com:443/CRCW0805270RFKEA-Vishay-datasheet-83961561.pdf?src-supplier=Newark"; VariantName = "[No Variations]"
Change component parameters (AddParameter): Name = "ComponentLink3Description"; Value = "https://datasheet.octopart.com:443/CRCW0805270RFKEA-Vishay-datasheet-11516975.pdf?src-supplier=Newark"; VariantName = "[No Variations]"
Change component parameters (AddParameter): Name = "ComponentLink3URL"; Value = "https://datasheet.octopart.com:443/CRCW0805270RFKEA-Vishay-datasheet-11516975.pdf?src-supplier=Newark"; VariantName = "[No Variations]"
Change component parameters (AddParameter): Name = "ComponentLink4Description"; Value = "https://datasheet.octopart.com:443/CRCW0805270RFKEA-Vishay-datasheet-41302739.pdf?src-supplier=Newark"; VariantName = "[No Variations]"
Change component parameters (AddParameter): Name = "ComponentLink4URL"; Value = "https://datasheet.octopart.com:443/CRCW0805270RFKEA-Vishay-datasheet-41302739.pdf?src-supplier=Newark"; VariantName = "[No Variations]"
Change component parameters (AddParameter): Name = "ComponentLink5Description"; Value = "https://datasheet.octopart.com:443/CRCW0805270RFKEA-Vishay-datasheet-33013972.pdf?src-supplier=Newark"; VariantName = "[No Variations]"
Change component parameters (AddParameter): Name = "ComponentLink5URL"; Value = "https://datasheet.octopart.com:443/CRCW0805270RFKEA-Vishay-datasheet-33013972.pdf?src-supplier=Newark"; VariantName = "[No Variations]"
Change component parameters (AddParameter): Name = "ComponentLink6Description"; Value = "https://datasheet.octopart.com:443/CRCW0805270RFKEA-Vishay-datasheet-62317937.pdf?src-supplier=element14+APAC"; VariantName = "[No Variations]"
Change component parameters (AddParameter): Name = "ComponentLink6URL"; Value = "https://datasheet.octopart.com:443/CRCW0805270RFKEA-Vishay-datasheet-62317937.pdf?src-supplier=element14+APAC"; VariantName = "[No Variations]"
Change component parameters (AddParameter): Name = "ComponentLink7Description"; Value = "https://datasheet.octopart.com:443/CRCW0805270RFKEA-Vishay-datasheet-10882403.pdf?src-supplier=element14+APAC"; VariantName = "[No Variations]"
Change component parameters (AddParameter): Name = "ComponentLink7URL"; Value = "https://datasheet.octopart.com:443/CRCW0805270RFKEA-Vishay-datasheet-10882403.pdf?src-supplier=element14+APAC"; VariantName = "[No Variations]"
Change component parameters (AddParameter): Name = "ComponentLink8Description"; Value = "https://datasheet.octopart.com:443/CRCW0805270RFKEA.-Vishay-datasheet-78776209.pdf?src-supplier=element14+APAC"; VariantName = "[No Variations]"
Change component parameters (AddParameter): Name = "ComponentLink8URL"; Value = "https://datasheet.octopart.com:443/CRCW0805270RFKEA.-Vishay-datasheet-78776209.pdf?src-supplier=element14+APAC"; VariantName = "[No Variations]"
Change component parameters (AddParameter): Name = "ComponentLink9Description"; Value = "https://datasheet.octopart.com:443/CRCW0805270RFKEA-Vishay-datasheet-66077789.pdf?src-supplier=element14+APAC"; VariantName = "[No Variations]"
Change component parameters (AddParameter): Name = "ComponentLink9URL"; Value = "https://datasheet.octopart.com:443/CRCW0805270RFKEA-Vishay-datasheet-66077789.pdf?src-supplier=element14+APAC"; VariantName = "[No Variations]"
Change component parameters (AddParameter): Name = "ComponentLink10Description"; Value = "https://datasheet.octopart.com:443/CRCW0805270RFKEA-Vishay-datasheet-14722531.pdf?src-supplier=element14+APAC"; VariantName = "[No Variations]"
Change component parameters (AddParameter): Name = "ComponentLink10URL"; Value = "https://datasheet.octopart.com:443/CRCW0805270RFKEA-Vishay-datasheet-14722531.pdf?src-supplier=element14+APAC"; VariantName = "[No Variations]"
Change component parameters (AddParameter): Name = "ComponentLink11Description"; Value = "https://datasheet.octopart.com:443/CRCW0805270RFKEA-Vishay-datasheet-62316122.pdf?src-supplier=Future+Electronics"; VariantName = "[No Variations]"
Change component parameters (AddParameter): Name = "ComponentLink11URL"; Value = "https://datasheet.octopart.com:443/CRCW0805270RFKEA-Vishay-datasheet-62316122.pdf?src-supplier=Future+Electronics"; VariantName = "[No Variations]"
Change component parameters (AddParameter): Name = "ComponentLink12Description"; Value = "https://datasheet.octopart.com:443/CRCW0805270RFKEA-Vishay-datasheet-12519820.pdf?src-supplier=Future+Electronics"; VariantName = "[No Variations]"
Change component parameters (AddParameter): Name = "ComponentLink12URL"; Value = "https://datasheet.octopart.com:443/CRCW0805270RFKEA-Vishay-datasheet-12519820.pdf?src-supplier=Future+Electronics"; VariantName = "[No Variations]"
Change component parameters (AddParameter): Name = "ComponentLink13Description"; Value = "https://datasheet.octopart.com:443/CRCW0805270RFKEA-Vishay-datasheet-11551479.pdf?src-supplier=Future+Electronics"; VariantName = "[No Variations]"
Change component parameters (AddParameter): Name = "ComponentLink13URL"; Value = "https://datasheet.octopart.com:443/CRCW0805270RFKEA-Vishay-datasheet-11551479.pdf?src-supplier=Future+Electronics"; VariantName = "[No Variations]"
Change component parameters (AddParameter): Name = "ComponentLink14Description"; Value = "https://datasheet.octopart.com:443/CRCW0805270RFKEA-Vishay-datasheet-8325159.pdf?src-supplier=Future+Electronics"; VariantName = "[No Variations]"
Change component parameters (AddParameter): Name = "ComponentLink14URL"; Value = "https://datasheet.octopart.com:443/CRCW0805270RFKEA-Vishay-datasheet-8325159.pdf?src-supplier=Future+Electronics"; VariantName = "[No Variations]"
Change component parameters (AddParameter): Name = "ComponentLink15Description"; Value = "https://datasheet.octopart.com:443/CRCW0805270RFKEA-Vishay-datasheet-5390187.pdf?src-supplier=Future+Electronics"; VariantName = "[No Variations]"
Change component parameters (AddParameter): Name = "ComponentLink15URL"; Value = "https://datasheet.octopart.com:443/CRCW0805270RFKEA-Vishay-datasheet-5390187.pdf?src-supplier=Future+Electronics"; VariantName = "[No Variations]"
Change component parameters (AddParameter): Name = "ComponentLink16Description"; Value = "https://datasheet.octopart.com:443/CRCW0805270RFKEA-Vishay-Dale-datasheet-47688880.pdf?src-supplier=RS+(Formerly+Allied+Electronics)"; VariantName = "[No Variations]"
Change component parameters (AddParameter): Name = "ComponentLink16URL"; Value = "https://datasheet.octopart.com:443/CRCW0805270RFKEA-Vishay-Dale-datasheet-47688880.pdf?src-supplier=RS+(Formerly+Allied+Electronics)"; VariantName = "[No Variations]"
Change component parameters (AddParameter): Name = "ComponentLink17Description"; Value = "https://datasheet.octopart.com:443/CRCW0805270RFKEA-Vishay-datasheet-12001583.pdf?src-supplier=RS+(Formerly+Allied+Electronics)"; VariantName = "[No Variations]"
Change component parameters (AddParameter): Name = "ComponentLink17URL"; Value = "https://datasheet.octopart.com:443/CRCW0805270RFKEA-Vishay-datasheet-12001583.pdf?src-supplier=RS+(Formerly+Allied+Electronics)"; VariantName = "[No Variations]"
Change component parameters (AddParameter): Name = "ComponentLink18Description"; Value = "https://datasheet.octopart.com:443/CRCW0805270RFKEA-Vishay-datasheet-5306405.pdf?src-supplier=RS+(Formerly+Allied+Electronics)"; VariantName = "[No Variations]"
Change component parameters (AddParameter): Name = "ComponentLink18URL"; Value = "https://datasheet.octopart.com:443/CRCW0805270RFKEA-Vishay-datasheet-5306405.pdf?src-supplier=RS+(Formerly+Allied+Electronics)"; VariantName = "[No Variations]"
Change component parameters (AddParameter): Name = "ComponentLink19Description"; Value = "https://datasheet.octopart.com:443/CRCW0805270RFKEA-Vishay-datasheet-8445837.pdf?src-supplier=element14"; VariantName = "[No Variations]"
Change component parameters (AddParameter): Name = "ComponentLink19URL"; Value = "https://datasheet.octopart.com:443/CRCW0805270RFKEA-Vishay-datasheet-8445837.pdf?src-supplier=element14"; VariantName = "[No Variations]"
Change component parameters (AddParameter): Name = "ComponentLink20Description"; Value = "https://datasheet.octopart.com:443/CRCW0805270RFKEA-Vishay-datasheet-5300368.pdf?src-supplier=Farnell"; VariantName = "[No Variations]"
Change component parameters (AddParameter): Name = "ComponentLink20URL"; Value = "https://datasheet.octopart.com:443/CRCW0805270RFKEA-Vishay-datasheet-5300368.pdf?src-supplier=Farnell"; VariantName = "[No Variations]"
Change component parameters (AddParameter): Name = "ComponentLink21Description"; Value = "http://sigma.octopart.com:80/rohs_statement/Vishay-company-15.pdf?src-supplier=Compliance+Statements"; VariantName = "[No Variations]"
Change component parameters (AddParameter): Name = "ComponentLink21URL"; Value = "http://sigma.octopart.com:80/rohs_statement/Vishay-company-15.pdf?src-supplier=Compliance+Statements"; VariantName = "[No Variations]"
Change component parameters (AddParameter): Name = "Composition"; Value = "Thick Film"; VariantName = "[No Variations]"
Change component parameters (AddParameter): Name = "Contact Plating"; Value = "Tin"; VariantName = "[No Variations]"
Change component parameters (AddParameter): Name = "Depth"; Value = "1.25mm"; VariantName = "[No Variations]"
Change component parameters (AddParameter): Name = "Height"; Value = "450µm"; VariantName = "[No Variations]"
Change component parameters (AddParameter): Name = "LCSC"; Value = "C844611"; VariantName = "[No Variations]"
Change component parameters (AddParameter): Name = "Lead Free"; Value = "Lead Free"; VariantName = "[No Variations]"
Change component parameters (AddParameter): Name = "Length"; Value = "2mm"; VariantName = "[No Variations]"
Change component parameters (AddParameter): Name = "Lifecycle Status"; Value = "Production"; VariantName = "[No Variations]"
Change component parameters (AddParameter): Name = "Manufacturer"; Value = "Vishay"; VariantName = "[No Variations]"
Change component parameters (AddParameter): Name = "Manufacturer Package Identifier"; Value = "CRCW0805-e3"; VariantName = "[No Variations]"
Change component parameters (AddParameter): Name = "Manufacturer Part Number"; Value = "CRCW0805270RFKEA"; VariantName = "[No Variations]"
Change component parameters (AddParameter): Name = "Max Operating Temperature"; Value = "155°C"; VariantName = "[No Variations]"
Change component parameters (AddParameter): Name = "Military Standard"; Value = "Not"; VariantName = "[No Variations]"
Change component parameters (AddParameter): Name = "Min Operating Temperature"; Value = "-55°C"; VariantName = "[No Variations]"
Change component parameters (AddParameter): Name = "Mounting Technology"; Value = "Surface Mount"; VariantName = "[No Variations]"
Change component parameters (AddParameter): Name = "Number of Terminals"; Value = "2"; VariantName = "[No Variations]"
Change component parameters (AddParameter): Name = "Packaging"; Value = "Cut Tape"; VariantName = "[No Variations]"
Change component parameters (AddParameter): Name = "Pins"; Value = "2"; VariantName = "[No Variations]"
Change component parameters (AddParameter): Name = "Power Dissipation"; Value = "125mW"; VariantName = "[No Variations]"
Change component parameters (AddParameter): Name = "Power Rating"; Value = "125mW"; VariantName = "[No Variations]"
Change component parameters (AddParameter): Name = "Pricing"; Value = "1=0,1, 10=0,041, 25=0,0312, 50=0,0256, 100=0,0212, 250=0,01692, 500=0,01448, 1000=0,01254 (USD)"; VariantName = "[No Variations]"
Change component parameters (AddParameter): Name = "Radiation Hardening"; Value = "No"; VariantName = "[No Variations]"
Change component parameters (AddParameter): Name = "REACH SVHC"; Value = "Yes"; VariantName = "[No Variations]"
Change component parameters (AddParameter): Name = "RoHS"; Value = "Compliant"; VariantName = "[No Variations]"
Change component parameters (AddParameter): Name = "Schedule B"; Value = "8533210045, 8533210045|8533210045, 8533210045|8533210045|8533210045, 8533210045|8533210045|8533210045|8533210045"; VariantName = "[No Variations]"
Change component parameters (AddParameter): Name = "Stock"; Value = "11086"; VariantName = "[No Variations]"
Change component parameters (AddParameter): Name = "Supplier"; Value = "DigiKey"; VariantName = "[No Variations]"
Change component parameters (AddParameter): Name = "Supplier Part Number"; Value = "541-270CCT-ND"; VariantName = "[No Variations]"
Change component parameters (AddParameter): Name = "Temperature Coefficient"; Value = "100ppm/°C"; VariantName = "[No Variations]"
Change component parameters (AddParameter): Name = "Termination"; Value = "SMD/SMT"; VariantName = "[No Variations]"
Change component parameters (AddParameter): Name = "Tolerance"; Value = "1%"; VariantName = "[No Variations]"
Change component parameters (AddParameter): Name = "Value"; Value = "270O"; VariantName = "[No Variations]"
Change component parameters (AddParameter): Name = "Voltage Rating"; Value = "150V"; VariantName = "[No Variations]"
Change component parameters (AddParameter): Name = "Voltage Rating (DC)"; Value = "150V"; VariantName = "[No Variations]"
Change component parameters (AddParameter): Name = "Weight"; Value = "5.499807mg"; VariantName = "[No Variations]"
Change component parameters (AddParameter): Name = "Width"; Value = "1.25mm"; VariantName = "[No Variations]"
Change component parameters (AddParameter): Name = "Working Voltage"; Value = "150V"; VariantName = "[No Variations]"
Change component parameters: Designator = "R5" ("R5"); Footprint = "100Resistor"; UniqueID = "\YMUMYECH" ("\YMUMYECH")
Change component parameters (AddParameter): Name = "Case Code (Imperial)"; Value = "0805"; VariantName = "[No Variations]"
Change component parameters (AddParameter): Name = "Case/Package"; Value = "0805"; VariantName = "[No Variations]"
Change component parameters (AddParameter): Name = "Category"; Value = "Chip SMD Resistors"; VariantName = "[No Variations]"
Change component parameters (AddParameter): Name = "China RoHS"; Value = "Non-Compliant"; VariantName = "[No Variations]"
Change component parameters (AddParameter): Name = "ComponentLink1Description"; Value = "https://datasheet.octopart.com:443/CRCW0805100RFKEA-Vishay-datasheet-175423584.pdf?src-supplier=IHS"; VariantName = "[No Variations]"
Change component parameters (AddParameter): Name = "ComponentLink1URL"; Value = "https://datasheet.octopart.com:443/CRCW0805100RFKEA-Vishay-datasheet-175423584.pdf?src-supplier=IHS"; VariantName = "[No Variations]"
Change component parameters (AddParameter): Name = "ComponentLink2Description"; Value = "https://datasheet.octopart.com:443/CRCW0805100RFKEA-Vishay-datasheet-83961561.pdf?src-supplier=Newark"; VariantName = "[No Variations]"
Change component parameters (AddParameter): Name = "ComponentLink2URL"; Value = "https://datasheet.octopart.com:443/CRCW0805100RFKEA-Vishay-datasheet-83961561.pdf?src-supplier=Newark"; VariantName = "[No Variations]"
Change component parameters (AddParameter): Name = "ComponentLink3Description"; Value = "https://datasheet.octopart.com:443/CRCW0805100RFKEA-Vishay-datasheet-11516975.pdf?src-supplier=Newark"; VariantName = "[No Variations]"
Change component parameters (AddParameter): Name = "ComponentLink3URL"; Value = "https://datasheet.octopart.com:443/CRCW0805100RFKEA-Vishay-datasheet-11516975.pdf?src-supplier=Newark"; VariantName = "[No Variations]"
Change component parameters (AddParameter): Name = "ComponentLink4Description"; Value = "https://datasheet.octopart.com:443/CRCW0805100RFKEA-Vishay-datasheet-41302739.pdf?src-supplier=Newark"; VariantName = "[No Variations]"
Change component parameters (AddParameter): Name = "ComponentLink4URL"; Value = "https://datasheet.octopart.com:443/CRCW0805100RFKEA-Vishay-datasheet-41302739.pdf?src-supplier=Newark"; VariantName = "[No Variations]"
Change component parameters (AddParameter): Name = "ComponentLink5Description"; Value = "https://datasheet.octopart.com:443/CRCW0805100RFKEA-Vishay-datasheet-33013972.pdf?src-supplier=Newark"; VariantName = "[No Variations]"
Change component parameters (AddParameter): Name = "ComponentLink5URL"; Value = "https://datasheet.octopart.com:443/CRCW0805100RFKEA-Vishay-datasheet-33013972.pdf?src-supplier=Newark"; VariantName = "[No Variations]"
Change component parameters (AddParameter): Name = "ComponentLink6Description"; Value = "https://datasheet.octopart.com:443/CRCW0805100RFKEA-Vishay-datasheet-62317937.pdf?src-supplier=element14+APAC"; VariantName = "[No Variations]"
Change component parameters (AddParameter): Name = "ComponentLink6URL"; Value = "https://datasheet.octopart.com:443/CRCW0805100RFKEA-Vishay-datasheet-62317937.pdf?src-supplier=element14+APAC"; VariantName = "[No Variations]"
Change component parameters (AddParameter): Name = "ComponentLink7Description"; Value = "https://datasheet.octopart.com:443/CRCW0805100RFKEA-Vishay-datasheet-14722531.pdf?src-supplier=element14+APAC"; VariantName = "[No Variations]"
Change component parameters (AddParameter): Name = "ComponentLink7URL"; Value = "https://datasheet.octopart.com:443/CRCW0805100RFKEA-Vishay-datasheet-14722531.pdf?src-supplier=element14+APAC"; VariantName = "[No Variations]"
Change component parameters (AddParameter): Name = "ComponentLink8Description"; Value = "https://datasheet.octopart.com:443/CRCW0805100RFKEA.-Vishay-datasheet-78776209.pdf?src-supplier=element14+APAC"; VariantName = "[No Variations]"
Change component parameters (AddParameter): Name = "ComponentLink8URL"; Value = "https://datasheet.octopart.com:443/CRCW0805100RFKEA.-Vishay-datasheet-78776209.pdf?src-supplier=element14+APAC"; VariantName = "[No Variations]"
Change component parameters (AddParameter): Name = "ComponentLink9Description"; Value = "https://datasheet.octopart.com:443/CRCW0805100RFKEA-Vishay-datasheet-66077789.pdf?src-supplier=element14+APAC"; VariantName = "[No Variations]"
Change component parameters (AddParameter): Name = "ComponentLink9URL"; Value = "https://datasheet.octopart.com:443/CRCW0805100RFKEA-Vishay-datasheet-66077789.pdf?src-supplier=element14+APAC"; VariantName = "[No Variations]"
Change component parameters (AddParameter): Name = "ComponentLink10Description"; Value = "https://datasheet.octopart.com:443/CRCW0805100RFKEA-Vishay-datasheet-16179825.pdf?src-supplier=element14+APAC"; VariantName = "[No Variations]"
Change component parameters (AddParameter): Name = "ComponentLink10URL"; Value = "https://datasheet.octopart.com:443/CRCW0805100RFKEA-Vishay-datasheet-16179825.pdf?src-supplier=element14+APAC"; VariantName = "[No Variations]"
Change component parameters (AddParameter): Name = "ComponentLink11Description"; Value = "https://datasheet.octopart.com:443/CRCW0805100RFKEA-Vishay-datasheet-5300368.pdf?src-supplier=Future+Electronics"; VariantName = "[No Variations]"
Change component parameters (AddParameter): Name = "ComponentLink11URL"; Value = "https://datasheet.octopart.com:443/CRCW0805100RFKEA-Vishay-datasheet-5300368.pdf?src-supplier=Future+Electronics"; VariantName = "[No Variations]"
Change component parameters (AddParameter): Name = "ComponentLink12Description"; Value = "https://datasheet.octopart.com:443/CRCW0805100RFKEA-Vishay-datasheet-62316122.pdf?src-supplier=Future+Electronics"; VariantName = "[No Variations]"
Change component parameters (AddParameter): Name = "ComponentLink12URL"; Value = "https://datasheet.octopart.com:443/CRCW0805100RFKEA-Vishay-datasheet-62316122.pdf?src-supplier=Future+Electronics"; VariantName = "[No Variations]"
Change component parameters (AddParameter): Name = "ComponentLink13Description"; Value = "https://datasheet.octopart.com:443/CRCW0805100RFKEA-Vishay-datasheet-5306405.pdf?src-supplier=RS+(Formerly+Allied+Electronics)"; VariantName = "[No Variations]"
Change component parameters (AddParameter): Name = "ComponentLink13URL"; Value = "https://datasheet.octopart.com:443/CRCW0805100RFKEA-Vishay-datasheet-5306405.pdf?src-supplier=RS+(Formerly+Allied+Electronics)"; VariantName = "[No Variations]"
Change component parameters (AddParameter): Name = "ComponentLink14Description"; Value = "https://datasheet.octopart.com:443/CRCW0805100RFKEA-Vishay-Dale-datasheet-47688880.pdf?src-supplier=RS+(Formerly+Allied+Electronics)"; VariantName = "[No Variations]"
Change component parameters (AddParameter): Name = "ComponentLink14URL"; Value = "https://datasheet.octopart.com:443/CRCW0805100RFKEA-Vishay-Dale-datasheet-47688880.pdf?src-supplier=RS+(Formerly+Allied+Electronics)"; VariantName = "[No Variations]"
Change component parameters (AddParameter): Name = "ComponentLink15Description"; Value = "https://datasheet.octopart.com:443/CRCW0805100RFKEA-Vishay-datasheet-12001583.pdf?src-supplier=RS+(Formerly+Allied+Electronics)"; VariantName = "[No Variations]"
Change component parameters (AddParameter): Name = "ComponentLink15URL"; Value = "https://datasheet.octopart.com:443/CRCW0805100RFKEA-Vishay-datasheet-12001583.pdf?src-supplier=RS+(Formerly+Allied+Electronics)"; VariantName = "[No Variations]"
Change component parameters (AddParameter): Name = "ComponentLink16Description"; Value = "https://datasheet.octopart.com:443/CRCW0805100RFKEA-Vishay-datasheet-17834126.pdf?src-supplier=TME"; VariantName = "[No Variations]"
Change component parameters (AddParameter): Name = "ComponentLink16URL"; Value = "https://datasheet.octopart.com:443/CRCW0805100RFKEA-Vishay-datasheet-17834126.pdf?src-supplier=TME"; VariantName = "[No Variations]"
Change component parameters (AddParameter): Name = "ComponentLink17Description"; Value = "https://datasheet.octopart.com/D-CRCW-e3-Standard-Thick-Film-Chip-Resistors-Vishay-datasheet-family-64.pdf"; VariantName = "[No Variations]"
Change component parameters (AddParameter): Name = "ComponentLink17URL"; Value = "https://datasheet.octopart.com/D-CRCW-e3-Standard-Thick-Film-Chip-Resistors-Vishay-datasheet-family-64.pdf"; VariantName = "[No Variations]"
Change component parameters (AddParameter): Name = "ComponentLink18Description"; Value = "https://datasheet.octopart.com:443/CRCW0805100RFKEA-Vishay-datasheet-13242068.pdf?src-supplier=Farnell"; VariantName = "[No Variations]"
Change component parameters (AddParameter): Name = "ComponentLink18URL"; Value = "https://datasheet.octopart.com:443/CRCW0805100RFKEA-Vishay-datasheet-13242068.pdf?src-supplier=Farnell"; VariantName = "[No Variations]"
Change component parameters (AddParameter): Name = "ComponentLink19Description"; Value = "https://datasheet.octopart.com:443/CRCW0805100RFKEA-Vishay-datasheet-13195083.pdf?src-supplier=Farnell"; VariantName = "[No Variations]"
Change component parameters (AddParameter): Name = "ComponentLink19URL"; Value = "https://datasheet.octopart.com:443/CRCW0805100RFKEA-Vishay-datasheet-13195083.pdf?src-supplier=Farnell"; VariantName = "[No Variations]"
Change component parameters (AddParameter): Name = "ComponentLink20Description"; Value = "https://datasheet.octopart.com:443/CRCW0805100RFKEA-Vishay-datasheet-13034211.pdf?src-supplier=Farnell"; VariantName = "[No Variations]"
Change component parameters (AddParameter): Name = "ComponentLink20URL"; Value = "https://datasheet.octopart.com:443/CRCW0805100RFKEA-Vishay-datasheet-13034211.pdf?src-supplier=Farnell"; VariantName = "[No Variations]"
Change component parameters (AddParameter): Name = "ComponentLink21Description"; Value = "https://datasheet.octopart.com:443/CRCW0805100RFKEA-Vishay-datasheet-12600034.pdf?src-supplier=Farnell"; VariantName = "[No Variations]"
Change component parameters (AddParameter): Name = "ComponentLink21URL"; Value = "https://datasheet.octopart.com:443/CRCW0805100RFKEA-Vishay-datasheet-12600034.pdf?src-supplier=Farnell"; VariantName = "[No Variations]"
Change component parameters (AddParameter): Name = "ComponentLink22Description"; Value = "https://datasheet.octopart.com:443/CRCW0805100RFKEA-Vishay-datasheet-12532161.pdf?src-supplier=Farnell"; VariantName = "[No Variations]"
Change component parameters (AddParameter): Name = "ComponentLink22URL"; Value = "https://datasheet.octopart.com:443/CRCW0805100RFKEA-Vishay-datasheet-12532161.pdf?src-supplier=Farnell"; VariantName = "[No Variations]"
Change component parameters (AddParameter): Name = "ComponentLink23Description"; Value = "https://datasheet.octopart.com:443/CRCW0805100RFKEA-Vishay-datasheet-12517896.pdf?src-supplier=Farnell"; VariantName = "[No Variations]"
Change component parameters (AddParameter): Name = "ComponentLink23URL"; Value = "https://datasheet.octopart.com:443/CRCW0805100RFKEA-Vishay-datasheet-12517896.pdf?src-supplier=Farnell"; VariantName = "[No Variations]"
Change component parameters (AddParameter): Name = "ComponentLink24Description"; Value = "https://datasheet.octopart.com:443/CRCW0805100RFKEA-Vishay-datasheet-12509762.pdf?src-supplier=Farnell"; VariantName = "[No Variations]"
Change component parameters (AddParameter): Name = "ComponentLink24URL"; Value = "https://datasheet.octopart.com:443/CRCW0805100RFKEA-Vishay-datasheet-12509762.pdf?src-supplier=Farnell"; VariantName = "[No Variations]"
Change component parameters (AddParameter): Name = "ComponentLink25Description"; Value = "https://datasheet.octopart.com:443/CRCW0805100RFKEA-Vishay-datasheet-10322335.pdf?src-supplier=Farnell"; VariantName = "[No Variations]"
Change component parameters (AddParameter): Name = "ComponentLink25URL"; Value = "https://datasheet.octopart.com:443/CRCW0805100RFKEA-Vishay-datasheet-10322335.pdf?src-supplier=Farnell"; VariantName = "[No Variations]"
Change component parameters (AddParameter): Name = "ComponentLink26Description"; Value = "https://datasheet.octopart.com:443/CRCW0805100RFKEA-Vishay-datasheet-8788789.pdf?src-supplier=Farnell"; VariantName = "[No Variations]"
Change component parameters (AddParameter): Name = "ComponentLink26URL"; Value = "https://datasheet.octopart.com:443/CRCW0805100RFKEA-Vishay-datasheet-8788789.pdf?src-supplier=Farnell"; VariantName = "[No Variations]"
Change component parameters (AddParameter): Name = "ComponentLink27Description"; Value = "https://datasheet.octopart.com:443/CRCW0805100RFKEA-Vishay-datasheet-8361388.pdf?src-supplier=Farnell"; VariantName = "[No Variations]"
Change component parameters (AddParameter): Name = "ComponentLink27URL"; Value = "https://datasheet.octopart.com:443/CRCW0805100RFKEA-Vishay-datasheet-8361388.pdf?src-supplier=Farnell"; VariantName = "[No Variations]"
Change component parameters (AddParameter): Name = "ComponentLink28Description"; Value = "https://datasheet.octopart.com:443/CRCW0805100RFKEA-Vishay-datasheet-546287.pdf?src-supplier=Farnell"; VariantName = "[No Variations]"
Change component parameters (AddParameter): Name = "ComponentLink28URL"; Value = "https://datasheet.octopart.com:443/CRCW0805100RFKEA-Vishay-datasheet-546287.pdf?src-supplier=Farnell"; VariantName = "[No Variations]"
Change component parameters (AddParameter): Name = "ComponentLink29Description"; Value = "https://datasheet.octopart.com:443/CRCW0805100RFKEA-Vishay-datasheet-11540273.pdf?src-supplier=Arrow+Electronics"; VariantName = "[No Variations]"
Change component parameters (AddParameter): Name = "ComponentLink29URL"; Value = "https://datasheet.octopart.com:443/CRCW0805100RFKEA-Vishay-datasheet-11540273.pdf?src-supplier=Arrow+Electronics"; VariantName = "[No Variations]"
Change component parameters (AddParameter): Name = "ComponentLink30Description"; Value = "https://datasheet.octopart.com:443/CRCW0805100RFKEA-Vishay-datasheet-8445837.pdf?src-supplier=element14"; VariantName = "[No Variations]"
Change component parameters (AddParameter): Name = "ComponentLink30URL"; Value = "https://datasheet.octopart.com:443/CRCW0805100RFKEA-Vishay-datasheet-8445837.pdf?src-supplier=element14"; VariantName = "[No Variations]"
Change component parameters (AddParameter): Name = "ComponentLink31Description"; Value = "https://datasheet.octopart.com:443/CRCW0805100RFKEA-Vishay-datasheet-5377306.pdf?src-supplier=Garrett"; VariantName = "[No Variations]"
Change component parameters (AddParameter): Name = "ComponentLink31URL"; Value = "https://datasheet.octopart.com:443/CRCW0805100RFKEA-Vishay-datasheet-5377306.pdf?src-supplier=Garrett"; VariantName = "[No Variations]"
Change component parameters (AddParameter): Name = "ComponentLink32Description"; Value = "https://datasheet.octopart.com:443/CRCW0805100RFKEA-Vishay-datasheet-148188.pdf?src-supplier=Garrett"; VariantName = "[No Variations]"
Change component parameters (AddParameter): Name = "ComponentLink32URL"; Value = "https://datasheet.octopart.com:443/CRCW0805100RFKEA-Vishay-datasheet-148188.pdf?src-supplier=Garrett"; VariantName = "[No Variations]"
Change component parameters (AddParameter): Name = "ComponentLink33Description"; Value = "https://datasheet.octopart.com:443/CRCW0805100RFKEA-Vishay-datasheet-34203.pdf?src-supplier=Garrett"; VariantName = "[No Variations]"
Change component parameters (AddParameter): Name = "ComponentLink33URL"; Value = "https://datasheet.octopart.com:443/CRCW0805100RFKEA-Vishay-datasheet-34203.pdf?src-supplier=Garrett"; VariantName = "[No Variations]"
Change component parameters (AddParameter): Name = "ComponentLink34Description"; Value = "http://sigma.octopart.com:80/rohs_certificate/D-CRCW-e3-Standard-Thick-Film-Chip-Resistors-Vishay-family-102.pdf?src-supplier=Compliance+Statements"; VariantName = "[No Variations]"
Change component parameters (AddParameter): Name = "ComponentLink34URL"; Value = "http://sigma.octopart.com:80/rohs_certificate/D-CRCW-e3-Standard-Thick-Film-Chip-Resistors-Vishay-family-102.pdf?src-supplier=Compliance+Statements"; VariantName = "[No Variations]"
Change component parameters (AddParameter): Name = "Composition"; Value = "Thick Film"; VariantName = "[No Variations]"
Change component parameters (AddParameter): Name = "Contact Plating"; Value = "Tin"; VariantName = "[No Variations]"
Change component parameters (AddParameter): Name = "Depth"; Value = "1.25mm"; VariantName = "[No Variations]"
Change component parameters (AddParameter): Name = "Features"; Value = "Automotive AEC-Q200"; VariantName = "[No Variations]"
Change component parameters (AddParameter): Name = "Height"; Value = "450µm"; VariantName = "[No Variations]"
Change component parameters (AddParameter): Name = "LCSC"; Value = "C844936"; VariantName = "[No Variations]"
Change component parameters (AddParameter): Name = "Lead Free"; Value = "Lead Free"; VariantName = "[No Variations]"
Change component parameters (AddParameter): Name = "Length"; Value = "2mm"; VariantName = "[No Variations]"
Change component parameters (AddParameter): Name = "Lifecycle Status"; Value = "Production"; VariantName = "[No Variations]"
Change component parameters (AddParameter): Name = "Manufacturer"; Value = "Vishay"; VariantName = "[No Variations]"
Change component parameters (AddParameter): Name = "Manufacturer Package Identifier"; Value = "CRCW0805-e3"; VariantName = "[No Variations]"
Change component parameters (AddParameter): Name = "Manufacturer Part Number"; Value = "CRCW0805100RFKEA"; VariantName = "[No Variations]"
Change component parameters (AddParameter): Name = "Max Operating Temperature"; Value = "155°C"; VariantName = "[No Variations]"
Change component parameters (AddParameter): Name = "Max Power Dissipation"; Value = "125mW"; VariantName = "[No Variations]"
Change component parameters (AddParameter): Name = "Military Standard"; Value = "Not"; VariantName = "[No Variations]"
Change component parameters (AddParameter): Name = "Min Operating Temperature"; Value = "-55°C"; VariantName = "[No Variations]"
Change component parameters (AddParameter): Name = "Mounting Technology"; Value = "Surface Mount"; VariantName = "[No Variations]"
Change component parameters (AddParameter): Name = "Number of Terminals"; Value = "2"; VariantName = "[No Variations]"
Change component parameters (AddParameter): Name = "Number of Terminations"; Value = "2"; VariantName = "[No Variations]"
Change component parameters (AddParameter): Name = "Pins"; Value = "2"; VariantName = "[No Variations]"
Change component parameters (AddParameter): Name = "Power Dissipation"; Value = "125mW"; VariantName = "[No Variations]"
Change component parameters (AddParameter): Name = "Power Rating"; Value = "125mW"; VariantName = "[No Variations]"
Change component parameters (AddParameter): Name = "Pricing"; Value = "1=0,1, 10=0,041, 25=0,0312, 50=0,0256, 100=0,0212, 250=0,01692, 500=0,01448, 1000=0,01254 (USD)"; VariantName = "[No Variations]"
Change component parameters (AddParameter): Name = "Radiation Hardening"; Value = "No"; VariantName = "[No Variations]"
Change component parameters (AddParameter): Name = "REACH SVHC"; Value = "Yes"; VariantName = "[No Variations]"
Change component parameters (AddParameter): Name = "RoHS"; Value = "Compliant"; VariantName = "[No Variations]"
Change component parameters (AddParameter): Name = "Schedule B"; Value = "8533210045, 8533210045|8533210045|8533210045|8533210045|8533210045|8533210045|8533210045|8533210045|8533210045|8533210045|8533210045|8533210045|8533210045|8533210045|8533210045|8533210045|8533210045|8533210045|8533210045|8533210045|8533210045|8533210045|8533210045|85"; VariantName = "[No Variations]"
Change component parameters (AddParameter): Name = "Stock"; Value = "224684"; VariantName = "[No Variations]"
Change component parameters (AddParameter): Name = "Supplier"; Value = "DigiKey"; VariantName = "[No Variations]"
Change component parameters (AddParameter): Name = "Supplier Part Number"; Value = "541-100CCT-ND"; VariantName = "[No Variations]"
Change component parameters (AddParameter): Name = "Temperature Coefficient"; Value = "100ppm/°C"; VariantName = "[No Variations]"
Change component parameters (AddParameter): Name = "Termination"; Value = "SMD/SMT"; VariantName = "[No Variations]"
Change component parameters (AddParameter): Name = "Tolerance"; Value = "1%"; VariantName = "[No Variations]"
Change component parameters (AddParameter): Name = "Value"; Value = "100O"; VariantName = "[No Variations]"
Change component parameters (AddParameter): Name = "Voltage Rating"; Value = "150V"; VariantName = "[No Variations]"
Change component parameters (AddParameter): Name = "Voltage Rating (DC)"; Value = "150V"; VariantName = "[No Variations]"
Change component parameters (AddParameter): Name = "Weight"; Value = "5.499807mg"; VariantName = "[No Variations]"
Change component parameters (AddParameter): Name = "Width"; Value = "1.25mm"; VariantName = "[No Variations]"
Change component parameters (AddParameter): Name = "Working Voltage"; Value = "150V"; VariantName = "[No Variations]"
Change component parameters: Designator = "R6" ("R6"); Footprint = "180Resistor"; UniqueID = "\XXGMGOKJ" ("\XXGMGOKJ")
Change component parameters (AddParameter): Name = "Case Code (Imperial)"; Value = "0805"; VariantName = "[No Variations]"
Change component parameters (AddParameter): Name = "Case/Package"; Value = "0805"; VariantName = "[No Variations]"
Change component parameters (AddParameter): Name = "Category"; Value = "Chip SMD Resistors"; VariantName = "[No Variations]"
Change component parameters (AddParameter): Name = "China RoHS"; Value = "Non-Compliant"; VariantName = "[No Variations]"
Change component parameters (AddParameter): Name = "ComponentLink1Description"; Value = "https://datasheet.octopart.com:443/CRCW0805180RFKEA-Vishay-datasheet-175423584.pdf?src-supplier=IHS"; VariantName = "[No Variations]"
Change component parameters (AddParameter): Name = "ComponentLink1URL"; Value = "https://datasheet.octopart.com:443/CRCW0805180RFKEA-Vishay-datasheet-175423584.pdf?src-supplier=IHS"; VariantName = "[No Variations]"
Change component parameters (AddParameter): Name = "ComponentLink2Description"; Value = "https://datasheet.octopart.com:443/CRCW0805180RFKEA-Vishay-datasheet-5300368.pdf?src-supplier=Farnell"; VariantName = "[No Variations]"
Change component parameters (AddParameter): Name = "ComponentLink2URL"; Value = "https://datasheet.octopart.com:443/CRCW0805180RFKEA-Vishay-datasheet-5300368.pdf?src-supplier=Farnell"; VariantName = "[No Variations]"
Change component parameters (AddParameter): Name = "ComponentLink3Description"; Value = "https://datasheet.octopart.com:443/CRCW0805180RFKEA-Vishay-datasheet-83961561.pdf?src-supplier=Newark"; VariantName = "[No Variations]"
Change component parameters (AddParameter): Name = "ComponentLink3URL"; Value = "https://datasheet.octopart.com:443/CRCW0805180RFKEA-Vishay-datasheet-83961561.pdf?src-supplier=Newark"; VariantName = "[No Variations]"
Change component parameters (AddParameter): Name = "ComponentLink4Description"; Value = "https://datasheet.octopart.com:443/CRCW0805180RFKEA-Vishay-datasheet-11516975.pdf?src-supplier=Newark"; VariantName = "[No Variations]"
Change component parameters (AddParameter): Name = "ComponentLink4URL"; Value = "https://datasheet.octopart.com:443/CRCW0805180RFKEA-Vishay-datasheet-11516975.pdf?src-supplier=Newark"; VariantName = "[No Variations]"
Change component parameters (AddParameter): Name = "ComponentLink5Description"; Value = "https://datasheet.octopart.com:443/CRCW0805180RFKEA-Vishay-datasheet-41302739.pdf?src-supplier=Newark"; VariantName = "[No Variations]"
Change component parameters (AddParameter): Name = "ComponentLink5URL"; Value = "https://datasheet.octopart.com:443/CRCW0805180RFKEA-Vishay-datasheet-41302739.pdf?src-supplier=Newark"; VariantName = "[No Variations]"
Change component parameters (AddParameter): Name = "ComponentLink6Description"; Value = "https://datasheet.octopart.com:443/CRCW0805180RFKEA-Vishay-datasheet-33013972.pdf?src-supplier=Newark"; VariantName = "[No Variations]"
Change component parameters (AddParameter): Name = "ComponentLink6URL"; Value = "https://datasheet.octopart.com:443/CRCW0805180RFKEA-Vishay-datasheet-33013972.pdf?src-supplier=Newark"; VariantName = "[No Variations]"
Change component parameters (AddParameter): Name = "ComponentLink7Description"; Value = "https://datasheet.octopart.com:443/CRCW0805180RFKEA-Vishay-datasheet-66077789.pdf?src-supplier=element14+APAC"; VariantName = "[No Variations]"
Change component parameters (AddParameter): Name = "ComponentLink7URL"; Value = "https://datasheet.octopart.com:443/CRCW0805180RFKEA-Vishay-datasheet-66077789.pdf?src-supplier=element14+APAC"; VariantName = "[No Variations]"
Change component parameters (AddParameter): Name = "ComponentLink8Description"; Value = "https://datasheet.octopart.com:443/CRCW0805180RFKEA-Vishay-datasheet-62317937.pdf?src-supplier=element14+APAC"; VariantName = "[No Variations]"
Change component parameters (AddParameter): Name = "ComponentLink8URL"; Value = "https://datasheet.octopart.com:443/CRCW0805180RFKEA-Vishay-datasheet-62317937.pdf?src-supplier=element14+APAC"; VariantName = "[No Variations]"
Change component parameters (AddParameter): Name = "ComponentLink9Description"; Value = "https://datasheet.octopart.com:443/CRCW0805180RFKEA-Vishay-datasheet-10882403.pdf?src-supplier=element14+APAC"; VariantName = "[No Variations]"
Change component parameters (AddParameter): Name = "ComponentLink9URL"; Value = "https://datasheet.octopart.com:443/CRCW0805180RFKEA-Vishay-datasheet-10882403.pdf?src-supplier=element14+APAC"; VariantName = "[No Variations]"
Change component parameters (AddParameter): Name = "ComponentLink10Description"; Value = "https://datasheet.octopart.com:443/CRCW0805180RFKEA.-Vishay-datasheet-78776209.pdf?src-supplier=element14+APAC"; VariantName = "[No Variations]"
Change component parameters (AddParameter): Name = "ComponentLink10URL"; Value = "https://datasheet.octopart.com:443/CRCW0805180RFKEA.-Vishay-datasheet-78776209.pdf?src-supplier=element14+APAC"; VariantName = "[No Variations]"
Change component parameters (AddParameter): Name = "ComponentLink11Description"; Value = "https://datasheet.octopart.com:443/CRCW0805180RFKEA-Vishay-datasheet-14722531.pdf?src-supplier=element14+APAC"; VariantName = "[No Variations]"
Change component parameters (AddParameter): Name = "ComponentLink11URL"; Value = "https://datasheet.octopart.com:443/CRCW0805180RFKEA-Vishay-datasheet-14722531.pdf?src-supplier=element14+APAC"; VariantName = "[No Variations]"
Change component parameters (AddParameter): Name = "ComponentLink12Description"; Value = "https://datasheet.octopart.com:443/CRCW0805180RFKEA-Vishay-datasheet-62316122.pdf?src-supplier=Future+Electronics"; VariantName = "[No Variations]"
Change component parameters (AddParameter): Name = "ComponentLink12URL"; Value = "https://datasheet.octopart.com:443/CRCW0805180RFKEA-Vishay-datasheet-62316122.pdf?src-supplier=Future+Electronics"; VariantName = "[No Variations]"
Change component parameters (AddParameter): Name = "ComponentLink13Description"; Value = "https://datasheet.octopart.com:443/CRCW0805180RFKEA-Vishay-datasheet-12519820.pdf?src-supplier=Future+Electronics"; VariantName = "[No Variations]"
Change component parameters (AddParameter): Name = "ComponentLink13URL"; Value = "https://datasheet.octopart.com:443/CRCW0805180RFKEA-Vishay-datasheet-12519820.pdf?src-supplier=Future+Electronics"; VariantName = "[No Variations]"
Change component parameters (AddParameter): Name = "ComponentLink14Description"; Value = "https://datasheet.octopart.com:443/CRCW0805180RFKEA-Vishay-Dale-datasheet-47688880.pdf?src-supplier=RS+(Formerly+Allied+Electronics)"; VariantName = "[No Variations]"
Change component parameters (AddParameter): Name = "ComponentLink14URL"; Value = "https://datasheet.octopart.com:443/CRCW0805180RFKEA-Vishay-Dale-datasheet-47688880.pdf?src-supplier=RS+(Formerly+Allied+Electronics)"; VariantName = "[No Variations]"
Change component parameters (AddParameter): Name = "ComponentLink15Description"; Value = "https://datasheet.octopart.com:443/CRCW0805180RFKEA-Vishay-datasheet-12001583.pdf?src-supplier=RS+(Formerly+Allied+Electronics)"; VariantName = "[No Variations]"
Change component parameters (AddParameter): Name = "ComponentLink15URL"; Value = "https://datasheet.octopart.com:443/CRCW0805180RFKEA-Vishay-datasheet-12001583.pdf?src-supplier=RS+(Formerly+Allied+Electronics)"; VariantName = "[No Variations]"
Change component parameters (AddParameter): Name = "ComponentLink16Description"; Value = "https://datasheet.octopart.com:443/CRCW0805180RFKEA-Vishay-datasheet-5306405.pdf?src-supplier=RS+(Formerly+Allied+Electronics)"; VariantName = "[No Variations]"
Change component parameters (AddParameter): Name = "ComponentLink16URL"; Value = "https://datasheet.octopart.com:443/CRCW0805180RFKEA-Vishay-datasheet-5306405.pdf?src-supplier=RS+(Formerly+Allied+Electronics)"; VariantName = "[No Variations]"
Change component parameters (AddParameter): Name = "ComponentLink17Description"; Value = "https://datasheet.octopart.com:443/CRCW0805180RFKEA-Vishay-datasheet-8619608.pdf?src-supplier=element14"; VariantName = "[No Variations]"
Change component parameters (AddParameter): Name = "ComponentLink17URL"; Value = "https://datasheet.octopart.com:443/CRCW0805180RFKEA-Vishay-datasheet-8619608.pdf?src-supplier=element14"; VariantName = "[No Variations]"
Change component parameters (AddParameter): Name = "ComponentLink18Description"; Value = "https://datasheet.octopart.com:443/CRCW0805180RFKEA-Vishay-datasheet-5377306.pdf?src-supplier=Garrett"; VariantName = "[No Variations]"
Change component parameters (AddParameter): Name = "ComponentLink18URL"; Value = "https://datasheet.octopart.com:443/CRCW0805180RFKEA-Vishay-datasheet-5377306.pdf?src-supplier=Garrett"; VariantName = "[No Variations]"
Change component parameters (AddParameter): Name = "ComponentLink19Description"; Value = "http://sigma.octopart.com:80/rohs_statement/Vishay-company-15.pdf?src-supplier=Compliance+Statements"; VariantName = "[No Variations]"
Change component parameters (AddParameter): Name = "ComponentLink19URL"; Value = "http://sigma.octopart.com:80/rohs_statement/Vishay-company-15.pdf?src-supplier=Compliance+Statements"; VariantName = "[No Variations]"
Change component parameters (AddParameter): Name = "Composition"; Value = "Thick Film"; VariantName = "[No Variations]"
Change component parameters (AddParameter): Name = "Contact Plating"; Value = "Tin"; VariantName = "[No Variations]"
Change component parameters (AddParameter): Name = "Depth"; Value = "1.25mm"; VariantName = "[No Variations]"
Change component parameters (AddParameter): Name = "Features"; Value = "Automotive AEC-Q200"; VariantName = "[No Variations]"
Change component parameters (AddParameter): Name = "Height"; Value = "450µm"; VariantName = "[No Variations]"
Change component parameters (AddParameter): Name = "LCSC"; Value = "C844397"; VariantName = "[No Variations]"
Change component parameters (AddParameter): Name = "Lead Free"; Value = "Lead Free"; VariantName = "[No Variations]"
Change component parameters (AddParameter): Name = "Length"; Value = "2mm"; VariantName = "[No Variations]"
Change component parameters (AddParameter): Name = "Lifecycle Status"; Value = "Production"; VariantName = "[No Variations]"
Change component parameters (AddParameter): Name = "Manufacturer"; Value = "Vishay"; VariantName = "[No Variations]"
Change component parameters (AddParameter): Name = "Manufacturer Package Identifier"; Value = "CRCW0805-e3"; VariantName = "[No Variations]"
Change component parameters (AddParameter): Name = "Manufacturer Part Number"; Value = "CRCW0805180RFKEA"; VariantName = "[No Variations]"
Change component parameters (AddParameter): Name = "Max Operating Temperature"; Value = "155°C"; VariantName = "[No Variations]"
Change component parameters (AddParameter): Name = "Max Power Dissipation"; Value = "125mW"; VariantName = "[No Variations]"
Change component parameters (AddParameter): Name = "Military Standard"; Value = "Not"; VariantName = "[No Variations]"
Change component parameters (AddParameter): Name = "Min Operating Temperature"; Value = "-55°C"; VariantName = "[No Variations]"
Change component parameters (AddParameter): Name = "Mounting Technology"; Value = "Surface Mount"; VariantName = "[No Variations]"
Change component parameters (AddParameter): Name = "Number of Terminals"; Value = "2"; VariantName = "[No Variations]"
Change component parameters (AddParameter): Name = "Number of Terminations"; Value = "2"; VariantName = "[No Variations]"
Change component parameters (AddParameter): Name = "Packaging"; Value = "Cut Tape"; VariantName = "[No Variations]"
Change component parameters (AddParameter): Name = "Pins"; Value = "2"; VariantName = "[No Variations]"
Change component parameters (AddParameter): Name = "Power Dissipation"; Value = "125mW"; VariantName = "[No Variations]"
Change component parameters (AddParameter): Name = "Power Rating"; Value = "125mW"; VariantName = "[No Variations]"
Change component parameters (AddParameter): Name = "Pricing"; Value = "1=0,1, 10=0,041, 25=0,0312, 50=0,0256, 100=0,0212, 250=0,01692, 500=0,01456, 1000=0,01254 (USD)"; VariantName = "[No Variations]"
Change component parameters (AddParameter): Name = "Radiation Hardening"; Value = "No"; VariantName = "[No Variations]"
Change component parameters (AddParameter): Name = "REACH SVHC"; Value = "Yes"; VariantName = "[No Variations]"
Change component parameters (AddParameter): Name = "RoHS"; Value = "Compliant"; VariantName = "[No Variations]"
Change component parameters (AddParameter): Name = "Schedule B"; Value = "8533210045, 8533210045|8533210045|8533210045|8533210045|8533210045|8533210045|8533210045|8533210045|8533210045|8533210045|8533210045|8533210045|8533210045|8533210045|8533210045|8533210045|8533210045|8533210045|8533210045|8533210045|8533210045|8533210045|8533210045|85"; VariantName = "[No Variations]"
Change component parameters (AddParameter): Name = "Stock"; Value = "20841"; VariantName = "[No Variations]"
Change component parameters (AddParameter): Name = "Supplier"; Value = "DigiKey"; VariantName = "[No Variations]"
Change component parameters (AddParameter): Name = "Supplier Part Number"; Value = "541-180CCT-ND"; VariantName = "[No Variations]"
Change component parameters (AddParameter): Name = "Temperature Coefficient"; Value = "100ppm/°C"; VariantName = "[No Variations]"
Change component parameters (AddParameter): Name = "Termination"; Value = "SMD/SMT"; VariantName = "[No Variations]"
Change component parameters (AddParameter): Name = "Tolerance"; Value = "1%"; VariantName = "[No Variations]"
Change component parameters (AddParameter): Name = "Value"; Value = "180O"; VariantName = "[No Variations]"
Change component parameters (AddParameter): Name = "Voltage Rating"; Value = "150V"; VariantName = "[No Variations]"
Change component parameters (AddParameter): Name = "Voltage Rating (DC)"; Value = "150V"; VariantName = "[No Variations]"
Change component parameters (AddParameter): Name = "Weight"; Value = "5.499807mg"; VariantName = "[No Variations]"
Change component parameters (AddParameter): Name = "Width"; Value = "1.25mm"; VariantName = "[No Variations]"
Change component parameters (AddParameter): Name = "Working Voltage"; Value = "150V"; VariantName = "[No Variations]"
Change component parameters: Designator = "R7" ("R7"); Footprint = "100kResistor"; UniqueID = "\TECSZKHP" ("\TECSZKHP")
Change component parameters (AddParameter): Name = "Case Code (Imperial)"; Value = "0805"; VariantName = "[No Variations]"
Change component parameters (AddParameter): Name = "Case/Package"; Value = "0805"; VariantName = "[No Variations]"
Change component parameters (AddParameter): Name = "Category"; Value = "Chip SMD Resistors"; VariantName = "[No Variations]"
Change component parameters (AddParameter): Name = "China RoHS"; Value = "Non-Compliant"; VariantName = "[No Variations]"
Change component parameters (AddParameter): Name = "ComponentLink1Description"; Value = "https://datasheet.octopart.com:443/CRCW0805100KFKEA-Vishay-datasheet-175423584.pdf?src-supplier=IHS"; VariantName = "[No Variations]"
Change component parameters (AddParameter): Name = "ComponentLink1URL"; Value = "https://datasheet.octopart.com:443/CRCW0805100KFKEA-Vishay-datasheet-175423584.pdf?src-supplier=IHS"; VariantName = "[No Variations]"
Change component parameters (AddParameter): Name = "ComponentLink2Description"; Value = "https://datasheet.octopart.com:443/CRCW0805100KFKEA-Vishay-datasheet-141435152.pdf?src-supplier=Upverter"; VariantName = "[No Variations]"
Change component parameters (AddParameter): Name = "ComponentLink2URL"; Value = "https://datasheet.octopart.com:443/CRCW0805100KFKEA-Vishay-datasheet-141435152.pdf?src-supplier=Upverter"; VariantName = "[No Variations]"
Change component parameters (AddParameter): Name = "ComponentLink3Description"; Value = "https://datasheet.octopart.com:443/CRCW0805100KFKEA-Vishay-datasheet-83961561.pdf?src-supplier=element14+APAC"; VariantName = "[No Variations]"
Change component parameters (AddParameter): Name = "ComponentLink3URL"; Value = "https://datasheet.octopart.com:443/CRCW0805100KFKEA-Vishay-datasheet-83961561.pdf?src-supplier=element14+APAC"; VariantName = "[No Variations]"
Change component parameters (AddParameter): Name = "ComponentLink4Description"; Value = "https://datasheet.octopart.com:443/CRCW0805100KFKEA-Vishay-datasheet-62317937.pdf?src-supplier=element14+APAC"; VariantName = "[No Variations]"
Change component parameters (AddParameter): Name = "ComponentLink4URL"; Value = "https://datasheet.octopart.com:443/CRCW0805100KFKEA-Vishay-datasheet-62317937.pdf?src-supplier=element14+APAC"; VariantName = "[No Variations]"
Change component parameters (AddParameter): Name = "ComponentLink5Description"; Value = "https://datasheet.octopart.com:443/CRCW0805100KFKEA-Vishay-datasheet-14722531.pdf?src-supplier=element14+APAC"; VariantName = "[No Variations]"
Change component parameters (AddParameter): Name = "ComponentLink5URL"; Value = "https://datasheet.octopart.com:443/CRCW0805100KFKEA-Vishay-datasheet-14722531.pdf?src-supplier=element14+APAC"; VariantName = "[No Variations]"
Change component parameters (AddParameter): Name = "ComponentLink6Description"; Value = "https://datasheet.octopart.com:443/CRCW0805100KFKEA-Vishay-datasheet-66077789.pdf?src-supplier=element14+APAC"; VariantName = "[No Variations]"
Change component parameters (AddParameter): Name = "ComponentLink6URL"; Value = "https://datasheet.octopart.com:443/CRCW0805100KFKEA-Vishay-datasheet-66077789.pdf?src-supplier=element14+APAC"; VariantName = "[No Variations]"
Change component parameters (AddParameter): Name = "ComponentLink7Description"; Value = "https://datasheet.octopart.com:443/CRCW0805100KFKEA-Vishay-datasheet-16179825.pdf?src-supplier=element14+APAC"; VariantName = "[No Variations]"
Change component parameters (AddParameter): Name = "ComponentLink7URL"; Value = "https://datasheet.octopart.com:443/CRCW0805100KFKEA-Vishay-datasheet-16179825.pdf?src-supplier=element14+APAC"; VariantName = "[No Variations]"
Change component parameters (AddParameter): Name = "ComponentLink8Description"; Value = "https://datasheet.octopart.com:443/CRCW0805100KFKEA.-Vishay-datasheet-78776209.pdf?src-supplier=Newark"; VariantName = "[No Variations]"
Change component parameters (AddParameter): Name = "ComponentLink8URL"; Value = "https://datasheet.octopart.com:443/CRCW0805100KFKEA.-Vishay-datasheet-78776209.pdf?src-supplier=Newark"; VariantName = "[No Variations]"
Change component parameters (AddParameter): Name = "ComponentLink9Description"; Value = "https://datasheet.octopart.com:443/CRCW0805100KFKEA-Vishay-datasheet-11516975.pdf?src-supplier=Newark"; VariantName = "[No Variations]"
Change component parameters (AddParameter): Name = "ComponentLink9URL"; Value = "https://datasheet.octopart.com:443/CRCW0805100KFKEA-Vishay-datasheet-11516975.pdf?src-supplier=Newark"; VariantName = "[No Variations]"
Change component parameters (AddParameter): Name = "ComponentLink10Description"; Value = "https://datasheet.octopart.com:443/CRCW0805100KFKEA-Vishay-datasheet-33013972.pdf?src-supplier=Newark"; VariantName = "[No Variations]"
Change component parameters (AddParameter): Name = "ComponentLink10URL"; Value = "https://datasheet.octopart.com:443/CRCW0805100KFKEA-Vishay-datasheet-33013972.pdf?src-supplier=Newark"; VariantName = "[No Variations]"
Change component parameters (AddParameter): Name = "ComponentLink11Description"; Value = "https://datasheet.octopart.com:443/CRCW0805100KFKEA-Vishay-datasheet-21268114.pdf?src-supplier=Newark"; VariantName = "[No Variations]"
Change component parameters (AddParameter): Name = "ComponentLink11URL"; Value = "https://datasheet.octopart.com:443/CRCW0805100KFKEA-Vishay-datasheet-21268114.pdf?src-supplier=Newark"; VariantName = "[No Variations]"
Change component parameters (AddParameter): Name = "ComponentLink12Description"; Value = "https://datasheet.octopart.com:443/CRCW0805100KFKEA-Vishay-datasheet-5300368.pdf?src-supplier=Future+Electronics"; VariantName = "[No Variations]"
Change component parameters (AddParameter): Name = "ComponentLink12URL"; Value = "https://datasheet.octopart.com:443/CRCW0805100KFKEA-Vishay-datasheet-5300368.pdf?src-supplier=Future+Electronics"; VariantName = "[No Variations]"
Change component parameters (AddParameter): Name = "ComponentLink13Description"; Value = "https://datasheet.octopart.com:443/CRCW0805100KFKEA-Vishay-datasheet-62316122.pdf?src-supplier=Future+Electronics"; VariantName = "[No Variations]"
Change component parameters (AddParameter): Name = "ComponentLink13URL"; Value = "https://datasheet.octopart.com:443/CRCW0805100KFKEA-Vishay-datasheet-62316122.pdf?src-supplier=Future+Electronics"; VariantName = "[No Variations]"
Change component parameters (AddParameter): Name = "ComponentLink14Description"; Value = "https://datasheet.octopart.com:443/CRCW0805100KFKEA-Vishay-datasheet-5306405.pdf?src-supplier=RS+(Formerly+Allied+Electronics)"; VariantName = "[No Variations]"
Change component parameters (AddParameter): Name = "ComponentLink14URL"; Value = "https://datasheet.octopart.com:443/CRCW0805100KFKEA-Vishay-datasheet-5306405.pdf?src-supplier=RS+(Formerly+Allied+Electronics)"; VariantName = "[No Variations]"
Change component parameters (AddParameter): Name = "ComponentLink15Description"; Value = "https://datasheet.octopart.com:443/CRCW0805100KFKEA-Vishay-Dale-datasheet-47688880.pdf?src-supplier=RS+(Formerly+Allied+Electronics)"; VariantName = "[No Variations]"
Change component parameters (AddParameter): Name = "ComponentLink15URL"; Value = "https://datasheet.octopart.com:443/CRCW0805100KFKEA-Vishay-Dale-datasheet-47688880.pdf?src-supplier=RS+(Formerly+Allied+Electronics)"; VariantName = "[No Variations]"
Change component parameters (AddParameter): Name = "ComponentLink16Description"; Value = "https://datasheet.octopart.com:443/CRCW0805100KFKEA-Vishay-datasheet-12001583.pdf?src-supplier=RS+(Formerly+Allied+Electronics)"; VariantName = "[No Variations]"
Change component parameters (AddParameter): Name = "ComponentLink16URL"; Value = "https://datasheet.octopart.com:443/CRCW0805100KFKEA-Vishay-datasheet-12001583.pdf?src-supplier=RS+(Formerly+Allied+Electronics)"; VariantName = "[No Variations]"
Change component parameters (AddParameter): Name = "ComponentLink17Description"; Value = "https://datasheet.octopart.com:443/CRCW0805100KFKEA-Vishay-datasheet-17834126.pdf?src-supplier=TME"; VariantName = "[No Variations]"
Change component parameters (AddParameter): Name = "ComponentLink17URL"; Value = "https://datasheet.octopart.com:443/CRCW0805100KFKEA-Vishay-datasheet-17834126.pdf?src-supplier=TME"; VariantName = "[No Variations]"
Change component parameters (AddParameter): Name = "ComponentLink18Description"; Value = "https://datasheet.octopart.com:443/CRCW0805100KFKEA-Vishay-datasheet-13242068.pdf?src-supplier=Farnell"; VariantName = "[No Variations]"
Change component parameters (AddParameter): Name = "ComponentLink18URL"; Value = "https://datasheet.octopart.com:443/CRCW0805100KFKEA-Vishay-datasheet-13242068.pdf?src-supplier=Farnell"; VariantName = "[No Variations]"
Change component parameters (AddParameter): Name = "ComponentLink19Description"; Value = "https://datasheet.octopart.com:443/CRCW0805100KFKEA-Vishay-datasheet-13195083.pdf?src-supplier=Farnell"; VariantName = "[No Variations]"
Change component parameters (AddParameter): Name = "ComponentLink19URL"; Value = "https://datasheet.octopart.com:443/CRCW0805100KFKEA-Vishay-datasheet-13195083.pdf?src-supplier=Farnell"; VariantName = "[No Variations]"
Change component parameters (AddParameter): Name = "ComponentLink20Description"; Value = "https://datasheet.octopart.com:443/CRCW0805100KFKEA-Vishay-datasheet-13034211.pdf?src-supplier=Farnell"; VariantName = "[No Variations]"
Change component parameters (AddParameter): Name = "ComponentLink20URL"; Value = "https://datasheet.octopart.com:443/CRCW0805100KFKEA-Vishay-datasheet-13034211.pdf?src-supplier=Farnell"; VariantName = "[No Variations]"
Change component parameters (AddParameter): Name = "ComponentLink21Description"; Value = "https://datasheet.octopart.com:443/CRCW0805100KFKEA-Vishay-datasheet-12600034.pdf?src-supplier=Farnell"; VariantName = "[No Variations]"
Change component parameters (AddParameter): Name = "ComponentLink21URL"; Value = "https://datasheet.octopart.com:443/CRCW0805100KFKEA-Vishay-datasheet-12600034.pdf?src-supplier=Farnell"; VariantName = "[No Variations]"
Change component parameters (AddParameter): Name = "ComponentLink22Description"; Value = "https://datasheet.octopart.com:443/CRCW0805100KFKEA-Vishay-datasheet-12532161.pdf?src-supplier=Farnell"; VariantName = "[No Variations]"
Change component parameters (AddParameter): Name = "ComponentLink22URL"; Value = "https://datasheet.octopart.com:443/CRCW0805100KFKEA-Vishay-datasheet-12532161.pdf?src-supplier=Farnell"; VariantName = "[No Variations]"
Change component parameters (AddParameter): Name = "ComponentLink23Description"; Value = "https://datasheet.octopart.com:443/CRCW0805100KFKEA-Vishay-datasheet-12517896.pdf?src-supplier=Farnell"; VariantName = "[No Variations]"
Change component parameters (AddParameter): Name = "ComponentLink23URL"; Value = "https://datasheet.octopart.com:443/CRCW0805100KFKEA-Vishay-datasheet-12517896.pdf?src-supplier=Farnell"; VariantName = "[No Variations]"
Change component parameters (AddParameter): Name = "ComponentLink24Description"; Value = "https://datasheet.octopart.com:443/CRCW0805100KFKEA-Vishay-datasheet-12509762.pdf?src-supplier=Farnell"; VariantName = "[No Variations]"
Change component parameters (AddParameter): Name = "ComponentLink24URL"; Value = "https://datasheet.octopart.com:443/CRCW0805100KFKEA-Vishay-datasheet-12509762.pdf?src-supplier=Farnell"; VariantName = "[No Variations]"
Change component parameters (AddParameter): Name = "ComponentLink25Description"; Value = "https://datasheet.octopart.com:443/CRCW0805100KFKEA-Vishay-datasheet-10322335.pdf?src-supplier=Farnell"; VariantName = "[No Variations]"
Change component parameters (AddParameter): Name = "ComponentLink25URL"; Value = "https://datasheet.octopart.com:443/CRCW0805100KFKEA-Vishay-datasheet-10322335.pdf?src-supplier=Farnell"; VariantName = "[No Variations]"
Change component parameters (AddParameter): Name = "ComponentLink26Description"; Value = "https://datasheet.octopart.com:443/CRCW0805100KFKEA-Vishay-datasheet-8788789.pdf?src-supplier=Farnell"; VariantName = "[No Variations]"
Change component parameters (AddParameter): Name = "ComponentLink26URL"; Value = "https://datasheet.octopart.com:443/CRCW0805100KFKEA-Vishay-datasheet-8788789.pdf?src-supplier=Farnell"; VariantName = "[No Variations]"
Change component parameters (AddParameter): Name = "ComponentLink27Description"; Value = "https://datasheet.octopart.com:443/CRCW0805100KFKEA-Vishay-datasheet-8361388.pdf?src-supplier=Farnell"; VariantName = "[No Variations]"
Change component parameters (AddParameter): Name = "ComponentLink27URL"; Value = "https://datasheet.octopart.com:443/CRCW0805100KFKEA-Vishay-datasheet-8361388.pdf?src-supplier=Farnell"; VariantName = "[No Variations]"
Change component parameters (AddParameter): Name = "ComponentLink28Description"; Value = "https://datasheet.octopart.com:443/CRCW0805100KFKEA-Vishay-datasheet-546287.pdf?src-supplier=Farnell"; VariantName = "[No Variations]"
Change component parameters (AddParameter): Name = "ComponentLink28URL"; Value = "https://datasheet.octopart.com:443/CRCW0805100KFKEA-Vishay-datasheet-546287.pdf?src-supplier=Farnell"; VariantName = "[No Variations]"
Change component parameters (AddParameter): Name = "ComponentLink29Description"; Value = "https://datasheet.octopart.com:443/CRCW0805100KFKEA-Vishay-datasheet-11540273.pdf?src-supplier=Arrow+Electronics"; VariantName = "[No Variations]"
Change component parameters (AddParameter): Name = "ComponentLink29URL"; Value = "https://datasheet.octopart.com:443/CRCW0805100KFKEA-Vishay-datasheet-11540273.pdf?src-supplier=Arrow+Electronics"; VariantName = "[No Variations]"
Change component parameters (AddParameter): Name = "ComponentLink30Description"; Value = "https://datasheet.octopart.com:443/CRCW0805100KFKEA-Vishay-datasheet-8445837.pdf?src-supplier=element14"; VariantName = "[No Variations]"
Change component parameters (AddParameter): Name = "ComponentLink30URL"; Value = "https://datasheet.octopart.com:443/CRCW0805100KFKEA-Vishay-datasheet-8445837.pdf?src-supplier=element14"; VariantName = "[No Variations]"
Change component parameters (AddParameter): Name = "ComponentLink31Description"; Value = "https://datasheet.octopart.com:443/CRCW0805100KFKEA-Vishay-datasheet-5377306.pdf?src-supplier=Garrett"; VariantName = "[No Variations]"
Change component parameters (AddParameter): Name = "ComponentLink31URL"; Value = "https://datasheet.octopart.com:443/CRCW0805100KFKEA-Vishay-datasheet-5377306.pdf?src-supplier=Garrett"; VariantName = "[No Variations]"
Change component parameters (AddParameter): Name = "ComponentLink32Description"; Value = "https://datasheet.octopart.com:443/CRCW0805100KFKEA-Vishay-datasheet-148188.pdf?src-supplier=Garrett"; VariantName = "[No Variations]"
Change component parameters (AddParameter): Name = "ComponentLink32URL"; Value = "https://datasheet.octopart.com:443/CRCW0805100KFKEA-Vishay-datasheet-148188.pdf?src-supplier=Garrett"; VariantName = "[No Variations]"
Change component parameters (AddParameter): Name = "ComponentLink33Description"; Value = "https://datasheet.octopart.com:443/CRCW0805100KFKEA-Vishay-datasheet-34203.pdf?src-supplier=Garrett"; VariantName = "[No Variations]"
Change component parameters (AddParameter): Name = "ComponentLink33URL"; Value = "https://datasheet.octopart.com:443/CRCW0805100KFKEA-Vishay-datasheet-34203.pdf?src-supplier=Garrett"; VariantName = "[No Variations]"
Change component parameters (AddParameter): Name = "ComponentLink34Description"; Value = "http://sigma.octopart.com:80/rohs_statement/Vishay-company-15.pdf?src-supplier=Compliance+Statements"; VariantName = "[No Variations]"
Change component parameters (AddParameter): Name = "ComponentLink34URL"; Value = "http://sigma.octopart.com:80/rohs_statement/Vishay-company-15.pdf?src-supplier=Compliance+Statements"; VariantName = "[No Variations]"
Change component parameters (AddParameter): Name = "Composition"; Value = "Thick Film"; VariantName = "[No Variations]"
Change component parameters (AddParameter): Name = "Contact Plating"; Value = "Tin"; VariantName = "[No Variations]"
Change component parameters (AddParameter): Name = "Depth"; Value = "1.25mm"; VariantName = "[No Variations]"
Change component parameters (AddParameter): Name = "Height"; Value = "450µm"; VariantName = "[No Variations]"
Change component parameters (AddParameter): Name = "LCSC"; Value = "C844935"; VariantName = "[No Variations]"
Change component parameters (AddParameter): Name = "Lead Free"; Value = "Lead Free"; VariantName = "[No Variations]"
Change component parameters (AddParameter): Name = "Length"; Value = "2mm"; VariantName = "[No Variations]"
Change component parameters (AddParameter): Name = "Lifecycle Status"; Value = "Production"; VariantName = "[No Variations]"
Change component parameters (AddParameter): Name = "Manufacturer"; Value = "Vishay"; VariantName = "[No Variations]"
Change component parameters (AddParameter): Name = "Manufacturer Package Identifier"; Value = "CRCW0805-e3"; VariantName = "[No Variations]"
Change component parameters (AddParameter): Name = "Manufacturer Part Number"; Value = "CRCW0805100KFKEA"; VariantName = "[No Variations]"
Change component parameters (AddParameter): Name = "Max Operating Temperature"; Value = "155°C"; VariantName = "[No Variations]"
Change component parameters (AddParameter): Name = "Military Standard"; Value = "Not"; VariantName = "[No Variations]"
Change component parameters (AddParameter): Name = "Min Operating Temperature"; Value = "-55°C"; VariantName = "[No Variations]"
Change component parameters (AddParameter): Name = "Mounting Technology"; Value = "Surface Mount"; VariantName = "[No Variations]"
Change component parameters (AddParameter): Name = "Number of Terminals"; Value = "2"; VariantName = "[No Variations]"
Change component parameters (AddParameter): Name = "Packaging"; Value = "Cut Tape"; VariantName = "[No Variations]"
Change component parameters (AddParameter): Name = "Pins"; Value = "2"; VariantName = "[No Variations]"
Change component parameters (AddParameter): Name = "Power Dissipation"; Value = "125mW"; VariantName = "[No Variations]"
Change component parameters (AddParameter): Name = "Power Rating"; Value = "125mW"; VariantName = "[No Variations]"
Change component parameters (AddParameter): Name = "Pricing"; Value = "1=0,1, 10=0,041, 25=0,0312, 50=0,0256, 100=0,0212, 250=0,01692, 500=0,01448, 1000=0,01254 (USD)"; VariantName = "[No Variations]"
Change component parameters (AddParameter): Name = "Radiation Hardening"; Value = "No"; VariantName = "[No Variations]"
Change component parameters (AddParameter): Name = "REACH SVHC"; Value = "Yes"; VariantName = "[No Variations]"
Change component parameters (AddParameter): Name = "RoHS"; Value = "Compliant"; VariantName = "[No Variations]"
Change component parameters (AddParameter): Name = "Schedule B"; Value = "8533210045, 8533210045|8533210045|8533210045|8533210045|8533210045|8533210045|8533210045|8533210045|8533210045|8533210045|8533210045|8533210045|8533210045|8533210045|8533210045|8533210045|8533210045|8533210045|8533210045|8533210045|8533210045|8533210045|8533210045|85"; VariantName = "[No Variations]"
Change component parameters (AddParameter): Name = "Stock"; Value = "307439"; VariantName = "[No Variations]"
Change component parameters (AddParameter): Name = "Supplier"; Value = "DigiKey"; VariantName = "[No Variations]"
Change component parameters (AddParameter): Name = "Supplier Part Number"; Value = "541-100KCCT-ND"; VariantName = "[No Variations]"
Change component parameters (AddParameter): Name = "Temperature Coefficient"; Value = "100ppm/°C"; VariantName = "[No Variations]"
Change component parameters (AddParameter): Name = "Termination"; Value = "SMD/SMT"; VariantName = "[No Variations]"
Change component parameters (AddParameter): Name = "Tolerance"; Value = "1%"; VariantName = "[No Variations]"
Change component parameters (AddParameter): Name = "Value"; Value = "100kO"; VariantName = "[No Variations]"
Change component parameters (AddParameter): Name = "Voltage Rating"; Value = "150V"; VariantName = "[No Variations]"
Change component parameters (AddParameter): Name = "Voltage Rating (DC)"; Value = "150V"; VariantName = "[No Variations]"
Change component parameters (AddParameter): Name = "Weight"; Value = "5.499807mg"; VariantName = "[No Variations]"
Change component parameters (AddParameter): Name = "Width"; Value = "1.25mm"; VariantName = "[No Variations]"
Change component parameters (AddParameter): Name = "Working Voltage"; Value = "150V"; VariantName = "[No Variations]"
Change component parameters: Designator = "R8" ("R8"); Footprint = "100Resistor"; UniqueID = "\XICZJYSI" ("\XICZJYSI")
Change component parameters (AddParameter): Name = "Case Code (Imperial)"; Value = "0805"; VariantName = "[No Variations]"
Change component parameters (AddParameter): Name = "Case/Package"; Value = "0805"; VariantName = "[No Variations]"
Change component parameters (AddParameter): Name = "Category"; Value = "Chip SMD Resistors"; VariantName = "[No Variations]"
Change component parameters (AddParameter): Name = "China RoHS"; Value = "Non-Compliant"; VariantName = "[No Variations]"
Change component parameters (AddParameter): Name = "ComponentLink1Description"; Value = "https://datasheet.octopart.com:443/CRCW0805100RFKEA-Vishay-datasheet-175423584.pdf?src-supplier=IHS"; VariantName = "[No Variations]"
Change component parameters (AddParameter): Name = "ComponentLink1URL"; Value = "https://datasheet.octopart.com:443/CRCW0805100RFKEA-Vishay-datasheet-175423584.pdf?src-supplier=IHS"; VariantName = "[No Variations]"
Change component parameters (AddParameter): Name = "ComponentLink2Description"; Value = "https://datasheet.octopart.com:443/CRCW0805100RFKEA-Vishay-datasheet-83961561.pdf?src-supplier=Newark"; VariantName = "[No Variations]"
Change component parameters (AddParameter): Name = "ComponentLink2URL"; Value = "https://datasheet.octopart.com:443/CRCW0805100RFKEA-Vishay-datasheet-83961561.pdf?src-supplier=Newark"; VariantName = "[No Variations]"
Change component parameters (AddParameter): Name = "ComponentLink3Description"; Value = "https://datasheet.octopart.com:443/CRCW0805100RFKEA-Vishay-datasheet-11516975.pdf?src-supplier=Newark"; VariantName = "[No Variations]"
Change component parameters (AddParameter): Name = "ComponentLink3URL"; Value = "https://datasheet.octopart.com:443/CRCW0805100RFKEA-Vishay-datasheet-11516975.pdf?src-supplier=Newark"; VariantName = "[No Variations]"
Change component parameters (AddParameter): Name = "ComponentLink4Description"; Value = "https://datasheet.octopart.com:443/CRCW0805100RFKEA-Vishay-datasheet-41302739.pdf?src-supplier=Newark"; VariantName = "[No Variations]"
Change component parameters (AddParameter): Name = "ComponentLink4URL"; Value = "https://datasheet.octopart.com:443/CRCW0805100RFKEA-Vishay-datasheet-41302739.pdf?src-supplier=Newark"; VariantName = "[No Variations]"
Change component parameters (AddParameter): Name = "ComponentLink5Description"; Value = "https://datasheet.octopart.com:443/CRCW0805100RFKEA-Vishay-datasheet-33013972.pdf?src-supplier=Newark"; VariantName = "[No Variations]"
Change component parameters (AddParameter): Name = "ComponentLink5URL"; Value = "https://datasheet.octopart.com:443/CRCW0805100RFKEA-Vishay-datasheet-33013972.pdf?src-supplier=Newark"; VariantName = "[No Variations]"
Change component parameters (AddParameter): Name = "ComponentLink6Description"; Value = "https://datasheet.octopart.com:443/CRCW0805100RFKEA-Vishay-datasheet-62317937.pdf?src-supplier=element14+APAC"; VariantName = "[No Variations]"
Change component parameters (AddParameter): Name = "ComponentLink6URL"; Value = "https://datasheet.octopart.com:443/CRCW0805100RFKEA-Vishay-datasheet-62317937.pdf?src-supplier=element14+APAC"; VariantName = "[No Variations]"
Change component parameters (AddParameter): Name = "ComponentLink7Description"; Value = "https://datasheet.octopart.com:443/CRCW0805100RFKEA-Vishay-datasheet-14722531.pdf?src-supplier=element14+APAC"; VariantName = "[No Variations]"
Change component parameters (AddParameter): Name = "ComponentLink7URL"; Value = "https://datasheet.octopart.com:443/CRCW0805100RFKEA-Vishay-datasheet-14722531.pdf?src-supplier=element14+APAC"; VariantName = "[No Variations]"
Change component parameters (AddParameter): Name = "ComponentLink8Description"; Value = "https://datasheet.octopart.com:443/CRCW0805100RFKEA.-Vishay-datasheet-78776209.pdf?src-supplier=element14+APAC"; VariantName = "[No Variations]"
Change component parameters (AddParameter): Name = "ComponentLink8URL"; Value = "https://datasheet.octopart.com:443/CRCW0805100RFKEA.-Vishay-datasheet-78776209.pdf?src-supplier=element14+APAC"; VariantName = "[No Variations]"
Change component parameters (AddParameter): Name = "ComponentLink9Description"; Value = "https://datasheet.octopart.com:443/CRCW0805100RFKEA-Vishay-datasheet-66077789.pdf?src-supplier=element14+APAC"; VariantName = "[No Variations]"
Change component parameters (AddParameter): Name = "ComponentLink9URL"; Value = "https://datasheet.octopart.com:443/CRCW0805100RFKEA-Vishay-datasheet-66077789.pdf?src-supplier=element14+APAC"; VariantName = "[No Variations]"
Change component parameters (AddParameter): Name = "ComponentLink10Description"; Value = "https://datasheet.octopart.com:443/CRCW0805100RFKEA-Vishay-datasheet-16179825.pdf?src-supplier=element14+APAC"; VariantName = "[No Variations]"
Change component parameters (AddParameter): Name = "ComponentLink10URL"; Value = "https://datasheet.octopart.com:443/CRCW0805100RFKEA-Vishay-datasheet-16179825.pdf?src-supplier=element14+APAC"; VariantName = "[No Variations]"
Change component parameters (AddParameter): Name = "ComponentLink11Description"; Value = "https://datasheet.octopart.com:443/CRCW0805100RFKEA-Vishay-datasheet-5300368.pdf?src-supplier=Future+Electronics"; VariantName = "[No Variations]"
Change component parameters (AddParameter): Name = "ComponentLink11URL"; Value = "https://datasheet.octopart.com:443/CRCW0805100RFKEA-Vishay-datasheet-5300368.pdf?src-supplier=Future+Electronics"; VariantName = "[No Variations]"
Change component parameters (AddParameter): Name = "ComponentLink12Description"; Value = "https://datasheet.octopart.com:443/CRCW0805100RFKEA-Vishay-datasheet-62316122.pdf?src-supplier=Future+Electronics"; VariantName = "[No Variations]"
Change component parameters (AddParameter): Name = "ComponentLink12URL"; Value = "https://datasheet.octopart.com:443/CRCW0805100RFKEA-Vishay-datasheet-62316122.pdf?src-supplier=Future+Electronics"; VariantName = "[No Variations]"
Change component parameters (AddParameter): Name = "ComponentLink13Description"; Value = "https://datasheet.octopart.com:443/CRCW0805100RFKEA-Vishay-datasheet-5306405.pdf?src-supplier=RS+(Formerly+Allied+Electronics)"; VariantName = "[No Variations]"
Change component parameters (AddParameter): Name = "ComponentLink13URL"; Value = "https://datasheet.octopart.com:443/CRCW0805100RFKEA-Vishay-datasheet-5306405.pdf?src-supplier=RS+(Formerly+Allied+Electronics)"; VariantName = "[No Variations]"
Change component parameters (AddParameter): Name = "ComponentLink14Description"; Value = "https://datasheet.octopart.com:443/CRCW0805100RFKEA-Vishay-Dale-datasheet-47688880.pdf?src-supplier=RS+(Formerly+Allied+Electronics)"; VariantName = "[No Variations]"
Change component parameters (AddParameter): Name = "ComponentLink14URL"; Value = "https://datasheet.octopart.com:443/CRCW0805100RFKEA-Vishay-Dale-datasheet-47688880.pdf?src-supplier=RS+(Formerly+Allied+Electronics)"; VariantName = "[No Variations]"
Change component parameters (AddParameter): Name = "ComponentLink15Description"; Value = "https://datasheet.octopart.com:443/CRCW0805100RFKEA-Vishay-datasheet-12001583.pdf?src-supplier=RS+(Formerly+Allied+Electronics)"; VariantName = "[No Variations]"
Change component parameters (AddParameter): Name = "ComponentLink15URL"; Value = "https://datasheet.octopart.com:443/CRCW0805100RFKEA-Vishay-datasheet-12001583.pdf?src-supplier=RS+(Formerly+Allied+Electronics)"; VariantName = "[No Variations]"
Change component parameters (AddParameter): Name = "ComponentLink16Description"; Value = "https://datasheet.octopart.com:443/CRCW0805100RFKEA-Vishay-datasheet-17834126.pdf?src-supplier=TME"; VariantName = "[No Variations]"
Change component parameters (AddParameter): Name = "ComponentLink16URL"; Value = "https://datasheet.octopart.com:443/CRCW0805100RFKEA-Vishay-datasheet-17834126.pdf?src-supplier=TME"; VariantName = "[No Variations]"
Change component parameters (AddParameter): Name = "ComponentLink17Description"; Value = "https://datasheet.octopart.com/D-CRCW-e3-Standard-Thick-Film-Chip-Resistors-Vishay-datasheet-family-64.pdf"; VariantName = "[No Variations]"
Change component parameters (AddParameter): Name = "ComponentLink17URL"; Value = "https://datasheet.octopart.com/D-CRCW-e3-Standard-Thick-Film-Chip-Resistors-Vishay-datasheet-family-64.pdf"; VariantName = "[No Variations]"
Change component parameters (AddParameter): Name = "ComponentLink18Description"; Value = "https://datasheet.octopart.com:443/CRCW0805100RFKEA-Vishay-datasheet-13242068.pdf?src-supplier=Farnell"; VariantName = "[No Variations]"
Change component parameters (AddParameter): Name = "ComponentLink18URL"; Value = "https://datasheet.octopart.com:443/CRCW0805100RFKEA-Vishay-datasheet-13242068.pdf?src-supplier=Farnell"; VariantName = "[No Variations]"
Change component parameters (AddParameter): Name = "ComponentLink19Description"; Value = "https://datasheet.octopart.com:443/CRCW0805100RFKEA-Vishay-datasheet-13195083.pdf?src-supplier=Farnell"; VariantName = "[No Variations]"
Change component parameters (AddParameter): Name = "ComponentLink19URL"; Value = "https://datasheet.octopart.com:443/CRCW0805100RFKEA-Vishay-datasheet-13195083.pdf?src-supplier=Farnell"; VariantName = "[No Variations]"
Change component parameters (AddParameter): Name = "ComponentLink20Description"; Value = "https://datasheet.octopart.com:443/CRCW0805100RFKEA-Vishay-datasheet-13034211.pdf?src-supplier=Farnell"; VariantName = "[No Variations]"
Change component parameters (AddParameter): Name = "ComponentLink20URL"; Value = "https://datasheet.octopart.com:443/CRCW0805100RFKEA-Vishay-datasheet-13034211.pdf?src-supplier=Farnell"; VariantName = "[No Variations]"
Change component parameters (AddParameter): Name = "ComponentLink21Description"; Value = "https://datasheet.octopart.com:443/CRCW0805100RFKEA-Vishay-datasheet-12600034.pdf?src-supplier=Farnell"; VariantName = "[No Variations]"
Change component parameters (AddParameter): Name = "ComponentLink21URL"; Value = "https://datasheet.octopart.com:443/CRCW0805100RFKEA-Vishay-datasheet-12600034.pdf?src-supplier=Farnell"; VariantName = "[No Variations]"
Change component parameters (AddParameter): Name = "ComponentLink22Description"; Value = "https://datasheet.octopart.com:443/CRCW0805100RFKEA-Vishay-datasheet-12532161.pdf?src-supplier=Farnell"; VariantName = "[No Variations]"
Change component parameters (AddParameter): Name = "ComponentLink22URL"; Value = "https://datasheet.octopart.com:443/CRCW0805100RFKEA-Vishay-datasheet-12532161.pdf?src-supplier=Farnell"; VariantName = "[No Variations]"
Change component parameters (AddParameter): Name = "ComponentLink23Description"; Value = "https://datasheet.octopart.com:443/CRCW0805100RFKEA-Vishay-datasheet-12517896.pdf?src-supplier=Farnell"; VariantName = "[No Variations]"
Change component parameters (AddParameter): Name = "ComponentLink23URL"; Value = "https://datasheet.octopart.com:443/CRCW0805100RFKEA-Vishay-datasheet-12517896.pdf?src-supplier=Farnell"; VariantName = "[No Variations]"
Change component parameters (AddParameter): Name = "ComponentLink24Description"; Value = "https://datasheet.octopart.com:443/CRCW0805100RFKEA-Vishay-datasheet-12509762.pdf?src-supplier=Farnell"; VariantName = "[No Variations]"
Change component parameters (AddParameter): Name = "ComponentLink24URL"; Value = "https://datasheet.octopart.com:443/CRCW0805100RFKEA-Vishay-datasheet-12509762.pdf?src-supplier=Farnell"; VariantName = "[No Variations]"
Change component parameters (AddParameter): Name = "ComponentLink25Description"; Value = "https://datasheet.octopart.com:443/CRCW0805100RFKEA-Vishay-datasheet-10322335.pdf?src-supplier=Farnell"; VariantName = "[No Variations]"
Change component parameters (AddParameter): Name = "ComponentLink25URL"; Value = "https://datasheet.octopart.com:443/CRCW0805100RFKEA-Vishay-datasheet-10322335.pdf?src-supplier=Farnell"; VariantName = "[No Variations]"
Change component parameters (AddParameter): Name = "ComponentLink26Description"; Value = "https://datasheet.octopart.com:443/CRCW0805100RFKEA-Vishay-datasheet-8788789.pdf?src-supplier=Farnell"; VariantName = "[No Variations]"
Change component parameters (AddParameter): Name = "ComponentLink26URL"; Value = "https://datasheet.octopart.com:443/CRCW0805100RFKEA-Vishay-datasheet-8788789.pdf?src-supplier=Farnell"; VariantName = "[No Variations]"
Change component parameters (AddParameter): Name = "ComponentLink27Description"; Value = "https://datasheet.octopart.com:443/CRCW0805100RFKEA-Vishay-datasheet-8361388.pdf?src-supplier=Farnell"; VariantName = "[No Variations]"
Change component parameters (AddParameter): Name = "ComponentLink27URL"; Value = "https://datasheet.octopart.com:443/CRCW0805100RFKEA-Vishay-datasheet-8361388.pdf?src-supplier=Farnell"; VariantName = "[No Variations]"
Change component parameters (AddParameter): Name = "ComponentLink28Description"; Value = "https://datasheet.octopart.com:443/CRCW0805100RFKEA-Vishay-datasheet-546287.pdf?src-supplier=Farnell"; VariantName = "[No Variations]"
Change component parameters (AddParameter): Name = "ComponentLink28URL"; Value = "https://datasheet.octopart.com:443/CRCW0805100RFKEA-Vishay-datasheet-546287.pdf?src-supplier=Farnell"; VariantName = "[No Variations]"
Change component parameters (AddParameter): Name = "ComponentLink29Description"; Value = "https://datasheet.octopart.com:443/CRCW0805100RFKEA-Vishay-datasheet-11540273.pdf?src-supplier=Arrow+Electronics"; VariantName = "[No Variations]"
Change component parameters (AddParameter): Name = "ComponentLink29URL"; Value = "https://datasheet.octopart.com:443/CRCW0805100RFKEA-Vishay-datasheet-11540273.pdf?src-supplier=Arrow+Electronics"; VariantName = "[No Variations]"
Change component parameters (AddParameter): Name = "ComponentLink30Description"; Value = "https://datasheet.octopart.com:443/CRCW0805100RFKEA-Vishay-datasheet-8445837.pdf?src-supplier=element14"; VariantName = "[No Variations]"
Change component parameters (AddParameter): Name = "ComponentLink30URL"; Value = "https://datasheet.octopart.com:443/CRCW0805100RFKEA-Vishay-datasheet-8445837.pdf?src-supplier=element14"; VariantName = "[No Variations]"
Change component parameters (AddParameter): Name = "ComponentLink31Description"; Value = "https://datasheet.octopart.com:443/CRCW0805100RFKEA-Vishay-datasheet-5377306.pdf?src-supplier=Garrett"; VariantName = "[No Variations]"
Change component parameters (AddParameter): Name = "ComponentLink31URL"; Value = "https://datasheet.octopart.com:443/CRCW0805100RFKEA-Vishay-datasheet-5377306.pdf?src-supplier=Garrett"; VariantName = "[No Variations]"
Change component parameters (AddParameter): Name = "ComponentLink32Description"; Value = "https://datasheet.octopart.com:443/CRCW0805100RFKEA-Vishay-datasheet-148188.pdf?src-supplier=Garrett"; VariantName = "[No Variations]"
Change component parameters (AddParameter): Name = "ComponentLink32URL"; Value = "https://datasheet.octopart.com:443/CRCW0805100RFKEA-Vishay-datasheet-148188.pdf?src-supplier=Garrett"; VariantName = "[No Variations]"
Change component parameters (AddParameter): Name = "ComponentLink33Description"; Value = "https://datasheet.octopart.com:443/CRCW0805100RFKEA-Vishay-datasheet-34203.pdf?src-supplier=Garrett"; VariantName = "[No Variations]"
Change component parameters (AddParameter): Name = "ComponentLink33URL"; Value = "https://datasheet.octopart.com:443/CRCW0805100RFKEA-Vishay-datasheet-34203.pdf?src-supplier=Garrett"; VariantName = "[No Variations]"
Change component parameters (AddParameter): Name = "ComponentLink34Description"; Value = "http://sigma.octopart.com:80/rohs_certificate/D-CRCW-e3-Standard-Thick-Film-Chip-Resistors-Vishay-family-102.pdf?src-supplier=Compliance+Statements"; VariantName = "[No Variations]"
Change component parameters (AddParameter): Name = "ComponentLink34URL"; Value = "http://sigma.octopart.com:80/rohs_certificate/D-CRCW-e3-Standard-Thick-Film-Chip-Resistors-Vishay-family-102.pdf?src-supplier=Compliance+Statements"; VariantName = "[No Variations]"
Change component parameters (AddParameter): Name = "Composition"; Value = "Thick Film"; VariantName = "[No Variations]"
Change component parameters (AddParameter): Name = "Contact Plating"; Value = "Tin"; VariantName = "[No Variations]"
Change component parameters (AddParameter): Name = "Depth"; Value = "1.25mm"; VariantName = "[No Variations]"
Change component parameters (AddParameter): Name = "Features"; Value = "Automotive AEC-Q200"; VariantName = "[No Variations]"
Change component parameters (AddParameter): Name = "Height"; Value = "450µm"; VariantName = "[No Variations]"
Change component parameters (AddParameter): Name = "LCSC"; Value = "C844936"; VariantName = "[No Variations]"
Change component parameters (AddParameter): Name = "Lead Free"; Value = "Lead Free"; VariantName = "[No Variations]"
Change component parameters (AddParameter): Name = "Length"; Value = "2mm"; VariantName = "[No Variations]"
Change component parameters (AddParameter): Name = "Lifecycle Status"; Value = "Production"; VariantName = "[No Variations]"
Change component parameters (AddParameter): Name = "Manufacturer"; Value = "Vishay"; VariantName = "[No Variations]"
Change component parameters (AddParameter): Name = "Manufacturer Package Identifier"; Value = "CRCW0805-e3"; VariantName = "[No Variations]"
Change component parameters (AddParameter): Name = "Manufacturer Part Number"; Value = "CRCW0805100RFKEA"; VariantName = "[No Variations]"
Change component parameters (AddParameter): Name = "Max Operating Temperature"; Value = "155°C"; VariantName = "[No Variations]"
Change component parameters (AddParameter): Name = "Max Power Dissipation"; Value = "125mW"; VariantName = "[No Variations]"
Change component parameters (AddParameter): Name = "Military Standard"; Value = "Not"; VariantName = "[No Variations]"
Change component parameters (AddParameter): Name = "Min Operating Temperature"; Value = "-55°C"; VariantName = "[No Variations]"
Change component parameters (AddParameter): Name = "Mounting Technology"; Value = "Surface Mount"; VariantName = "[No Variations]"
Change component parameters (AddParameter): Name = "Number of Terminals"; Value = "2"; VariantName = "[No Variations]"
Change component parameters (AddParameter): Name = "Number of Terminations"; Value = "2"; VariantName = "[No Variations]"
Change component parameters (AddParameter): Name = "Pins"; Value = "2"; VariantName = "[No Variations]"
Change component parameters (AddParameter): Name = "Power Dissipation"; Value = "125mW"; VariantName = "[No Variations]"
Change component parameters (AddParameter): Name = "Power Rating"; Value = "125mW"; VariantName = "[No Variations]"
Change component parameters (AddParameter): Name = "Pricing"; Value = "1=0,1, 10=0,041, 25=0,0312, 50=0,0256, 100=0,0212, 250=0,01692, 500=0,01448, 1000=0,01254 (USD)"; VariantName = "[No Variations]"
Change component parameters (AddParameter): Name = "Radiation Hardening"; Value = "No"; VariantName = "[No Variations]"
Change component parameters (AddParameter): Name = "REACH SVHC"; Value = "Yes"; VariantName = "[No Variations]"
Change component parameters (AddParameter): Name = "RoHS"; Value = "Compliant"; VariantName = "[No Variations]"
Change component parameters (AddParameter): Name = "Schedule B"; Value = "8533210045, 8533210045|8533210045|8533210045|8533210045|8533210045|8533210045|8533210045|8533210045|8533210045|8533210045|8533210045|8533210045|8533210045|8533210045|8533210045|8533210045|8533210045|8533210045|8533210045|8533210045|8533210045|8533210045|8533210045|85"; VariantName = "[No Variations]"
Change component parameters (AddParameter): Name = "Stock"; Value = "224684"; VariantName = "[No Variations]"
Change component parameters (AddParameter): Name = "Supplier"; Value = "DigiKey"; VariantName = "[No Variations]"
Change component parameters (AddParameter): Name = "Supplier Part Number"; Value = "541-100CCT-ND"; VariantName = "[No Variations]"
Change component parameters (AddParameter): Name = "Temperature Coefficient"; Value = "100ppm/°C"; VariantName = "[No Variations]"
Change component parameters (AddParameter): Name = "Termination"; Value = "SMD/SMT"; VariantName = "[No Variations]"
Change component parameters (AddParameter): Name = "Tolerance"; Value = "1%"; VariantName = "[No Variations]"
Change component parameters (AddParameter): Name = "Value"; Value = "100O"; VariantName = "[No Variations]"
Change component parameters (AddParameter): Name = "Voltage Rating"; Value = "150V"; VariantName = "[No Variations]"
Change component parameters (AddParameter): Name = "Voltage Rating (DC)"; Value = "150V"; VariantName = "[No Variations]"
Change component parameters (AddParameter): Name = "Weight"; Value = "5.499807mg"; VariantName = "[No Variations]"
Change component parameters (AddParameter): Name = "Width"; Value = "1.25mm"; VariantName = "[No Variations]"
Change component parameters (AddParameter): Name = "Working Voltage"; Value = "150V"; VariantName = "[No Variations]"
Change component parameters: Designator = "R9" ("R9"); Footprint = "180Resistor"; UniqueID = "\UCAHIIJZ" ("\UCAHIIJZ")
Change component parameters (AddParameter): Name = "Case Code (Imperial)"; Value = "0805"; VariantName = "[No Variations]"
Change component parameters (AddParameter): Name = "Case/Package"; Value = "0805"; VariantName = "[No Variations]"
Change component parameters (AddParameter): Name = "Category"; Value = "Chip SMD Resistors"; VariantName = "[No Variations]"
Change component parameters (AddParameter): Name = "China RoHS"; Value = "Non-Compliant"; VariantName = "[No Variations]"
Change component parameters (AddParameter): Name = "ComponentLink1Description"; Value = "https://datasheet.octopart.com:443/CRCW0805180RFKEA-Vishay-datasheet-175423584.pdf?src-supplier=IHS"; VariantName = "[No Variations]"
Change component parameters (AddParameter): Name = "ComponentLink1URL"; Value = "https://datasheet.octopart.com:443/CRCW0805180RFKEA-Vishay-datasheet-175423584.pdf?src-supplier=IHS"; VariantName = "[No Variations]"
Change component parameters (AddParameter): Name = "ComponentLink2Description"; Value = "https://datasheet.octopart.com:443/CRCW0805180RFKEA-Vishay-datasheet-5300368.pdf?src-supplier=Farnell"; VariantName = "[No Variations]"
Change component parameters (AddParameter): Name = "ComponentLink2URL"; Value = "https://datasheet.octopart.com:443/CRCW0805180RFKEA-Vishay-datasheet-5300368.pdf?src-supplier=Farnell"; VariantName = "[No Variations]"
Change component parameters (AddParameter): Name = "ComponentLink3Description"; Value = "https://datasheet.octopart.com:443/CRCW0805180RFKEA-Vishay-datasheet-83961561.pdf?src-supplier=Newark"; VariantName = "[No Variations]"
Change component parameters (AddParameter): Name = "ComponentLink3URL"; Value = "https://datasheet.octopart.com:443/CRCW0805180RFKEA-Vishay-datasheet-83961561.pdf?src-supplier=Newark"; VariantName = "[No Variations]"
Change component parameters (AddParameter): Name = "ComponentLink4Description"; Value = "https://datasheet.octopart.com:443/CRCW0805180RFKEA-Vishay-datasheet-11516975.pdf?src-supplier=Newark"; VariantName = "[No Variations]"
Change component parameters (AddParameter): Name = "ComponentLink4URL"; Value = "https://datasheet.octopart.com:443/CRCW0805180RFKEA-Vishay-datasheet-11516975.pdf?src-supplier=Newark"; VariantName = "[No Variations]"
Change component parameters (AddParameter): Name = "ComponentLink5Description"; Value = "https://datasheet.octopart.com:443/CRCW0805180RFKEA-Vishay-datasheet-41302739.pdf?src-supplier=Newark"; VariantName = "[No Variations]"
Change component parameters (AddParameter): Name = "ComponentLink5URL"; Value = "https://datasheet.octopart.com:443/CRCW0805180RFKEA-Vishay-datasheet-41302739.pdf?src-supplier=Newark"; VariantName = "[No Variations]"
Change component parameters (AddParameter): Name = "ComponentLink6Description"; Value = "https://datasheet.octopart.com:443/CRCW0805180RFKEA-Vishay-datasheet-33013972.pdf?src-supplier=Newark"; VariantName = "[No Variations]"
Change component parameters (AddParameter): Name = "ComponentLink6URL"; Value = "https://datasheet.octopart.com:443/CRCW0805180RFKEA-Vishay-datasheet-33013972.pdf?src-supplier=Newark"; VariantName = "[No Variations]"
Change component parameters (AddParameter): Name = "ComponentLink7Description"; Value = "https://datasheet.octopart.com:443/CRCW0805180RFKEA-Vishay-datasheet-66077789.pdf?src-supplier=element14+APAC"; VariantName = "[No Variations]"
Change component parameters (AddParameter): Name = "ComponentLink7URL"; Value = "https://datasheet.octopart.com:443/CRCW0805180RFKEA-Vishay-datasheet-66077789.pdf?src-supplier=element14+APAC"; VariantName = "[No Variations]"
Change component parameters (AddParameter): Name = "ComponentLink8Description"; Value = "https://datasheet.octopart.com:443/CRCW0805180RFKEA-Vishay-datasheet-62317937.pdf?src-supplier=element14+APAC"; VariantName = "[No Variations]"
Change component parameters (AddParameter): Name = "ComponentLink8URL"; Value = "https://datasheet.octopart.com:443/CRCW0805180RFKEA-Vishay-datasheet-62317937.pdf?src-supplier=element14+APAC"; VariantName = "[No Variations]"
Change component parameters (AddParameter): Name = "ComponentLink9Description"; Value = "https://datasheet.octopart.com:443/CRCW0805180RFKEA-Vishay-datasheet-10882403.pdf?src-supplier=element14+APAC"; VariantName = "[No Variations]"
Change component parameters (AddParameter): Name = "ComponentLink9URL"; Value = "https://datasheet.octopart.com:443/CRCW0805180RFKEA-Vishay-datasheet-10882403.pdf?src-supplier=element14+APAC"; VariantName = "[No Variations]"
Change component parameters (AddParameter): Name = "ComponentLink10Description"; Value = "https://datasheet.octopart.com:443/CRCW0805180RFKEA.-Vishay-datasheet-78776209.pdf?src-supplier=element14+APAC"; VariantName = "[No Variations]"
Change component parameters (AddParameter): Name = "ComponentLink10URL"; Value = "https://datasheet.octopart.com:443/CRCW0805180RFKEA.-Vishay-datasheet-78776209.pdf?src-supplier=element14+APAC"; VariantName = "[No Variations]"
Change component parameters (AddParameter): Name = "ComponentLink11Description"; Value = "https://datasheet.octopart.com:443/CRCW0805180RFKEA-Vishay-datasheet-14722531.pdf?src-supplier=element14+APAC"; VariantName = "[No Variations]"
Change component parameters (AddParameter): Name = "ComponentLink11URL"; Value = "https://datasheet.octopart.com:443/CRCW0805180RFKEA-Vishay-datasheet-14722531.pdf?src-supplier=element14+APAC"; VariantName = "[No Variations]"
Change component parameters (AddParameter): Name = "ComponentLink12Description"; Value = "https://datasheet.octopart.com:443/CRCW0805180RFKEA-Vishay-datasheet-62316122.pdf?src-supplier=Future+Electronics"; VariantName = "[No Variations]"
Change component parameters (AddParameter): Name = "ComponentLink12URL"; Value = "https://datasheet.octopart.com:443/CRCW0805180RFKEA-Vishay-datasheet-62316122.pdf?src-supplier=Future+Electronics"; VariantName = "[No Variations]"
Change component parameters (AddParameter): Name = "ComponentLink13Description"; Value = "https://datasheet.octopart.com:443/CRCW0805180RFKEA-Vishay-datasheet-12519820.pdf?src-supplier=Future+Electronics"; VariantName = "[No Variations]"
Change component parameters (AddParameter): Name = "ComponentLink13URL"; Value = "https://datasheet.octopart.com:443/CRCW0805180RFKEA-Vishay-datasheet-12519820.pdf?src-supplier=Future+Electronics"; VariantName = "[No Variations]"
Change component parameters (AddParameter): Name = "ComponentLink14Description"; Value = "https://datasheet.octopart.com:443/CRCW0805180RFKEA-Vishay-Dale-datasheet-47688880.pdf?src-supplier=RS+(Formerly+Allied+Electronics)"; VariantName = "[No Variations]"
Change component parameters (AddParameter): Name = "ComponentLink14URL"; Value = "https://datasheet.octopart.com:443/CRCW0805180RFKEA-Vishay-Dale-datasheet-47688880.pdf?src-supplier=RS+(Formerly+Allied+Electronics)"; VariantName = "[No Variations]"
Change component parameters (AddParameter): Name = "ComponentLink15Description"; Value = "https://datasheet.octopart.com:443/CRCW0805180RFKEA-Vishay-datasheet-12001583.pdf?src-supplier=RS+(Formerly+Allied+Electronics)"; VariantName = "[No Variations]"
Change component parameters (AddParameter): Name = "ComponentLink15URL"; Value = "https://datasheet.octopart.com:443/CRCW0805180RFKEA-Vishay-datasheet-12001583.pdf?src-supplier=RS+(Formerly+Allied+Electronics)"; VariantName = "[No Variations]"
Change component parameters (AddParameter): Name = "ComponentLink16Description"; Value = "https://datasheet.octopart.com:443/CRCW0805180RFKEA-Vishay-datasheet-5306405.pdf?src-supplier=RS+(Formerly+Allied+Electronics)"; VariantName = "[No Variations]"
Change component parameters (AddParameter): Name = "ComponentLink16URL"; Value = "https://datasheet.octopart.com:443/CRCW0805180RFKEA-Vishay-datasheet-5306405.pdf?src-supplier=RS+(Formerly+Allied+Electronics)"; VariantName = "[No Variations]"
Change component parameters (AddParameter): Name = "ComponentLink17Description"; Value = "https://datasheet.octopart.com:443/CRCW0805180RFKEA-Vishay-datasheet-8619608.pdf?src-supplier=element14"; VariantName = "[No Variations]"
Change component parameters (AddParameter): Name = "ComponentLink17URL"; Value = "https://datasheet.octopart.com:443/CRCW0805180RFKEA-Vishay-datasheet-8619608.pdf?src-supplier=element14"; VariantName = "[No Variations]"
Change component parameters (AddParameter): Name = "ComponentLink18Description"; Value = "https://datasheet.octopart.com:443/CRCW0805180RFKEA-Vishay-datasheet-5377306.pdf?src-supplier=Garrett"; VariantName = "[No Variations]"
Change component parameters (AddParameter): Name = "ComponentLink18URL"; Value = "https://datasheet.octopart.com:443/CRCW0805180RFKEA-Vishay-datasheet-5377306.pdf?src-supplier=Garrett"; VariantName = "[No Variations]"
Change component parameters (AddParameter): Name = "ComponentLink19Description"; Value = "http://sigma.octopart.com:80/rohs_statement/Vishay-company-15.pdf?src-supplier=Compliance+Statements"; VariantName = "[No Variations]"
Change component parameters (AddParameter): Name = "ComponentLink19URL"; Value = "http://sigma.octopart.com:80/rohs_statement/Vishay-company-15.pdf?src-supplier=Compliance+Statements"; VariantName = "[No Variations]"
Change component parameters (AddParameter): Name = "Composition"; Value = "Thick Film"; VariantName = "[No Variations]"
Change component parameters (AddParameter): Name = "Contact Plating"; Value = "Tin"; VariantName = "[No Variations]"
Change component parameters (AddParameter): Name = "Depth"; Value = "1.25mm"; VariantName = "[No Variations]"
Change component parameters (AddParameter): Name = "Features"; Value = "Automotive AEC-Q200"; VariantName = "[No Variations]"
Change component parameters (AddParameter): Name = "Height"; Value = "450µm"; VariantName = "[No Variations]"
Change component parameters (AddParameter): Name = "LCSC"; Value = "C844397"; VariantName = "[No Variations]"
Change component parameters (AddParameter): Name = "Lead Free"; Value = "Lead Free"; VariantName = "[No Variations]"
Change component parameters (AddParameter): Name = "Length"; Value = "2mm"; VariantName = "[No Variations]"
Change component parameters (AddParameter): Name = "Lifecycle Status"; Value = "Production"; VariantName = "[No Variations]"
Change component parameters (AddParameter): Name = "Manufacturer"; Value = "Vishay"; VariantName = "[No Variations]"
Change component parameters (AddParameter): Name = "Manufacturer Package Identifier"; Value = "CRCW0805-e3"; VariantName = "[No Variations]"
Change component parameters (AddParameter): Name = "Manufacturer Part Number"; Value = "CRCW0805180RFKEA"; VariantName = "[No Variations]"
Change component parameters (AddParameter): Name = "Max Operating Temperature"; Value = "155°C"; VariantName = "[No Variations]"
Change component parameters (AddParameter): Name = "Max Power Dissipation"; Value = "125mW"; VariantName = "[No Variations]"
Change component parameters (AddParameter): Name = "Military Standard"; Value = "Not"; VariantName = "[No Variations]"
Change component parameters (AddParameter): Name = "Min Operating Temperature"; Value = "-55°C"; VariantName = "[No Variations]"
Change component parameters (AddParameter): Name = "Mounting Technology"; Value = "Surface Mount"; VariantName = "[No Variations]"
Change component parameters (AddParameter): Name = "Number of Terminals"; Value = "2"; VariantName = "[No Variations]"
Change component parameters (AddParameter): Name = "Number of Terminations"; Value = "2"; VariantName = "[No Variations]"
Change component parameters (AddParameter): Name = "Packaging"; Value = "Cut Tape"; VariantName = "[No Variations]"
Change component parameters (AddParameter): Name = "Pins"; Value = "2"; VariantName = "[No Variations]"
Change component parameters (AddParameter): Name = "Power Dissipation"; Value = "125mW"; VariantName = "[No Variations]"
Change component parameters (AddParameter): Name = "Power Rating"; Value = "125mW"; VariantName = "[No Variations]"
Change component parameters (AddParameter): Name = "Pricing"; Value = "1=0,1, 10=0,041, 25=0,0312, 50=0,0256, 100=0,0212, 250=0,01692, 500=0,01456, 1000=0,01254 (USD)"; VariantName = "[No Variations]"
Change component parameters (AddParameter): Name = "Radiation Hardening"; Value = "No"; VariantName = "[No Variations]"
Change component parameters (AddParameter): Name = "REACH SVHC"; Value = "Yes"; VariantName = "[No Variations]"
Change component parameters (AddParameter): Name = "RoHS"; Value = "Compliant"; VariantName = "[No Variations]"
Change component parameters (AddParameter): Name = "Schedule B"; Value = "8533210045, 8533210045|8533210045|8533210045|8533210045|8533210045|8533210045|8533210045|8533210045|8533210045|8533210045|8533210045|8533210045|8533210045|8533210045|8533210045|8533210045|8533210045|8533210045|8533210045|8533210045|8533210045|8533210045|8533210045|85"; VariantName = "[No Variations]"
Change component parameters (AddParameter): Name = "Stock"; Value = "20841"; VariantName = "[No Variations]"
Change component parameters (AddParameter): Name = "Supplier"; Value = "DigiKey"; VariantName = "[No Variations]"
Change component parameters (AddParameter): Name = "Supplier Part Number"; Value = "541-180CCT-ND"; VariantName = "[No Variations]"
Change component parameters (AddParameter): Name = "Temperature Coefficient"; Value = "100ppm/°C"; VariantName = "[No Variations]"
Change component parameters (AddParameter): Name = "Termination"; Value = "SMD/SMT"; VariantName = "[No Variations]"
Change component parameters (AddParameter): Name = "Tolerance"; Value = "1%"; VariantName = "[No Variations]"
Change component parameters (AddParameter): Name = "Value"; Value = "180O"; VariantName = "[No Variations]"
Change component parameters (AddParameter): Name = "Voltage Rating"; Value = "150V"; VariantName = "[No Variations]"
Change component parameters (AddParameter): Name = "Voltage Rating (DC)"; Value = "150V"; VariantName = "[No Variations]"
Change component parameters (AddParameter): Name = "Weight"; Value = "5.499807mg"; VariantName = "[No Variations]"
Change component parameters (AddParameter): Name = "Width"; Value = "1.25mm"; VariantName = "[No Variations]"
Change component parameters (AddParameter): Name = "Working Voltage"; Value = "150V"; VariantName = "[No Variations]"
Change component parameters: Designator = "R10" ("R10"); Footprint = "10kResistor"; UniqueID = "\QGQETMBY" ("\QGQETMBY")
Change component parameters (AddParameter): Name = "Case Code (Imperial)"; Value = "0805"; VariantName = "[No Variations]"
Change component parameters (AddParameter): Name = "Case Code (Metric)"; Value = "2012"; VariantName = "[No Variations]"
Change component parameters (AddParameter): Name = "Case/Package"; Value = "0805"; VariantName = "[No Variations]"
Change component parameters (AddParameter): Name = "Category"; Value = "Chip SMD Resistors"; VariantName = "[No Variations]"
Change component parameters (AddParameter): Name = "China RoHS"; Value = "Non-Compliant"; VariantName = "[No Variations]"
Change component parameters (AddParameter): Name = "ComponentLink1Description"; Value = "https://datasheet.octopart.com:443/MCU0805MD1002DP500-Vishay-datasheet-182027964.pdf?src-supplier=IHS"; VariantName = "[No Variations]"
Change component parameters (AddParameter): Name = "ComponentLink1URL"; Value = "https://datasheet.octopart.com:443/MCU0805MD1002DP500-Vishay-datasheet-182027964.pdf?src-supplier=IHS"; VariantName = "[No Variations]"
Change component parameters (AddParameter): Name = "ComponentLink2Description"; Value = "https://datasheet.octopart.com:443/MCU0805MD1002DP500-Vishay-datasheet-81842982.pdf?src-supplier=Upverter"; VariantName = "[No Variations]"
Change component parameters (AddParameter): Name = "ComponentLink2URL"; Value = "https://datasheet.octopart.com:443/MCU0805MD1002DP500-Vishay-datasheet-81842982.pdf?src-supplier=Upverter"; VariantName = "[No Variations]"
Change component parameters (AddParameter): Name = "ComponentLink3Description"; Value = "https://datasheet.octopart.com:443/MCU0805MD1002DP500-Vishay-datasheet-169971017.pdf?src-supplier=Future+Electronics"; VariantName = "[No Variations]"
Change component parameters (AddParameter): Name = "ComponentLink3URL"; Value = "https://datasheet.octopart.com:443/MCU0805MD1002DP500-Vishay-datasheet-169971017.pdf?src-supplier=Future+Electronics"; VariantName = "[No Variations]"
Change component parameters (AddParameter): Name = "ComponentLink4Description"; Value = "https://datasheet.octopart.com:443/MCU0805MD1002DP500-Vishay-datasheet-114607041.pdf?src-supplier=Future+Electronics"; VariantName = "[No Variations]"
Change component parameters (AddParameter): Name = "ComponentLink4URL"; Value = "https://datasheet.octopart.com:443/MCU0805MD1002DP500-Vishay-datasheet-114607041.pdf?src-supplier=Future+Electronics"; VariantName = "[No Variations]"
Change component parameters (AddParameter): Name = "ComponentLink5Description"; Value = "http://sigma.octopart.com:80/rohs_statement/Vishay-company-15.pdf?src-supplier=Compliance+Statements"; VariantName = "[No Variations]"
Change component parameters (AddParameter): Name = "ComponentLink5URL"; Value = "http://sigma.octopart.com:80/rohs_statement/Vishay-company-15.pdf?src-supplier=Compliance+Statements"; VariantName = "[No Variations]"
Change component parameters (AddParameter): Name = "Composition"; Value = "Thin Film"; VariantName = "[No Variations]"
Change component parameters (AddParameter): Name = "Features"; Value = "Automotive AEC-Q200"; VariantName = "[No Variations]"
Change component parameters (AddParameter): Name = "Height"; Value = "520µm"; VariantName = "[No Variations]"
Change component parameters (AddParameter): Name = "LCSC"; Value = "C2090685"; VariantName = "[No Variations]"
Change component parameters (AddParameter): Name = "Length"; Value = "2.0066mm"; VariantName = "[No Variations]"
Change component parameters (AddParameter): Name = "Lifecycle Status"; Value = "Production"; VariantName = "[No Variations]"
Change component parameters (AddParameter): Name = "Manufacturer"; Value = "Vishay"; VariantName = "[No Variations]"
Change component parameters (AddParameter): Name = "Manufacturer Part Number"; Value = "MCU0805MD1002DP500"; VariantName = "[No Variations]"
Change component parameters (AddParameter): Name = "Max Operating Temperature"; Value = "125°C"; VariantName = "[No Variations]"
Change component parameters (AddParameter): Name = "Max Power Dissipation"; Value = "200mW"; VariantName = "[No Variations]"
Change component parameters (AddParameter): Name = "Min Operating Temperature"; Value = "-55°C"; VariantName = "[No Variations]"
Change component parameters (AddParameter): Name = "Mounting Technology"; Value = "Surface Mount"; VariantName = "[No Variations]"
Change component parameters (AddParameter): Name = "Number of Terminals"; Value = "2"; VariantName = "[No Variations]"
Change component parameters (AddParameter): Name = "Number of Terminations"; Value = "2"; VariantName = "[No Variations]"
Change component parameters (AddParameter): Name = "Packaging"; Value = "Digi-Reel®"; VariantName = "[No Variations]"
Change component parameters (AddParameter): Name = "Power Dissipation"; Value = "140mW"; VariantName = "[No Variations]"
Change component parameters (AddParameter): Name = "Power Rating"; Value = "200mW"; VariantName = "[No Variations]"
Change component parameters (AddParameter): Name = "Pricing"; Value = "1=0,13, 10=0,108, 25=0,1008, 50=0,095, 100=0,0897, 250=0,08332, 500=0,0789, 1000=0,07487 (USD)"; VariantName = "[No Variations]"
Change component parameters (AddParameter): Name = "REACH SVHC"; Value = "Yes"; VariantName = "[No Variations]"
Change component parameters (AddParameter): Name = "RoHS"; Value = "Compliant"; VariantName = "[No Variations]"
Change component parameters (AddParameter): Name = "Stock"; Value = "19723"; VariantName = "[No Variations]"
Change component parameters (AddParameter): Name = "Supplier"; Value = "DigiKey"; VariantName = "[No Variations]"
Change component parameters (AddParameter): Name = "Supplier Part Number"; Value = "MCU0805-10.0K-MDCT-ND"; VariantName = "[No Variations]"
Change component parameters (AddParameter): Name = "Temperature Coefficient"; Value = "25ppm/°C"; VariantName = "[No Variations]"
Change component parameters (AddParameter): Name = "Termination"; Value = "SMD/SMT"; VariantName = "[No Variations]"
Change component parameters (AddParameter): Name = "Tolerance"; Value = "0.5%"; VariantName = "[No Variations]"
Change component parameters (AddParameter): Name = "Value"; Value = "10kO"; VariantName = "[No Variations]"
Change component parameters (AddParameter): Name = "Voltage Rating"; Value = "150V"; VariantName = "[No Variations]"
Change component parameters (AddParameter): Name = "Weight"; Value = "5.499807mg"; VariantName = "[No Variations]"
Change component parameters (AddParameter): Name = "Width"; Value = "1.25mm"; VariantName = "[No Variations]"
Change component parameters (AddParameter): Name = "Working Voltage"; Value = "150V"; VariantName = "[No Variations]"
Change component parameters: Designator = "R11" ("R11"); Footprint = "100Resistor"; UniqueID = "\HIJUFLNI" ("\HIJUFLNI")
Change component parameters (AddParameter): Name = "Case Code (Imperial)"; Value = "0805"; VariantName = "[No Variations]"
Change component parameters (AddParameter): Name = "Case/Package"; Value = "0805"; VariantName = "[No Variations]"
Change component parameters (AddParameter): Name = "Category"; Value = "Chip SMD Resistors"; VariantName = "[No Variations]"
Change component parameters (AddParameter): Name = "China RoHS"; Value = "Non-Compliant"; VariantName = "[No Variations]"
Change component parameters (AddParameter): Name = "ComponentLink1Description"; Value = "https://datasheet.octopart.com:443/CRCW0805100RFKEA-Vishay-datasheet-175423584.pdf?src-supplier=IHS"; VariantName = "[No Variations]"
Change component parameters (AddParameter): Name = "ComponentLink1URL"; Value = "https://datasheet.octopart.com:443/CRCW0805100RFKEA-Vishay-datasheet-175423584.pdf?src-supplier=IHS"; VariantName = "[No Variations]"
Change component parameters (AddParameter): Name = "ComponentLink2Description"; Value = "https://datasheet.octopart.com:443/CRCW0805100RFKEA-Vishay-datasheet-83961561.pdf?src-supplier=Newark"; VariantName = "[No Variations]"
Change component parameters (AddParameter): Name = "ComponentLink2URL"; Value = "https://datasheet.octopart.com:443/CRCW0805100RFKEA-Vishay-datasheet-83961561.pdf?src-supplier=Newark"; VariantName = "[No Variations]"
Change component parameters (AddParameter): Name = "ComponentLink3Description"; Value = "https://datasheet.octopart.com:443/CRCW0805100RFKEA-Vishay-datasheet-11516975.pdf?src-supplier=Newark"; VariantName = "[No Variations]"
Change component parameters (AddParameter): Name = "ComponentLink3URL"; Value = "https://datasheet.octopart.com:443/CRCW0805100RFKEA-Vishay-datasheet-11516975.pdf?src-supplier=Newark"; VariantName = "[No Variations]"
Change component parameters (AddParameter): Name = "ComponentLink4Description"; Value = "https://datasheet.octopart.com:443/CRCW0805100RFKEA-Vishay-datasheet-41302739.pdf?src-supplier=Newark"; VariantName = "[No Variations]"
Change component parameters (AddParameter): Name = "ComponentLink4URL"; Value = "https://datasheet.octopart.com:443/CRCW0805100RFKEA-Vishay-datasheet-41302739.pdf?src-supplier=Newark"; VariantName = "[No Variations]"
Change component parameters (AddParameter): Name = "ComponentLink5Description"; Value = "https://datasheet.octopart.com:443/CRCW0805100RFKEA-Vishay-datasheet-33013972.pdf?src-supplier=Newark"; VariantName = "[No Variations]"
Change component parameters (AddParameter): Name = "ComponentLink5URL"; Value = "https://datasheet.octopart.com:443/CRCW0805100RFKEA-Vishay-datasheet-33013972.pdf?src-supplier=Newark"; VariantName = "[No Variations]"
Change component parameters (AddParameter): Name = "ComponentLink6Description"; Value = "https://datasheet.octopart.com:443/CRCW0805100RFKEA-Vishay-datasheet-62317937.pdf?src-supplier=element14+APAC"; VariantName = "[No Variations]"
Change component parameters (AddParameter): Name = "ComponentLink6URL"; Value = "https://datasheet.octopart.com:443/CRCW0805100RFKEA-Vishay-datasheet-62317937.pdf?src-supplier=element14+APAC"; VariantName = "[No Variations]"
Change component parameters (AddParameter): Name = "ComponentLink7Description"; Value = "https://datasheet.octopart.com:443/CRCW0805100RFKEA-Vishay-datasheet-14722531.pdf?src-supplier=element14+APAC"; VariantName = "[No Variations]"
Change component parameters (AddParameter): Name = "ComponentLink7URL"; Value = "https://datasheet.octopart.com:443/CRCW0805100RFKEA-Vishay-datasheet-14722531.pdf?src-supplier=element14+APAC"; VariantName = "[No Variations]"
Change component parameters (AddParameter): Name = "ComponentLink8Description"; Value = "https://datasheet.octopart.com:443/CRCW0805100RFKEA.-Vishay-datasheet-78776209.pdf?src-supplier=element14+APAC"; VariantName = "[No Variations]"
Change component parameters (AddParameter): Name = "ComponentLink8URL"; Value = "https://datasheet.octopart.com:443/CRCW0805100RFKEA.-Vishay-datasheet-78776209.pdf?src-supplier=element14+APAC"; VariantName = "[No Variations]"
Change component parameters (AddParameter): Name = "ComponentLink9Description"; Value = "https://datasheet.octopart.com:443/CRCW0805100RFKEA-Vishay-datasheet-66077789.pdf?src-supplier=element14+APAC"; VariantName = "[No Variations]"
Change component parameters (AddParameter): Name = "ComponentLink9URL"; Value = "https://datasheet.octopart.com:443/CRCW0805100RFKEA-Vishay-datasheet-66077789.pdf?src-supplier=element14+APAC"; VariantName = "[No Variations]"
Change component parameters (AddParameter): Name = "ComponentLink10Description"; Value = "https://datasheet.octopart.com:443/CRCW0805100RFKEA-Vishay-datasheet-16179825.pdf?src-supplier=element14+APAC"; VariantName = "[No Variations]"
Change component parameters (AddParameter): Name = "ComponentLink10URL"; Value = "https://datasheet.octopart.com:443/CRCW0805100RFKEA-Vishay-datasheet-16179825.pdf?src-supplier=element14+APAC"; VariantName = "[No Variations]"
Change component parameters (AddParameter): Name = "ComponentLink11Description"; Value = "https://datasheet.octopart.com:443/CRCW0805100RFKEA-Vishay-datasheet-5300368.pdf?src-supplier=Future+Electronics"; VariantName = "[No Variations]"
Change component parameters (AddParameter): Name = "ComponentLink11URL"; Value = "https://datasheet.octopart.com:443/CRCW0805100RFKEA-Vishay-datasheet-5300368.pdf?src-supplier=Future+Electronics"; VariantName = "[No Variations]"
Change component parameters (AddParameter): Name = "ComponentLink12Description"; Value = "https://datasheet.octopart.com:443/CRCW0805100RFKEA-Vishay-datasheet-62316122.pdf?src-supplier=Future+Electronics"; VariantName = "[No Variations]"
Change component parameters (AddParameter): Name = "ComponentLink12URL"; Value = "https://datasheet.octopart.com:443/CRCW0805100RFKEA-Vishay-datasheet-62316122.pdf?src-supplier=Future+Electronics"; VariantName = "[No Variations]"
Change component parameters (AddParameter): Name = "ComponentLink13Description"; Value = "https://datasheet.octopart.com:443/CRCW0805100RFKEA-Vishay-datasheet-5306405.pdf?src-supplier=RS+(Formerly+Allied+Electronics)"; VariantName = "[No Variations]"
Change component parameters (AddParameter): Name = "ComponentLink13URL"; Value = "https://datasheet.octopart.com:443/CRCW0805100RFKEA-Vishay-datasheet-5306405.pdf?src-supplier=RS+(Formerly+Allied+Electronics)"; VariantName = "[No Variations]"
Change component parameters (AddParameter): Name = "ComponentLink14Description"; Value = "https://datasheet.octopart.com:443/CRCW0805100RFKEA-Vishay-Dale-datasheet-47688880.pdf?src-supplier=RS+(Formerly+Allied+Electronics)"; VariantName = "[No Variations]"
Change component parameters (AddParameter): Name = "ComponentLink14URL"; Value = "https://datasheet.octopart.com:443/CRCW0805100RFKEA-Vishay-Dale-datasheet-47688880.pdf?src-supplier=RS+(Formerly+Allied+Electronics)"; VariantName = "[No Variations]"
Change component parameters (AddParameter): Name = "ComponentLink15Description"; Value = "https://datasheet.octopart.com:443/CRCW0805100RFKEA-Vishay-datasheet-12001583.pdf?src-supplier=RS+(Formerly+Allied+Electronics)"; VariantName = "[No Variations]"
Change component parameters (AddParameter): Name = "ComponentLink15URL"; Value = "https://datasheet.octopart.com:443/CRCW0805100RFKEA-Vishay-datasheet-12001583.pdf?src-supplier=RS+(Formerly+Allied+Electronics)"; VariantName = "[No Variations]"
Change component parameters (AddParameter): Name = "ComponentLink16Description"; Value = "https://datasheet.octopart.com:443/CRCW0805100RFKEA-Vishay-datasheet-17834126.pdf?src-supplier=TME"; VariantName = "[No Variations]"
Change component parameters (AddParameter): Name = "ComponentLink16URL"; Value = "https://datasheet.octopart.com:443/CRCW0805100RFKEA-Vishay-datasheet-17834126.pdf?src-supplier=TME"; VariantName = "[No Variations]"
Change component parameters (AddParameter): Name = "ComponentLink17Description"; Value = "https://datasheet.octopart.com/D-CRCW-e3-Standard-Thick-Film-Chip-Resistors-Vishay-datasheet-family-64.pdf"; VariantName = "[No Variations]"
Change component parameters (AddParameter): Name = "ComponentLink17URL"; Value = "https://datasheet.octopart.com/D-CRCW-e3-Standard-Thick-Film-Chip-Resistors-Vishay-datasheet-family-64.pdf"; VariantName = "[No Variations]"
Change component parameters (AddParameter): Name = "ComponentLink18Description"; Value = "https://datasheet.octopart.com:443/CRCW0805100RFKEA-Vishay-datasheet-13242068.pdf?src-supplier=Farnell"; VariantName = "[No Variations]"
Change component parameters (AddParameter): Name = "ComponentLink18URL"; Value = "https://datasheet.octopart.com:443/CRCW0805100RFKEA-Vishay-datasheet-13242068.pdf?src-supplier=Farnell"; VariantName = "[No Variations]"
Change component parameters (AddParameter): Name = "ComponentLink19Description"; Value = "https://datasheet.octopart.com:443/CRCW0805100RFKEA-Vishay-datasheet-13195083.pdf?src-supplier=Farnell"; VariantName = "[No Variations]"
Change component parameters (AddParameter): Name = "ComponentLink19URL"; Value = "https://datasheet.octopart.com:443/CRCW0805100RFKEA-Vishay-datasheet-13195083.pdf?src-supplier=Farnell"; VariantName = "[No Variations]"
Change component parameters (AddParameter): Name = "ComponentLink20Description"; Value = "https://datasheet.octopart.com:443/CRCW0805100RFKEA-Vishay-datasheet-13034211.pdf?src-supplier=Farnell"; VariantName = "[No Variations]"
Change component parameters (AddParameter): Name = "ComponentLink20URL"; Value = "https://datasheet.octopart.com:443/CRCW0805100RFKEA-Vishay-datasheet-13034211.pdf?src-supplier=Farnell"; VariantName = "[No Variations]"
Change component parameters (AddParameter): Name = "ComponentLink21Description"; Value = "https://datasheet.octopart.com:443/CRCW0805100RFKEA-Vishay-datasheet-12600034.pdf?src-supplier=Farnell"; VariantName = "[No Variations]"
Change component parameters (AddParameter): Name = "ComponentLink21URL"; Value = "https://datasheet.octopart.com:443/CRCW0805100RFKEA-Vishay-datasheet-12600034.pdf?src-supplier=Farnell"; VariantName = "[No Variations]"
Change component parameters (AddParameter): Name = "ComponentLink22Description"; Value = "https://datasheet.octopart.com:443/CRCW0805100RFKEA-Vishay-datasheet-12532161.pdf?src-supplier=Farnell"; VariantName = "[No Variations]"
Change component parameters (AddParameter): Name = "ComponentLink22URL"; Value = "https://datasheet.octopart.com:443/CRCW0805100RFKEA-Vishay-datasheet-12532161.pdf?src-supplier=Farnell"; VariantName = "[No Variations]"
Change component parameters (AddParameter): Name = "ComponentLink23Description"; Value = "https://datasheet.octopart.com:443/CRCW0805100RFKEA-Vishay-datasheet-12517896.pdf?src-supplier=Farnell"; VariantName = "[No Variations]"
Change component parameters (AddParameter): Name = "ComponentLink23URL"; Value = "https://datasheet.octopart.com:443/CRCW0805100RFKEA-Vishay-datasheet-12517896.pdf?src-supplier=Farnell"; VariantName = "[No Variations]"
Change component parameters (AddParameter): Name = "ComponentLink24Description"; Value = "https://datasheet.octopart.com:443/CRCW0805100RFKEA-Vishay-datasheet-12509762.pdf?src-supplier=Farnell"; VariantName = "[No Variations]"
Change component parameters (AddParameter): Name = "ComponentLink24URL"; Value = "https://datasheet.octopart.com:443/CRCW0805100RFKEA-Vishay-datasheet-12509762.pdf?src-supplier=Farnell"; VariantName = "[No Variations]"
Change component parameters (AddParameter): Name = "ComponentLink25Description"; Value = "https://datasheet.octopart.com:443/CRCW0805100RFKEA-Vishay-datasheet-10322335.pdf?src-supplier=Farnell"; VariantName = "[No Variations]"
Change component parameters (AddParameter): Name = "ComponentLink25URL"; Value = "https://datasheet.octopart.com:443/CRCW0805100RFKEA-Vishay-datasheet-10322335.pdf?src-supplier=Farnell"; VariantName = "[No Variations]"
Change component parameters (AddParameter): Name = "ComponentLink26Description"; Value = "https://datasheet.octopart.com:443/CRCW0805100RFKEA-Vishay-datasheet-8788789.pdf?src-supplier=Farnell"; VariantName = "[No Variations]"
Change component parameters (AddParameter): Name = "ComponentLink26URL"; Value = "https://datasheet.octopart.com:443/CRCW0805100RFKEA-Vishay-datasheet-8788789.pdf?src-supplier=Farnell"; VariantName = "[No Variations]"
Change component parameters (AddParameter): Name = "ComponentLink27Description"; Value = "https://datasheet.octopart.com:443/CRCW0805100RFKEA-Vishay-datasheet-8361388.pdf?src-supplier=Farnell"; VariantName = "[No Variations]"
Change component parameters (AddParameter): Name = "ComponentLink27URL"; Value = "https://datasheet.octopart.com:443/CRCW0805100RFKEA-Vishay-datasheet-8361388.pdf?src-supplier=Farnell"; VariantName = "[No Variations]"
Change component parameters (AddParameter): Name = "ComponentLink28Description"; Value = "https://datasheet.octopart.com:443/CRCW0805100RFKEA-Vishay-datasheet-546287.pdf?src-supplier=Farnell"; VariantName = "[No Variations]"
Change component parameters (AddParameter): Name = "ComponentLink28URL"; Value = "https://datasheet.octopart.com:443/CRCW0805100RFKEA-Vishay-datasheet-546287.pdf?src-supplier=Farnell"; VariantName = "[No Variations]"
Change component parameters (AddParameter): Name = "ComponentLink29Description"; Value = "https://datasheet.octopart.com:443/CRCW0805100RFKEA-Vishay-datasheet-11540273.pdf?src-supplier=Arrow+Electronics"; VariantName = "[No Variations]"
Change component parameters (AddParameter): Name = "ComponentLink29URL"; Value = "https://datasheet.octopart.com:443/CRCW0805100RFKEA-Vishay-datasheet-11540273.pdf?src-supplier=Arrow+Electronics"; VariantName = "[No Variations]"
Change component parameters (AddParameter): Name = "ComponentLink30Description"; Value = "https://datasheet.octopart.com:443/CRCW0805100RFKEA-Vishay-datasheet-8445837.pdf?src-supplier=element14"; VariantName = "[No Variations]"
Change component parameters (AddParameter): Name = "ComponentLink30URL"; Value = "https://datasheet.octopart.com:443/CRCW0805100RFKEA-Vishay-datasheet-8445837.pdf?src-supplier=element14"; VariantName = "[No Variations]"
Change component parameters (AddParameter): Name = "ComponentLink31Description"; Value = "https://datasheet.octopart.com:443/CRCW0805100RFKEA-Vishay-datasheet-5377306.pdf?src-supplier=Garrett"; VariantName = "[No Variations]"
Change component parameters (AddParameter): Name = "ComponentLink31URL"; Value = "https://datasheet.octopart.com:443/CRCW0805100RFKEA-Vishay-datasheet-5377306.pdf?src-supplier=Garrett"; VariantName = "[No Variations]"
Change component parameters (AddParameter): Name = "ComponentLink32Description"; Value = "https://datasheet.octopart.com:443/CRCW0805100RFKEA-Vishay-datasheet-148188.pdf?src-supplier=Garrett"; VariantName = "[No Variations]"
Change component parameters (AddParameter): Name = "ComponentLink32URL"; Value = "https://datasheet.octopart.com:443/CRCW0805100RFKEA-Vishay-datasheet-148188.pdf?src-supplier=Garrett"; VariantName = "[No Variations]"
Change component parameters (AddParameter): Name = "ComponentLink33Description"; Value = "https://datasheet.octopart.com:443/CRCW0805100RFKEA-Vishay-datasheet-34203.pdf?src-supplier=Garrett"; VariantName = "[No Variations]"
Change component parameters (AddParameter): Name = "ComponentLink33URL"; Value = "https://datasheet.octopart.com:443/CRCW0805100RFKEA-Vishay-datasheet-34203.pdf?src-supplier=Garrett"; VariantName = "[No Variations]"
Change component parameters (AddParameter): Name = "ComponentLink34Description"; Value = "http://sigma.octopart.com:80/rohs_certificate/D-CRCW-e3-Standard-Thick-Film-Chip-Resistors-Vishay-family-102.pdf?src-supplier=Compliance+Statements"; VariantName = "[No Variations]"
Change component parameters (AddParameter): Name = "ComponentLink34URL"; Value = "http://sigma.octopart.com:80/rohs_certificate/D-CRCW-e3-Standard-Thick-Film-Chip-Resistors-Vishay-family-102.pdf?src-supplier=Compliance+Statements"; VariantName = "[No Variations]"
Change component parameters (AddParameter): Name = "Composition"; Value = "Thick Film"; VariantName = "[No Variations]"
Change component parameters (AddParameter): Name = "Contact Plating"; Value = "Tin"; VariantName = "[No Variations]"
Change component parameters (AddParameter): Name = "Depth"; Value = "1.25mm"; VariantName = "[No Variations]"
Change component parameters (AddParameter): Name = "Features"; Value = "Automotive AEC-Q200"; VariantName = "[No Variations]"
Change component parameters (AddParameter): Name = "Height"; Value = "450µm"; VariantName = "[No Variations]"
Change component parameters (AddParameter): Name = "LCSC"; Value = "C844936"; VariantName = "[No Variations]"
Change component parameters (AddParameter): Name = "Lead Free"; Value = "Lead Free"; VariantName = "[No Variations]"
Change component parameters (AddParameter): Name = "Length"; Value = "2mm"; VariantName = "[No Variations]"
Change component parameters (AddParameter): Name = "Lifecycle Status"; Value = "Production"; VariantName = "[No Variations]"
Change component parameters (AddParameter): Name = "Manufacturer"; Value = "Vishay"; VariantName = "[No Variations]"
Change component parameters (AddParameter): Name = "Manufacturer Package Identifier"; Value = "CRCW0805-e3"; VariantName = "[No Variations]"
Change component parameters (AddParameter): Name = "Manufacturer Part Number"; Value = "CRCW0805100RFKEA"; VariantName = "[No Variations]"
Change component parameters (AddParameter): Name = "Max Operating Temperature"; Value = "155°C"; VariantName = "[No Variations]"
Change component parameters (AddParameter): Name = "Max Power Dissipation"; Value = "125mW"; VariantName = "[No Variations]"
Change component parameters (AddParameter): Name = "Military Standard"; Value = "Not"; VariantName = "[No Variations]"
Change component parameters (AddParameter): Name = "Min Operating Temperature"; Value = "-55°C"; VariantName = "[No Variations]"
Change component parameters (AddParameter): Name = "Mounting Technology"; Value = "Surface Mount"; VariantName = "[No Variations]"
Change component parameters (AddParameter): Name = "Number of Terminals"; Value = "2"; VariantName = "[No Variations]"
Change component parameters (AddParameter): Name = "Number of Terminations"; Value = "2"; VariantName = "[No Variations]"
Change component parameters (AddParameter): Name = "Pins"; Value = "2"; VariantName = "[No Variations]"
Change component parameters (AddParameter): Name = "Power Dissipation"; Value = "125mW"; VariantName = "[No Variations]"
Change component parameters (AddParameter): Name = "Power Rating"; Value = "125mW"; VariantName = "[No Variations]"
Change component parameters (AddParameter): Name = "Pricing"; Value = "1=0,1, 10=0,041, 25=0,0312, 50=0,0256, 100=0,0212, 250=0,01692, 500=0,01448, 1000=0,01254 (USD)"; VariantName = "[No Variations]"
Change component parameters (AddParameter): Name = "Radiation Hardening"; Value = "No"; VariantName = "[No Variations]"
Change component parameters (AddParameter): Name = "REACH SVHC"; Value = "Yes"; VariantName = "[No Variations]"
Change component parameters (AddParameter): Name = "RoHS"; Value = "Compliant"; VariantName = "[No Variations]"
Change component parameters (AddParameter): Name = "Schedule B"; Value = "8533210045, 8533210045|8533210045|8533210045|8533210045|8533210045|8533210045|8533210045|8533210045|8533210045|8533210045|8533210045|8533210045|8533210045|8533210045|8533210045|8533210045|8533210045|8533210045|8533210045|8533210045|8533210045|8533210045|8533210045|85"; VariantName = "[No Variations]"
Change component parameters (AddParameter): Name = "Stock"; Value = "224684"; VariantName = "[No Variations]"
Change component parameters (AddParameter): Name = "Supplier"; Value = "DigiKey"; VariantName = "[No Variations]"
Change component parameters (AddParameter): Name = "Supplier Part Number"; Value = "541-100CCT-ND"; VariantName = "[No Variations]"
Change component parameters (AddParameter): Name = "Temperature Coefficient"; Value = "100ppm/°C"; VariantName = "[No Variations]"
Change component parameters (AddParameter): Name = "Termination"; Value = "SMD/SMT"; VariantName = "[No Variations]"
Change component parameters (AddParameter): Name = "Tolerance"; Value = "1%"; VariantName = "[No Variations]"
Change component parameters (AddParameter): Name = "Value"; Value = "100O"; VariantName = "[No Variations]"
Change component parameters (AddParameter): Name = "Voltage Rating"; Value = "150V"; VariantName = "[No Variations]"
Change component parameters (AddParameter): Name = "Voltage Rating (DC)"; Value = "150V"; VariantName = "[No Variations]"
Change component parameters (AddParameter): Name = "Weight"; Value = "5.499807mg"; VariantName = "[No Variations]"
Change component parameters (AddParameter): Name = "Width"; Value = "1.25mm"; VariantName = "[No Variations]"
Change component parameters (AddParameter): Name = "Working Voltage"; Value = "150V"; VariantName = "[No Variations]"
Change component parameters: Designator = "R12" ("R12"); Footprint = "100kResistor"; UniqueID = "\DWVKWBQP" ("\DWVKWBQP")
Change component parameters (AddParameter): Name = "Case Code (Imperial)"; Value = "0805"; VariantName = "[No Variations]"
Change component parameters (AddParameter): Name = "Case/Package"; Value = "0805"; VariantName = "[No Variations]"
Change component parameters (AddParameter): Name = "Category"; Value = "Chip SMD Resistors"; VariantName = "[No Variations]"
Change component parameters (AddParameter): Name = "China RoHS"; Value = "Non-Compliant"; VariantName = "[No Variations]"
Change component parameters (AddParameter): Name = "ComponentLink1Description"; Value = "https://datasheet.octopart.com:443/CRCW0805100KFKEA-Vishay-datasheet-175423584.pdf?src-supplier=IHS"; VariantName = "[No Variations]"
Change component parameters (AddParameter): Name = "ComponentLink1URL"; Value = "https://datasheet.octopart.com:443/CRCW0805100KFKEA-Vishay-datasheet-175423584.pdf?src-supplier=IHS"; VariantName = "[No Variations]"
Change component parameters (AddParameter): Name = "ComponentLink2Description"; Value = "https://datasheet.octopart.com:443/CRCW0805100KFKEA-Vishay-datasheet-141435152.pdf?src-supplier=Upverter"; VariantName = "[No Variations]"
Change component parameters (AddParameter): Name = "ComponentLink2URL"; Value = "https://datasheet.octopart.com:443/CRCW0805100KFKEA-Vishay-datasheet-141435152.pdf?src-supplier=Upverter"; VariantName = "[No Variations]"
Change component parameters (AddParameter): Name = "ComponentLink3Description"; Value = "https://datasheet.octopart.com:443/CRCW0805100KFKEA-Vishay-datasheet-83961561.pdf?src-supplier=element14+APAC"; VariantName = "[No Variations]"
Change component parameters (AddParameter): Name = "ComponentLink3URL"; Value = "https://datasheet.octopart.com:443/CRCW0805100KFKEA-Vishay-datasheet-83961561.pdf?src-supplier=element14+APAC"; VariantName = "[No Variations]"
Change component parameters (AddParameter): Name = "ComponentLink4Description"; Value = "https://datasheet.octopart.com:443/CRCW0805100KFKEA-Vishay-datasheet-62317937.pdf?src-supplier=element14+APAC"; VariantName = "[No Variations]"
Change component parameters (AddParameter): Name = "ComponentLink4URL"; Value = "https://datasheet.octopart.com:443/CRCW0805100KFKEA-Vishay-datasheet-62317937.pdf?src-supplier=element14+APAC"; VariantName = "[No Variations]"
Change component parameters (AddParameter): Name = "ComponentLink5Description"; Value = "https://datasheet.octopart.com:443/CRCW0805100KFKEA-Vishay-datasheet-14722531.pdf?src-supplier=element14+APAC"; VariantName = "[No Variations]"
Change component parameters (AddParameter): Name = "ComponentLink5URL"; Value = "https://datasheet.octopart.com:443/CRCW0805100KFKEA-Vishay-datasheet-14722531.pdf?src-supplier=element14+APAC"; VariantName = "[No Variations]"
Change component parameters (AddParameter): Name = "ComponentLink6Description"; Value = "https://datasheet.octopart.com:443/CRCW0805100KFKEA-Vishay-datasheet-66077789.pdf?src-supplier=element14+APAC"; VariantName = "[No Variations]"
Change component parameters (AddParameter): Name = "ComponentLink6URL"; Value = "https://datasheet.octopart.com:443/CRCW0805100KFKEA-Vishay-datasheet-66077789.pdf?src-supplier=element14+APAC"; VariantName = "[No Variations]"
Change component parameters (AddParameter): Name = "ComponentLink7Description"; Value = "https://datasheet.octopart.com:443/CRCW0805100KFKEA-Vishay-datasheet-16179825.pdf?src-supplier=element14+APAC"; VariantName = "[No Variations]"
Change component parameters (AddParameter): Name = "ComponentLink7URL"; Value = "https://datasheet.octopart.com:443/CRCW0805100KFKEA-Vishay-datasheet-16179825.pdf?src-supplier=element14+APAC"; VariantName = "[No Variations]"
Change component parameters (AddParameter): Name = "ComponentLink8Description"; Value = "https://datasheet.octopart.com:443/CRCW0805100KFKEA.-Vishay-datasheet-78776209.pdf?src-supplier=Newark"; VariantName = "[No Variations]"
Change component parameters (AddParameter): Name = "ComponentLink8URL"; Value = "https://datasheet.octopart.com:443/CRCW0805100KFKEA.-Vishay-datasheet-78776209.pdf?src-supplier=Newark"; VariantName = "[No Variations]"
Change component parameters (AddParameter): Name = "ComponentLink9Description"; Value = "https://datasheet.octopart.com:443/CRCW0805100KFKEA-Vishay-datasheet-11516975.pdf?src-supplier=Newark"; VariantName = "[No Variations]"
Change component parameters (AddParameter): Name = "ComponentLink9URL"; Value = "https://datasheet.octopart.com:443/CRCW0805100KFKEA-Vishay-datasheet-11516975.pdf?src-supplier=Newark"; VariantName = "[No Variations]"
Change component parameters (AddParameter): Name = "ComponentLink10Description"; Value = "https://datasheet.octopart.com:443/CRCW0805100KFKEA-Vishay-datasheet-33013972.pdf?src-supplier=Newark"; VariantName = "[No Variations]"
Change component parameters (AddParameter): Name = "ComponentLink10URL"; Value = "https://datasheet.octopart.com:443/CRCW0805100KFKEA-Vishay-datasheet-33013972.pdf?src-supplier=Newark"; VariantName = "[No Variations]"
Change component parameters (AddParameter): Name = "ComponentLink11Description"; Value = "https://datasheet.octopart.com:443/CRCW0805100KFKEA-Vishay-datasheet-21268114.pdf?src-supplier=Newark"; VariantName = "[No Variations]"
Change component parameters (AddParameter): Name = "ComponentLink11URL"; Value = "https://datasheet.octopart.com:443/CRCW0805100KFKEA-Vishay-datasheet-21268114.pdf?src-supplier=Newark"; VariantName = "[No Variations]"
Change component parameters (AddParameter): Name = "ComponentLink12Description"; Value = "https://datasheet.octopart.com:443/CRCW0805100KFKEA-Vishay-datasheet-5300368.pdf?src-supplier=Future+Electronics"; VariantName = "[No Variations]"
Change component parameters (AddParameter): Name = "ComponentLink12URL"; Value = "https://datasheet.octopart.com:443/CRCW0805100KFKEA-Vishay-datasheet-5300368.pdf?src-supplier=Future+Electronics"; VariantName = "[No Variations]"
Change component parameters (AddParameter): Name = "ComponentLink13Description"; Value = "https://datasheet.octopart.com:443/CRCW0805100KFKEA-Vishay-datasheet-62316122.pdf?src-supplier=Future+Electronics"; VariantName = "[No Variations]"
Change component parameters (AddParameter): Name = "ComponentLink13URL"; Value = "https://datasheet.octopart.com:443/CRCW0805100KFKEA-Vishay-datasheet-62316122.pdf?src-supplier=Future+Electronics"; VariantName = "[No Variations]"
Change component parameters (AddParameter): Name = "ComponentLink14Description"; Value = "https://datasheet.octopart.com:443/CRCW0805100KFKEA-Vishay-datasheet-5306405.pdf?src-supplier=RS+(Formerly+Allied+Electronics)"; VariantName = "[No Variations]"
Change component parameters (AddParameter): Name = "ComponentLink14URL"; Value = "https://datasheet.octopart.com:443/CRCW0805100KFKEA-Vishay-datasheet-5306405.pdf?src-supplier=RS+(Formerly+Allied+Electronics)"; VariantName = "[No Variations]"
Change component parameters (AddParameter): Name = "ComponentLink15Description"; Value = "https://datasheet.octopart.com:443/CRCW0805100KFKEA-Vishay-Dale-datasheet-47688880.pdf?src-supplier=RS+(Formerly+Allied+Electronics)"; VariantName = "[No Variations]"
Change component parameters (AddParameter): Name = "ComponentLink15URL"; Value = "https://datasheet.octopart.com:443/CRCW0805100KFKEA-Vishay-Dale-datasheet-47688880.pdf?src-supplier=RS+(Formerly+Allied+Electronics)"; VariantName = "[No Variations]"
Change component parameters (AddParameter): Name = "ComponentLink16Description"; Value = "https://datasheet.octopart.com:443/CRCW0805100KFKEA-Vishay-datasheet-12001583.pdf?src-supplier=RS+(Formerly+Allied+Electronics)"; VariantName = "[No Variations]"
Change component parameters (AddParameter): Name = "ComponentLink16URL"; Value = "https://datasheet.octopart.com:443/CRCW0805100KFKEA-Vishay-datasheet-12001583.pdf?src-supplier=RS+(Formerly+Allied+Electronics)"; VariantName = "[No Variations]"
Change component parameters (AddParameter): Name = "ComponentLink17Description"; Value = "https://datasheet.octopart.com:443/CRCW0805100KFKEA-Vishay-datasheet-17834126.pdf?src-supplier=TME"; VariantName = "[No Variations]"
Change component parameters (AddParameter): Name = "ComponentLink17URL"; Value = "https://datasheet.octopart.com:443/CRCW0805100KFKEA-Vishay-datasheet-17834126.pdf?src-supplier=TME"; VariantName = "[No Variations]"
Change component parameters (AddParameter): Name = "ComponentLink18Description"; Value = "https://datasheet.octopart.com:443/CRCW0805100KFKEA-Vishay-datasheet-13242068.pdf?src-supplier=Farnell"; VariantName = "[No Variations]"
Change component parameters (AddParameter): Name = "ComponentLink18URL"; Value = "https://datasheet.octopart.com:443/CRCW0805100KFKEA-Vishay-datasheet-13242068.pdf?src-supplier=Farnell"; VariantName = "[No Variations]"
Change component parameters (AddParameter): Name = "ComponentLink19Description"; Value = "https://datasheet.octopart.com:443/CRCW0805100KFKEA-Vishay-datasheet-13195083.pdf?src-supplier=Farnell"; VariantName = "[No Variations]"
Change component parameters (AddParameter): Name = "ComponentLink19URL"; Value = "https://datasheet.octopart.com:443/CRCW0805100KFKEA-Vishay-datasheet-13195083.pdf?src-supplier=Farnell"; VariantName = "[No Variations]"
Change component parameters (AddParameter): Name = "ComponentLink20Description"; Value = "https://datasheet.octopart.com:443/CRCW0805100KFKEA-Vishay-datasheet-13034211.pdf?src-supplier=Farnell"; VariantName = "[No Variations]"
Change component parameters (AddParameter): Name = "ComponentLink20URL"; Value = "https://datasheet.octopart.com:443/CRCW0805100KFKEA-Vishay-datasheet-13034211.pdf?src-supplier=Farnell"; VariantName = "[No Variations]"
Change component parameters (AddParameter): Name = "ComponentLink21Description"; Value = "https://datasheet.octopart.com:443/CRCW0805100KFKEA-Vishay-datasheet-12600034.pdf?src-supplier=Farnell"; VariantName = "[No Variations]"
Change component parameters (AddParameter): Name = "ComponentLink21URL"; Value = "https://datasheet.octopart.com:443/CRCW0805100KFKEA-Vishay-datasheet-12600034.pdf?src-supplier=Farnell"; VariantName = "[No Variations]"
Change component parameters (AddParameter): Name = "ComponentLink22Description"; Value = "https://datasheet.octopart.com:443/CRCW0805100KFKEA-Vishay-datasheet-12532161.pdf?src-supplier=Farnell"; VariantName = "[No Variations]"
Change component parameters (AddParameter): Name = "ComponentLink22URL"; Value = "https://datasheet.octopart.com:443/CRCW0805100KFKEA-Vishay-datasheet-12532161.pdf?src-supplier=Farnell"; VariantName = "[No Variations]"
Change component parameters (AddParameter): Name = "ComponentLink23Description"; Value = "https://datasheet.octopart.com:443/CRCW0805100KFKEA-Vishay-datasheet-12517896.pdf?src-supplier=Farnell"; VariantName = "[No Variations]"
Change component parameters (AddParameter): Name = "ComponentLink23URL"; Value = "https://datasheet.octopart.com:443/CRCW0805100KFKEA-Vishay-datasheet-12517896.pdf?src-supplier=Farnell"; VariantName = "[No Variations]"
Change component parameters (AddParameter): Name = "ComponentLink24Description"; Value = "https://datasheet.octopart.com:443/CRCW0805100KFKEA-Vishay-datasheet-12509762.pdf?src-supplier=Farnell"; VariantName = "[No Variations]"
Change component parameters (AddParameter): Name = "ComponentLink24URL"; Value = "https://datasheet.octopart.com:443/CRCW0805100KFKEA-Vishay-datasheet-12509762.pdf?src-supplier=Farnell"; VariantName = "[No Variations]"
Change component parameters (AddParameter): Name = "ComponentLink25Description"; Value = "https://datasheet.octopart.com:443/CRCW0805100KFKEA-Vishay-datasheet-10322335.pdf?src-supplier=Farnell"; VariantName = "[No Variations]"
Change component parameters (AddParameter): Name = "ComponentLink25URL"; Value = "https://datasheet.octopart.com:443/CRCW0805100KFKEA-Vishay-datasheet-10322335.pdf?src-supplier=Farnell"; VariantName = "[No Variations]"
Change component parameters (AddParameter): Name = "ComponentLink26Description"; Value = "https://datasheet.octopart.com:443/CRCW0805100KFKEA-Vishay-datasheet-8788789.pdf?src-supplier=Farnell"; VariantName = "[No Variations]"
Change component parameters (AddParameter): Name = "ComponentLink26URL"; Value = "https://datasheet.octopart.com:443/CRCW0805100KFKEA-Vishay-datasheet-8788789.pdf?src-supplier=Farnell"; VariantName = "[No Variations]"
Change component parameters (AddParameter): Name = "ComponentLink27Description"; Value = "https://datasheet.octopart.com:443/CRCW0805100KFKEA-Vishay-datasheet-8361388.pdf?src-supplier=Farnell"; VariantName = "[No Variations]"
Change component parameters (AddParameter): Name = "ComponentLink27URL"; Value = "https://datasheet.octopart.com:443/CRCW0805100KFKEA-Vishay-datasheet-8361388.pdf?src-supplier=Farnell"; VariantName = "[No Variations]"
Change component parameters (AddParameter): Name = "ComponentLink28Description"; Value = "https://datasheet.octopart.com:443/CRCW0805100KFKEA-Vishay-datasheet-546287.pdf?src-supplier=Farnell"; VariantName = "[No Variations]"
Change component parameters (AddParameter): Name = "ComponentLink28URL"; Value = "https://datasheet.octopart.com:443/CRCW0805100KFKEA-Vishay-datasheet-546287.pdf?src-supplier=Farnell"; VariantName = "[No Variations]"
Change component parameters (AddParameter): Name = "ComponentLink29Description"; Value = "https://datasheet.octopart.com:443/CRCW0805100KFKEA-Vishay-datasheet-11540273.pdf?src-supplier=Arrow+Electronics"; VariantName = "[No Variations]"
Change component parameters (AddParameter): Name = "ComponentLink29URL"; Value = "https://datasheet.octopart.com:443/CRCW0805100KFKEA-Vishay-datasheet-11540273.pdf?src-supplier=Arrow+Electronics"; VariantName = "[No Variations]"
Change component parameters (AddParameter): Name = "ComponentLink30Description"; Value = "https://datasheet.octopart.com:443/CRCW0805100KFKEA-Vishay-datasheet-8445837.pdf?src-supplier=element14"; VariantName = "[No Variations]"
Change component parameters (AddParameter): Name = "ComponentLink30URL"; Value = "https://datasheet.octopart.com:443/CRCW0805100KFKEA-Vishay-datasheet-8445837.pdf?src-supplier=element14"; VariantName = "[No Variations]"
Change component parameters (AddParameter): Name = "ComponentLink31Description"; Value = "https://datasheet.octopart.com:443/CRCW0805100KFKEA-Vishay-datasheet-5377306.pdf?src-supplier=Garrett"; VariantName = "[No Variations]"
Change component parameters (AddParameter): Name = "ComponentLink31URL"; Value = "https://datasheet.octopart.com:443/CRCW0805100KFKEA-Vishay-datasheet-5377306.pdf?src-supplier=Garrett"; VariantName = "[No Variations]"
Change component parameters (AddParameter): Name = "ComponentLink32Description"; Value = "https://datasheet.octopart.com:443/CRCW0805100KFKEA-Vishay-datasheet-148188.pdf?src-supplier=Garrett"; VariantName = "[No Variations]"
Change component parameters (AddParameter): Name = "ComponentLink32URL"; Value = "https://datasheet.octopart.com:443/CRCW0805100KFKEA-Vishay-datasheet-148188.pdf?src-supplier=Garrett"; VariantName = "[No Variations]"
Change component parameters (AddParameter): Name = "ComponentLink33Description"; Value = "https://datasheet.octopart.com:443/CRCW0805100KFKEA-Vishay-datasheet-34203.pdf?src-supplier=Garrett"; VariantName = "[No Variations]"
Change component parameters (AddParameter): Name = "ComponentLink33URL"; Value = "https://datasheet.octopart.com:443/CRCW0805100KFKEA-Vishay-datasheet-34203.pdf?src-supplier=Garrett"; VariantName = "[No Variations]"
Change component parameters (AddParameter): Name = "ComponentLink34Description"; Value = "http://sigma.octopart.com:80/rohs_statement/Vishay-company-15.pdf?src-supplier=Compliance+Statements"; VariantName = "[No Variations]"
Change component parameters (AddParameter): Name = "ComponentLink34URL"; Value = "http://sigma.octopart.com:80/rohs_statement/Vishay-company-15.pdf?src-supplier=Compliance+Statements"; VariantName = "[No Variations]"
Change component parameters (AddParameter): Name = "Composition"; Value = "Thick Film"; VariantName = "[No Variations]"
Change component parameters (AddParameter): Name = "Contact Plating"; Value = "Tin"; VariantName = "[No Variations]"
Change component parameters (AddParameter): Name = "Depth"; Value = "1.25mm"; VariantName = "[No Variations]"
Change component parameters (AddParameter): Name = "Height"; Value = "450µm"; VariantName = "[No Variations]"
Change component parameters (AddParameter): Name = "LCSC"; Value = "C844935"; VariantName = "[No Variations]"
Change component parameters (AddParameter): Name = "Lead Free"; Value = "Lead Free"; VariantName = "[No Variations]"
Change component parameters (AddParameter): Name = "Length"; Value = "2mm"; VariantName = "[No Variations]"
Change component parameters (AddParameter): Name = "Lifecycle Status"; Value = "Production"; VariantName = "[No Variations]"
Change component parameters (AddParameter): Name = "Manufacturer"; Value = "Vishay"; VariantName = "[No Variations]"
Change component parameters (AddParameter): Name = "Manufacturer Package Identifier"; Value = "CRCW0805-e3"; VariantName = "[No Variations]"
Change component parameters (AddParameter): Name = "Manufacturer Part Number"; Value = "CRCW0805100KFKEA"; VariantName = "[No Variations]"
Change component parameters (AddParameter): Name = "Max Operating Temperature"; Value = "155°C"; VariantName = "[No Variations]"
Change component parameters (AddParameter): Name = "Military Standard"; Value = "Not"; VariantName = "[No Variations]"
Change component parameters (AddParameter): Name = "Min Operating Temperature"; Value = "-55°C"; VariantName = "[No Variations]"
Change component parameters (AddParameter): Name = "Mounting Technology"; Value = "Surface Mount"; VariantName = "[No Variations]"
Change component parameters (AddParameter): Name = "Number of Terminals"; Value = "2"; VariantName = "[No Variations]"
Change component parameters (AddParameter): Name = "Packaging"; Value = "Cut Tape"; VariantName = "[No Variations]"
Change component parameters (AddParameter): Name = "Pins"; Value = "2"; VariantName = "[No Variations]"
Change component parameters (AddParameter): Name = "Power Dissipation"; Value = "125mW"; VariantName = "[No Variations]"
Change component parameters (AddParameter): Name = "Power Rating"; Value = "125mW"; VariantName = "[No Variations]"
Change component parameters (AddParameter): Name = "Pricing"; Value = "1=0,1, 10=0,041, 25=0,0312, 50=0,0256, 100=0,0212, 250=0,01692, 500=0,01448, 1000=0,01254 (USD)"; VariantName = "[No Variations]"
Change component parameters (AddParameter): Name = "Radiation Hardening"; Value = "No"; VariantName = "[No Variations]"
Change component parameters (AddParameter): Name = "REACH SVHC"; Value = "Yes"; VariantName = "[No Variations]"
Change component parameters (AddParameter): Name = "RoHS"; Value = "Compliant"; VariantName = "[No Variations]"
Change component parameters (AddParameter): Name = "Schedule B"; Value = "8533210045, 8533210045|8533210045|8533210045|8533210045|8533210045|8533210045|8533210045|8533210045|8533210045|8533210045|8533210045|8533210045|8533210045|8533210045|8533210045|8533210045|8533210045|8533210045|8533210045|8533210045|8533210045|8533210045|8533210045|85"; VariantName = "[No Variations]"
Change component parameters (AddParameter): Name = "Stock"; Value = "307439"; VariantName = "[No Variations]"
Change component parameters (AddParameter): Name = "Supplier"; Value = "DigiKey"; VariantName = "[No Variations]"
Change component parameters (AddParameter): Name = "Supplier Part Number"; Value = "541-100KCCT-ND"; VariantName = "[No Variations]"
Change component parameters (AddParameter): Name = "Temperature Coefficient"; Value = "100ppm/°C"; VariantName = "[No Variations]"
Change component parameters (AddParameter): Name = "Termination"; Value = "SMD/SMT"; VariantName = "[No Variations]"
Change component parameters (AddParameter): Name = "Tolerance"; Value = "1%"; VariantName = "[No Variations]"
Change component parameters (AddParameter): Name = "Value"; Value = "100kO"; VariantName = "[No Variations]"
Change component parameters (AddParameter): Name = "Voltage Rating"; Value = "150V"; VariantName = "[No Variations]"
Change component parameters (AddParameter): Name = "Voltage Rating (DC)"; Value = "150V"; VariantName = "[No Variations]"
Change component parameters (AddParameter): Name = "Weight"; Value = "5.499807mg"; VariantName = "[No Variations]"
Change component parameters (AddParameter): Name = "Width"; Value = "1.25mm"; VariantName = "[No Variations]"
Change component parameters (AddParameter): Name = "Working Voltage"; Value = "150V"; VariantName = "[No Variations]"
Change component parameters: Designator = "R13" ("R13"); Footprint = "10kResistor"; UniqueID = "\GWNXATJF" ("\GWNXATJF")
Change component parameters (AddParameter): Name = "Case Code (Imperial)"; Value = "0805"; VariantName = "[No Variations]"
Change component parameters (AddParameter): Name = "Case Code (Metric)"; Value = "2012"; VariantName = "[No Variations]"
Change component parameters (AddParameter): Name = "Case/Package"; Value = "0805"; VariantName = "[No Variations]"
Change component parameters (AddParameter): Name = "Category"; Value = "Chip SMD Resistors"; VariantName = "[No Variations]"
Change component parameters (AddParameter): Name = "China RoHS"; Value = "Non-Compliant"; VariantName = "[No Variations]"
Change component parameters (AddParameter): Name = "ComponentLink1Description"; Value = "https://datasheet.octopart.com:443/MCU0805MD1002DP500-Vishay-datasheet-182027964.pdf?src-supplier=IHS"; VariantName = "[No Variations]"
Change component parameters (AddParameter): Name = "ComponentLink1URL"; Value = "https://datasheet.octopart.com:443/MCU0805MD1002DP500-Vishay-datasheet-182027964.pdf?src-supplier=IHS"; VariantName = "[No Variations]"
Change component parameters (AddParameter): Name = "ComponentLink2Description"; Value = "https://datasheet.octopart.com:443/MCU0805MD1002DP500-Vishay-datasheet-81842982.pdf?src-supplier=Upverter"; VariantName = "[No Variations]"
Change component parameters (AddParameter): Name = "ComponentLink2URL"; Value = "https://datasheet.octopart.com:443/MCU0805MD1002DP500-Vishay-datasheet-81842982.pdf?src-supplier=Upverter"; VariantName = "[No Variations]"
Change component parameters (AddParameter): Name = "ComponentLink3Description"; Value = "https://datasheet.octopart.com:443/MCU0805MD1002DP500-Vishay-datasheet-169971017.pdf?src-supplier=Future+Electronics"; VariantName = "[No Variations]"
Change component parameters (AddParameter): Name = "ComponentLink3URL"; Value = "https://datasheet.octopart.com:443/MCU0805MD1002DP500-Vishay-datasheet-169971017.pdf?src-supplier=Future+Electronics"; VariantName = "[No Variations]"
Change component parameters (AddParameter): Name = "ComponentLink4Description"; Value = "https://datasheet.octopart.com:443/MCU0805MD1002DP500-Vishay-datasheet-114607041.pdf?src-supplier=Future+Electronics"; VariantName = "[No Variations]"
Change component parameters (AddParameter): Name = "ComponentLink4URL"; Value = "https://datasheet.octopart.com:443/MCU0805MD1002DP500-Vishay-datasheet-114607041.pdf?src-supplier=Future+Electronics"; VariantName = "[No Variations]"
Change component parameters (AddParameter): Name = "ComponentLink5Description"; Value = "http://sigma.octopart.com:80/rohs_statement/Vishay-company-15.pdf?src-supplier=Compliance+Statements"; VariantName = "[No Variations]"
Change component parameters (AddParameter): Name = "ComponentLink5URL"; Value = "http://sigma.octopart.com:80/rohs_statement/Vishay-company-15.pdf?src-supplier=Compliance+Statements"; VariantName = "[No Variations]"
Change component parameters (AddParameter): Name = "Composition"; Value = "Thin Film"; VariantName = "[No Variations]"
Change component parameters (AddParameter): Name = "Features"; Value = "Automotive AEC-Q200"; VariantName = "[No Variations]"
Change component parameters (AddParameter): Name = "Height"; Value = "520µm"; VariantName = "[No Variations]"
Change component parameters (AddParameter): Name = "LCSC"; Value = "C2090685"; VariantName = "[No Variations]"
Change component parameters (AddParameter): Name = "Length"; Value = "2.0066mm"; VariantName = "[No Variations]"
Change component parameters (AddParameter): Name = "Lifecycle Status"; Value = "Production"; VariantName = "[No Variations]"
Change component parameters (AddParameter): Name = "Manufacturer"; Value = "Vishay"; VariantName = "[No Variations]"
Change component parameters (AddParameter): Name = "Manufacturer Part Number"; Value = "MCU0805MD1002DP500"; VariantName = "[No Variations]"
Change component parameters (AddParameter): Name = "Max Operating Temperature"; Value = "125°C"; VariantName = "[No Variations]"
Change component parameters (AddParameter): Name = "Max Power Dissipation"; Value = "200mW"; VariantName = "[No Variations]"
Change component parameters (AddParameter): Name = "Min Operating Temperature"; Value = "-55°C"; VariantName = "[No Variations]"
Change component parameters (AddParameter): Name = "Mounting Technology"; Value = "Surface Mount"; VariantName = "[No Variations]"
Change component parameters (AddParameter): Name = "Number of Terminals"; Value = "2"; VariantName = "[No Variations]"
Change component parameters (AddParameter): Name = "Number of Terminations"; Value = "2"; VariantName = "[No Variations]"
Change component parameters (AddParameter): Name = "Packaging"; Value = "Digi-Reel®"; VariantName = "[No Variations]"
Change component parameters (AddParameter): Name = "Power Dissipation"; Value = "140mW"; VariantName = "[No Variations]"
Change component parameters (AddParameter): Name = "Power Rating"; Value = "200mW"; VariantName = "[No Variations]"
Change component parameters (AddParameter): Name = "Pricing"; Value = "1=0,13, 10=0,108, 25=0,1008, 50=0,095, 100=0,0897, 250=0,08332, 500=0,0789, 1000=0,07487 (USD)"; VariantName = "[No Variations]"
Change component parameters (AddParameter): Name = "REACH SVHC"; Value = "Yes"; VariantName = "[No Variations]"
Change component parameters (AddParameter): Name = "RoHS"; Value = "Compliant"; VariantName = "[No Variations]"
Change component parameters (AddParameter): Name = "Stock"; Value = "19723"; VariantName = "[No Variations]"
Change component parameters (AddParameter): Name = "Supplier"; Value = "DigiKey"; VariantName = "[No Variations]"
Change component parameters (AddParameter): Name = "Supplier Part Number"; Value = "MCU0805-10.0K-MDCT-ND"; VariantName = "[No Variations]"
Change component parameters (AddParameter): Name = "Temperature Coefficient"; Value = "25ppm/°C"; VariantName = "[No Variations]"
Change component parameters (AddParameter): Name = "Termination"; Value = "SMD/SMT"; VariantName = "[No Variations]"
Change component parameters (AddParameter): Name = "Tolerance"; Value = "0.5%"; VariantName = "[No Variations]"
Change component parameters (AddParameter): Name = "Value"; Value = "10kO"; VariantName = "[No Variations]"
Change component parameters (AddParameter): Name = "Voltage Rating"; Value = "150V"; VariantName = "[No Variations]"
Change component parameters (AddParameter): Name = "Weight"; Value = "5.499807mg"; VariantName = "[No Variations]"
Change component parameters (AddParameter): Name = "Width"; Value = "1.25mm"; VariantName = "[No Variations]"
Change component parameters (AddParameter): Name = "Working Voltage"; Value = "150V"; VariantName = "[No Variations]"
Change component parameters: Designator = "R14" ("R14"); Footprint = "10kResistor"; UniqueID = "\ENOQKZQE" ("\ENOQKZQE")
Change component parameters (AddParameter): Name = "Case Code (Imperial)"; Value = "0805"; VariantName = "[No Variations]"
Change component parameters (AddParameter): Name = "Case Code (Metric)"; Value = "2012"; VariantName = "[No Variations]"
Change component parameters (AddParameter): Name = "Case/Package"; Value = "0805"; VariantName = "[No Variations]"
Change component parameters (AddParameter): Name = "Category"; Value = "Chip SMD Resistors"; VariantName = "[No Variations]"
Change component parameters (AddParameter): Name = "China RoHS"; Value = "Non-Compliant"; VariantName = "[No Variations]"
Change component parameters (AddParameter): Name = "ComponentLink1Description"; Value = "https://datasheet.octopart.com:443/MCU0805MD1002DP500-Vishay-datasheet-182027964.pdf?src-supplier=IHS"; VariantName = "[No Variations]"
Change component parameters (AddParameter): Name = "ComponentLink1URL"; Value = "https://datasheet.octopart.com:443/MCU0805MD1002DP500-Vishay-datasheet-182027964.pdf?src-supplier=IHS"; VariantName = "[No Variations]"
Change component parameters (AddParameter): Name = "ComponentLink2Description"; Value = "https://datasheet.octopart.com:443/MCU0805MD1002DP500-Vishay-datasheet-81842982.pdf?src-supplier=Upverter"; VariantName = "[No Variations]"
Change component parameters (AddParameter): Name = "ComponentLink2URL"; Value = "https://datasheet.octopart.com:443/MCU0805MD1002DP500-Vishay-datasheet-81842982.pdf?src-supplier=Upverter"; VariantName = "[No Variations]"
Change component parameters (AddParameter): Name = "ComponentLink3Description"; Value = "https://datasheet.octopart.com:443/MCU0805MD1002DP500-Vishay-datasheet-169971017.pdf?src-supplier=Future+Electronics"; VariantName = "[No Variations]"
Change component parameters (AddParameter): Name = "ComponentLink3URL"; Value = "https://datasheet.octopart.com:443/MCU0805MD1002DP500-Vishay-datasheet-169971017.pdf?src-supplier=Future+Electronics"; VariantName = "[No Variations]"
Change component parameters (AddParameter): Name = "ComponentLink4Description"; Value = "https://datasheet.octopart.com:443/MCU0805MD1002DP500-Vishay-datasheet-114607041.pdf?src-supplier=Future+Electronics"; VariantName = "[No Variations]"
Change component parameters (AddParameter): Name = "ComponentLink4URL"; Value = "https://datasheet.octopart.com:443/MCU0805MD1002DP500-Vishay-datasheet-114607041.pdf?src-supplier=Future+Electronics"; VariantName = "[No Variations]"
Change component parameters (AddParameter): Name = "ComponentLink5Description"; Value = "http://sigma.octopart.com:80/rohs_statement/Vishay-company-15.pdf?src-supplier=Compliance+Statements"; VariantName = "[No Variations]"
Change component parameters (AddParameter): Name = "ComponentLink5URL"; Value = "http://sigma.octopart.com:80/rohs_statement/Vishay-company-15.pdf?src-supplier=Compliance+Statements"; VariantName = "[No Variations]"
Change component parameters (AddParameter): Name = "Composition"; Value = "Thin Film"; VariantName = "[No Variations]"
Change component parameters (AddParameter): Name = "Features"; Value = "Automotive AEC-Q200"; VariantName = "[No Variations]"
Change component parameters (AddParameter): Name = "Height"; Value = "520µm"; VariantName = "[No Variations]"
Change component parameters (AddParameter): Name = "LCSC"; Value = "C2090685"; VariantName = "[No Variations]"
Change component parameters (AddParameter): Name = "Length"; Value = "2.0066mm"; VariantName = "[No Variations]"
Change component parameters (AddParameter): Name = "Lifecycle Status"; Value = "Production"; VariantName = "[No Variations]"
Change component parameters (AddParameter): Name = "Manufacturer"; Value = "Vishay"; VariantName = "[No Variations]"
Change component parameters (AddParameter): Name = "Manufacturer Part Number"; Value = "MCU0805MD1002DP500"; VariantName = "[No Variations]"
Change component parameters (AddParameter): Name = "Max Operating Temperature"; Value = "125°C"; VariantName = "[No Variations]"
Change component parameters (AddParameter): Name = "Max Power Dissipation"; Value = "200mW"; VariantName = "[No Variations]"
Change component parameters (AddParameter): Name = "Min Operating Temperature"; Value = "-55°C"; VariantName = "[No Variations]"
Change component parameters (AddParameter): Name = "Mounting Technology"; Value = "Surface Mount"; VariantName = "[No Variations]"
Change component parameters (AddParameter): Name = "Number of Terminals"; Value = "2"; VariantName = "[No Variations]"
Change component parameters (AddParameter): Name = "Number of Terminations"; Value = "2"; VariantName = "[No Variations]"
Change component parameters (AddParameter): Name = "Packaging"; Value = "Digi-Reel®"; VariantName = "[No Variations]"
Change component parameters (AddParameter): Name = "Power Dissipation"; Value = "140mW"; VariantName = "[No Variations]"
Change component parameters (AddParameter): Name = "Power Rating"; Value = "200mW"; VariantName = "[No Variations]"
Change component parameters (AddParameter): Name = "Pricing"; Value = "1=0,13, 10=0,108, 25=0,1008, 50=0,095, 100=0,0897, 250=0,08332, 500=0,0789, 1000=0,07487 (USD)"; VariantName = "[No Variations]"
Change component parameters (AddParameter): Name = "REACH SVHC"; Value = "Yes"; VariantName = "[No Variations]"
Change component parameters (AddParameter): Name = "RoHS"; Value = "Compliant"; VariantName = "[No Variations]"
Change component parameters (AddParameter): Name = "Stock"; Value = "19723"; VariantName = "[No Variations]"
Change component parameters (AddParameter): Name = "Supplier"; Value = "DigiKey"; VariantName = "[No Variations]"
Change component parameters (AddParameter): Name = "Supplier Part Number"; Value = "MCU0805-10.0K-MDCT-ND"; VariantName = "[No Variations]"
Change component parameters (AddParameter): Name = "Temperature Coefficient"; Value = "25ppm/°C"; VariantName = "[No Variations]"
Change component parameters (AddParameter): Name = "Termination"; Value = "SMD/SMT"; VariantName = "[No Variations]"
Change component parameters (AddParameter): Name = "Tolerance"; Value = "0.5%"; VariantName = "[No Variations]"
Change component parameters (AddParameter): Name = "Value"; Value = "10kO"; VariantName = "[No Variations]"
Change component parameters (AddParameter): Name = "Voltage Rating"; Value = "150V"; VariantName = "[No Variations]"
Change component parameters (AddParameter): Name = "Weight"; Value = "5.499807mg"; VariantName = "[No Variations]"
Change component parameters (AddParameter): Name = "Width"; Value = "1.25mm"; VariantName = "[No Variations]"
Change component parameters (AddParameter): Name = "Working Voltage"; Value = "150V"; VariantName = "[No Variations]"
Change component parameters: Designator = "R15" ("R15"); Footprint = "10kResistor"; UniqueID = "\VWMPWSXK" ("\VWMPWSXK")
Change component parameters (AddParameter): Name = "Case Code (Imperial)"; Value = "0805"; VariantName = "[No Variations]"
Change component parameters (AddParameter): Name = "Case Code (Metric)"; Value = "2012"; VariantName = "[No Variations]"
Change component parameters (AddParameter): Name = "Case/Package"; Value = "0805"; VariantName = "[No Variations]"
Change component parameters (AddParameter): Name = "Category"; Value = "Chip SMD Resistors"; VariantName = "[No Variations]"
Change component parameters (AddParameter): Name = "China RoHS"; Value = "Non-Compliant"; VariantName = "[No Variations]"
Change component parameters (AddParameter): Name = "ComponentLink1Description"; Value = "https://datasheet.octopart.com:443/MCU0805MD1002DP500-Vishay-datasheet-182027964.pdf?src-supplier=IHS"; VariantName = "[No Variations]"
Change component parameters (AddParameter): Name = "ComponentLink1URL"; Value = "https://datasheet.octopart.com:443/MCU0805MD1002DP500-Vishay-datasheet-182027964.pdf?src-supplier=IHS"; VariantName = "[No Variations]"
Change component parameters (AddParameter): Name = "ComponentLink2Description"; Value = "https://datasheet.octopart.com:443/MCU0805MD1002DP500-Vishay-datasheet-81842982.pdf?src-supplier=Upverter"; VariantName = "[No Variations]"
Change component parameters (AddParameter): Name = "ComponentLink2URL"; Value = "https://datasheet.octopart.com:443/MCU0805MD1002DP500-Vishay-datasheet-81842982.pdf?src-supplier=Upverter"; VariantName = "[No Variations]"
Change component parameters (AddParameter): Name = "ComponentLink3Description"; Value = "https://datasheet.octopart.com:443/MCU0805MD1002DP500-Vishay-datasheet-169971017.pdf?src-supplier=Future+Electronics"; VariantName = "[No Variations]"
Change component parameters (AddParameter): Name = "ComponentLink3URL"; Value = "https://datasheet.octopart.com:443/MCU0805MD1002DP500-Vishay-datasheet-169971017.pdf?src-supplier=Future+Electronics"; VariantName = "[No Variations]"
Change component parameters (AddParameter): Name = "ComponentLink4Description"; Value = "https://datasheet.octopart.com:443/MCU0805MD1002DP500-Vishay-datasheet-114607041.pdf?src-supplier=Future+Electronics"; VariantName = "[No Variations]"
Change component parameters (AddParameter): Name = "ComponentLink4URL"; Value = "https://datasheet.octopart.com:443/MCU0805MD1002DP500-Vishay-datasheet-114607041.pdf?src-supplier=Future+Electronics"; VariantName = "[No Variations]"
Change component parameters (AddParameter): Name = "ComponentLink5Description"; Value = "http://sigma.octopart.com:80/rohs_statement/Vishay-company-15.pdf?src-supplier=Compliance+Statements"; VariantName = "[No Variations]"
Change component parameters (AddParameter): Name = "ComponentLink5URL"; Value = "http://sigma.octopart.com:80/rohs_statement/Vishay-company-15.pdf?src-supplier=Compliance+Statements"; VariantName = "[No Variations]"
Change component parameters (AddParameter): Name = "Composition"; Value = "Thin Film"; VariantName = "[No Variations]"
Change component parameters (AddParameter): Name = "Features"; Value = "Automotive AEC-Q200"; VariantName = "[No Variations]"
Change component parameters (AddParameter): Name = "Height"; Value = "520µm"; VariantName = "[No Variations]"
Change component parameters (AddParameter): Name = "LCSC"; Value = "C2090685"; VariantName = "[No Variations]"
Change component parameters (AddParameter): Name = "Length"; Value = "2.0066mm"; VariantName = "[No Variations]"
Change component parameters (AddParameter): Name = "Lifecycle Status"; Value = "Production"; VariantName = "[No Variations]"
Change component parameters (AddParameter): Name = "Manufacturer"; Value = "Vishay"; VariantName = "[No Variations]"
Change component parameters (AddParameter): Name = "Manufacturer Part Number"; Value = "MCU0805MD1002DP500"; VariantName = "[No Variations]"
Change component parameters (AddParameter): Name = "Max Operating Temperature"; Value = "125°C"; VariantName = "[No Variations]"
Change component parameters (AddParameter): Name = "Max Power Dissipation"; Value = "200mW"; VariantName = "[No Variations]"
Change component parameters (AddParameter): Name = "Min Operating Temperature"; Value = "-55°C"; VariantName = "[No Variations]"
Change component parameters (AddParameter): Name = "Mounting Technology"; Value = "Surface Mount"; VariantName = "[No Variations]"
Change component parameters (AddParameter): Name = "Number of Terminals"; Value = "2"; VariantName = "[No Variations]"
Change component parameters (AddParameter): Name = "Number of Terminations"; Value = "2"; VariantName = "[No Variations]"
Change component parameters (AddParameter): Name = "Packaging"; Value = "Digi-Reel®"; VariantName = "[No Variations]"
Change component parameters (AddParameter): Name = "Power Dissipation"; Value = "140mW"; VariantName = "[No Variations]"
Change component parameters (AddParameter): Name = "Power Rating"; Value = "200mW"; VariantName = "[No Variations]"
Change component parameters (AddParameter): Name = "Pricing"; Value = "1=0,13, 10=0,108, 25=0,1008, 50=0,095, 100=0,0897, 250=0,08332, 500=0,0789, 1000=0,07487 (USD)"; VariantName = "[No Variations]"
Change component parameters (AddParameter): Name = "REACH SVHC"; Value = "Yes"; VariantName = "[No Variations]"
Change component parameters (AddParameter): Name = "RoHS"; Value = "Compliant"; VariantName = "[No Variations]"
Change component parameters (AddParameter): Name = "Stock"; Value = "19723"; VariantName = "[No Variations]"
Change component parameters (AddParameter): Name = "Supplier"; Value = "DigiKey"; VariantName = "[No Variations]"
Change component parameters (AddParameter): Name = "Supplier Part Number"; Value = "MCU0805-10.0K-MDCT-ND"; VariantName = "[No Variations]"
Change component parameters (AddParameter): Name = "Temperature Coefficient"; Value = "25ppm/°C"; VariantName = "[No Variations]"
Change component parameters (AddParameter): Name = "Termination"; Value = "SMD/SMT"; VariantName = "[No Variations]"
Change component parameters (AddParameter): Name = "Tolerance"; Value = "0.5%"; VariantName = "[No Variations]"
Change component parameters (AddParameter): Name = "Value"; Value = "10kO"; VariantName = "[No Variations]"
Change component parameters (AddParameter): Name = "Voltage Rating"; Value = "150V"; VariantName = "[No Variations]"
Change component parameters (AddParameter): Name = "Weight"; Value = "5.499807mg"; VariantName = "[No Variations]"
Change component parameters (AddParameter): Name = "Width"; Value = "1.25mm"; VariantName = "[No Variations]"
Change component parameters (AddParameter): Name = "Working Voltage"; Value = "150V"; VariantName = "[No Variations]"
Change component parameters: Designator = "R16" ("R16"); Footprint = "10kResistor"; UniqueID = "\JVVPEKAG" ("\JVVPEKAG")
Change component parameters (AddParameter): Name = "Case Code (Imperial)"; Value = "0805"; VariantName = "[No Variations]"
Change component parameters (AddParameter): Name = "Case Code (Metric)"; Value = "2012"; VariantName = "[No Variations]"
Change component parameters (AddParameter): Name = "Case/Package"; Value = "0805"; VariantName = "[No Variations]"
Change component parameters (AddParameter): Name = "Category"; Value = "Chip SMD Resistors"; VariantName = "[No Variations]"
Change component parameters (AddParameter): Name = "China RoHS"; Value = "Non-Compliant"; VariantName = "[No Variations]"
Change component parameters (AddParameter): Name = "ComponentLink1Description"; Value = "https://datasheet.octopart.com:443/MCU0805MD1002DP500-Vishay-datasheet-182027964.pdf?src-supplier=IHS"; VariantName = "[No Variations]"
Change component parameters (AddParameter): Name = "ComponentLink1URL"; Value = "https://datasheet.octopart.com:443/MCU0805MD1002DP500-Vishay-datasheet-182027964.pdf?src-supplier=IHS"; VariantName = "[No Variations]"
Change component parameters (AddParameter): Name = "ComponentLink2Description"; Value = "https://datasheet.octopart.com:443/MCU0805MD1002DP500-Vishay-datasheet-81842982.pdf?src-supplier=Upverter"; VariantName = "[No Variations]"
Change component parameters (AddParameter): Name = "ComponentLink2URL"; Value = "https://datasheet.octopart.com:443/MCU0805MD1002DP500-Vishay-datasheet-81842982.pdf?src-supplier=Upverter"; VariantName = "[No Variations]"
Change component parameters (AddParameter): Name = "ComponentLink3Description"; Value = "https://datasheet.octopart.com:443/MCU0805MD1002DP500-Vishay-datasheet-169971017.pdf?src-supplier=Future+Electronics"; VariantName = "[No Variations]"
Change component parameters (AddParameter): Name = "ComponentLink3URL"; Value = "https://datasheet.octopart.com:443/MCU0805MD1002DP500-Vishay-datasheet-169971017.pdf?src-supplier=Future+Electronics"; VariantName = "[No Variations]"
Change component parameters (AddParameter): Name = "ComponentLink4Description"; Value = "https://datasheet.octopart.com:443/MCU0805MD1002DP500-Vishay-datasheet-114607041.pdf?src-supplier=Future+Electronics"; VariantName = "[No Variations]"
Change component parameters (AddParameter): Name = "ComponentLink4URL"; Value = "https://datasheet.octopart.com:443/MCU0805MD1002DP500-Vishay-datasheet-114607041.pdf?src-supplier=Future+Electronics"; VariantName = "[No Variations]"
Change component parameters (AddParameter): Name = "ComponentLink5Description"; Value = "http://sigma.octopart.com:80/rohs_statement/Vishay-company-15.pdf?src-supplier=Compliance+Statements"; VariantName = "[No Variations]"
Change component parameters (AddParameter): Name = "ComponentLink5URL"; Value = "http://sigma.octopart.com:80/rohs_statement/Vishay-company-15.pdf?src-supplier=Compliance+Statements"; VariantName = "[No Variations]"
Change component parameters (AddParameter): Name = "Composition"; Value = "Thin Film"; VariantName = "[No Variations]"
Change component parameters (AddParameter): Name = "Features"; Value = "Automotive AEC-Q200"; VariantName = "[No Variations]"
Change component parameters (AddParameter): Name = "Height"; Value = "520µm"; VariantName = "[No Variations]"
Change component parameters (AddParameter): Name = "LCSC"; Value = "C2090685"; VariantName = "[No Variations]"
Change component parameters (AddParameter): Name = "Length"; Value = "2.0066mm"; VariantName = "[No Variations]"
Change component parameters (AddParameter): Name = "Lifecycle Status"; Value = "Production"; VariantName = "[No Variations]"
Change component parameters (AddParameter): Name = "Manufacturer"; Value = "Vishay"; VariantName = "[No Variations]"
Change component parameters (AddParameter): Name = "Manufacturer Part Number"; Value = "MCU0805MD1002DP500"; VariantName = "[No Variations]"
Change component parameters (AddParameter): Name = "Max Operating Temperature"; Value = "125°C"; VariantName = "[No Variations]"
Change component parameters (AddParameter): Name = "Max Power Dissipation"; Value = "200mW"; VariantName = "[No Variations]"
Change component parameters (AddParameter): Name = "Min Operating Temperature"; Value = "-55°C"; VariantName = "[No Variations]"
Change component parameters (AddParameter): Name = "Mounting Technology"; Value = "Surface Mount"; VariantName = "[No Variations]"
Change component parameters (AddParameter): Name = "Number of Terminals"; Value = "2"; VariantName = "[No Variations]"
Change component parameters (AddParameter): Name = "Number of Terminations"; Value = "2"; VariantName = "[No Variations]"
Change component parameters (AddParameter): Name = "Packaging"; Value = "Digi-Reel®"; VariantName = "[No Variations]"
Change component parameters (AddParameter): Name = "Power Dissipation"; Value = "140mW"; VariantName = "[No Variations]"
Change component parameters (AddParameter): Name = "Power Rating"; Value = "200mW"; VariantName = "[No Variations]"
Change component parameters (AddParameter): Name = "Pricing"; Value = "1=0,13, 10=0,108, 25=0,1008, 50=0,095, 100=0,0897, 250=0,08332, 500=0,0789, 1000=0,07487 (USD)"; VariantName = "[No Variations]"
Change component parameters (AddParameter): Name = "REACH SVHC"; Value = "Yes"; VariantName = "[No Variations]"
Change component parameters (AddParameter): Name = "RoHS"; Value = "Compliant"; VariantName = "[No Variations]"
Change component parameters (AddParameter): Name = "Stock"; Value = "19723"; VariantName = "[No Variations]"
Change component parameters (AddParameter): Name = "Supplier"; Value = "DigiKey"; VariantName = "[No Variations]"
Change component parameters (AddParameter): Name = "Supplier Part Number"; Value = "MCU0805-10.0K-MDCT-ND"; VariantName = "[No Variations]"
Change component parameters (AddParameter): Name = "Temperature Coefficient"; Value = "25ppm/°C"; VariantName = "[No Variations]"
Change component parameters (AddParameter): Name = "Termination"; Value = "SMD/SMT"; VariantName = "[No Variations]"
Change component parameters (AddParameter): Name = "Tolerance"; Value = "0.5%"; VariantName = "[No Variations]"
Change component parameters (AddParameter): Name = "Value"; Value = "10kO"; VariantName = "[No Variations]"
Change component parameters (AddParameter): Name = "Voltage Rating"; Value = "150V"; VariantName = "[No Variations]"
Change component parameters (AddParameter): Name = "Weight"; Value = "5.499807mg"; VariantName = "[No Variations]"
Change component parameters (AddParameter): Name = "Width"; Value = "1.25mm"; VariantName = "[No Variations]"
Change component parameters (AddParameter): Name = "Working Voltage"; Value = "150V"; VariantName = "[No Variations]"
Change component parameters: Designator = "U2" ("U2"); Footprint = "STM32F103C8T6"; UniqueID = "\CUQAXIOR" ("\CUQAXIOR")
Change component parameters (AddParameter): Name = "ADC Channels (Resolution)"; Value = "10-Ch 12-Bit"; VariantName = "[No Variations]"
Change component parameters (AddParameter): Name = "Address Bus Width"; Value = "32b"; VariantName = "[No Variations]"
Change component parameters (AddParameter): Name = "Case/Package"; Value = "LQFP"; VariantName = "[No Variations]"
Change component parameters (AddParameter): Name = "Category"; Value = "Microcontrollers"; VariantName = "[No Variations]"
Change component parameters (AddParameter): Name = "China RoHS"; Value = "Compliant"; VariantName = "[No Variations]"
Change component parameters (AddParameter): Name = "Clock Frequency"; Value = "16MHz"; VariantName = "[No Variations]"
Change component parameters (AddParameter): Name = "ComponentLink1Description"; Value = "https://datasheet.octopart.com:443/STM32F103C8T6-STMicroelectronics-datasheet-48026265.pdf?src-supplier=ICpick"; VariantName = "[No Variations]"
Change component parameters (AddParameter): Name = "ComponentLink1URL"; Value = "https://datasheet.octopart.com:443/STM32F103C8T6-STMicroelectronics-datasheet-48026265.pdf?src-supplier=ICpick"; VariantName = "[No Variations]"
Change component parameters (AddParameter): Name = "ComponentLink2Description"; Value = "https://datasheet.octopart.com:443/STM32F103C8T6-STMicroelectronics-datasheet-10330614.pdf?src-supplier=Newark"; VariantName = "[No Variations]"
Change component parameters (AddParameter): Name = "ComponentLink2URL"; Value = "https://datasheet.octopart.com:443/STM32F103C8T6-STMicroelectronics-datasheet-10330614.pdf?src-supplier=Newark"; VariantName = "[No Variations]"
Change component parameters (AddParameter): Name = "ComponentLink3Description"; Value = "https://datasheet.octopart.com:443/STM32F103C8T6-STMicroelectronics-datasheet-16839800.pdf?src-supplier=Newark"; VariantName = "[No Variations]"
Change component parameters (AddParameter): Name = "ComponentLink3URL"; Value = "https://datasheet.octopart.com:443/STM32F103C8T6-STMicroelectronics-datasheet-16839800.pdf?src-supplier=Newark"; VariantName = "[No Variations]"
Change component parameters (AddParameter): Name = "ComponentLink4Description"; Value = "https://datasheet.octopart.com:443/STM32F103C8T6-STMicroelectronics-datasheet-14363502.pdf?src-supplier=Farnell"; VariantName = "[No Variations]"
Change component parameters (AddParameter): Name = "ComponentLink4URL"; Value = "https://datasheet.octopart.com:443/STM32F103C8T6-STMicroelectronics-datasheet-14363502.pdf?src-supplier=Farnell"; VariantName = "[No Variations]"
Change component parameters (AddParameter): Name = "ComponentLink5Description"; Value = "https://datasheet.octopart.com:443/STM32F103C8T6-STMicroelectronics-datasheet-500013.pdf?src-supplier=Farnell"; VariantName = "[No Variations]"
Change component parameters (AddParameter): Name = "ComponentLink5URL"; Value = "https://datasheet.octopart.com:443/STM32F103C8T6-STMicroelectronics-datasheet-500013.pdf?src-supplier=Farnell"; VariantName = "[No Variations]"
Change component parameters (AddParameter): Name = "ComponentLink6Description"; Value = "https://datasheet.octopart.com:443/STM32F103C8T6-STMicroelectronics-datasheet-8365036.pdf?src-supplier=Farnell"; VariantName = "[No Variations]"
Change component parameters (AddParameter): Name = "ComponentLink6URL"; Value = "https://datasheet.octopart.com:443/STM32F103C8T6-STMicroelectronics-datasheet-8365036.pdf?src-supplier=Farnell"; VariantName = "[No Variations]"
Change component parameters (AddParameter): Name = "ComponentLink7Description"; Value = "https://datasheet.octopart.com:443/STM32F103C8T6-STMicroelectronics-datasheet-6396519.pdf?src-supplier=Verical"; VariantName = "[No Variations]"
Change component parameters (AddParameter): Name = "ComponentLink7URL"; Value = "https://datasheet.octopart.com:443/STM32F103C8T6-STMicroelectronics-datasheet-6396519.pdf?src-supplier=Verical"; VariantName = "[No Variations]"
Change component parameters (AddParameter): Name = "ComponentLink8Description"; Value = "https://datasheet.octopart.com:443/STM32F103C8T6-STMicroelectronics-datasheet-21407612.pdf?src-supplier=element14+APAC"; VariantName = "[No Variations]"
Change component parameters (AddParameter): Name = "ComponentLink8URL"; Value = "https://datasheet.octopart.com:443/STM32F103C8T6-STMicroelectronics-datasheet-21407612.pdf?src-supplier=element14+APAC"; VariantName = "[No Variations]"
Change component parameters (AddParameter): Name = "ComponentLink9Description"; Value = "https://datasheet.octopart.com:443/STM32F103C8T6-STMicroelectronics-datasheet-8700640.pdf?src-supplier=element14"; VariantName = "[No Variations]"
Change component parameters (AddParameter): Name = "ComponentLink9URL"; Value = "https://datasheet.octopart.com:443/STM32F103C8T6-STMicroelectronics-datasheet-8700640.pdf?src-supplier=element14"; VariantName = "[No Variations]"
Change component parameters (AddParameter): Name = "ComponentLink10Description"; Value = "https://datasheet.octopart.com:443/STM32F103C8T6-STMicroelectronics-datasheet-177520228.pdf?src-supplier=Burklin+Elektronik"; VariantName = "[No Variations]"
Change component parameters (AddParameter): Name = "ComponentLink10URL"; Value = "https://datasheet.octopart.com:443/STM32F103C8T6-STMicroelectronics-datasheet-177520228.pdf?src-supplier=Burklin+Elektronik"; VariantName = "[No Variations]"
Change component parameters (AddParameter): Name = "ComponentLink11Description"; Value = "https://datasheet.octopart.com:443/STM32F103C8T6-STMicroelectronics-datasheet-165583531.pdf?src-supplier=SOS+electronic"; VariantName = "[No Variations]"
Change component parameters (AddParameter): Name = "ComponentLink11URL"; Value = "https://datasheet.octopart.com:443/STM32F103C8T6-STMicroelectronics-datasheet-165583531.pdf?src-supplier=SOS+electronic"; VariantName = "[No Variations]"
Change component parameters (AddParameter): Name = "ComponentLink12Description"; Value = "https://datasheet.octopart.com:443/STM32F103C8T6-STMicroelectronics-datasheet-14106722.pdf?src-supplier=iiiC"; VariantName = "[No Variations]"
Change component parameters (AddParameter): Name = "ComponentLink12URL"; Value = "https://datasheet.octopart.com:443/STM32F103C8T6-STMicroelectronics-datasheet-14106722.pdf?src-supplier=iiiC"; VariantName = "[No Variations]"
Change component parameters (AddParameter): Name = "ComponentLink13Description"; Value = "https://datasheet.octopart.com:443/STM32F103C8T6-STMicroelectronics-datasheet-17594274.pdf?src-supplier=TME"; VariantName = "[No Variations]"
Change component parameters (AddParameter): Name = "ComponentLink13URL"; Value = "https://datasheet.octopart.com:443/STM32F103C8T6-STMicroelectronics-datasheet-17594274.pdf?src-supplier=TME"; VariantName = "[No Variations]"
Change component parameters (AddParameter): Name = "ComponentLink14Description"; Value = "https://datasheet.octopart.com:443/STM32F103C8T6-STMicroelectronics-datasheet-148251.pdf?src-supplier=Nu+Horizons"; VariantName = "[No Variations]"
Change component parameters (AddParameter): Name = "ComponentLink14URL"; Value = "https://datasheet.octopart.com:443/STM32F103C8T6-STMicroelectronics-datasheet-148251.pdf?src-supplier=Nu+Horizons"; VariantName = "[No Variations]"
Change component parameters (AddParameter): Name = "Core Architecture"; Value = "ARM"; VariantName = "[No Variations]"
Change component parameters (AddParameter): Name = "Data Bus Width"; Value = "32b"; VariantName = "[No Variations]"
Change component parameters (AddParameter): Name = "Density"; Value = "512kb"; VariantName = "[No Variations]"
Change component parameters (AddParameter): Name = "EEPROM Memory Size"; Value = "0B"; VariantName = "[No Variations]"
Change component parameters (AddParameter): Name = "Flash Memory Size"; Value = "64kB"; VariantName = "[No Variations]"
Change component parameters (AddParameter): Name = "Frequency"; Value = "72MHz"; VariantName = "[No Variations]"
Change component parameters (AddParameter): Name = "Height"; Value = "1.45mm"; VariantName = "[No Variations]"
Change component parameters (AddParameter): Name = "Height - Seated (Max)"; Value = "1.6mm"; VariantName = "[No Variations]"
Change component parameters (AddParameter): Name = "Interface"; Value = "CAN, USB"; VariantName = "[No Variations]"
Change component parameters (AddParameter): Name = "LCSC"; Value = "C8734"; VariantName = "[No Variations]"
Change component parameters (AddParameter): Name = "Lead Free"; Value = "Lead Free"; VariantName = "[No Variations]"
Change component parameters (AddParameter): Name = "Length"; Value = "7mm"; VariantName = "[No Variations]"
Change component parameters (AddParameter): Name = "Lifecycle Status"; Value = "Production"; VariantName = "[No Variations]"
Change component parameters (AddParameter): Name = "Manufacturer"; Value = "STMicroelectronics"; VariantName = "[No Variations]"
Change component parameters (AddParameter): Name = "Manufacturer Package Identifier"; Value = "ai14911d"; VariantName = "[No Variations]"
Change component parameters (AddParameter): Name = "Manufacturer Part Number"; Value = "STM32F103C8T6"; VariantName = "[No Variations]"
Change component parameters (AddParameter): Name = "Max Operating Temperature"; Value = "85°C"; VariantName = "[No Variations]"
Change component parameters (AddParameter): Name = "Max Power Dissipation"; Value = "363mW"; VariantName = "[No Variations]"
Change component parameters (AddParameter): Name = "Max Supply Current"; Value = "50mA"; VariantName = "[No Variations]"
Change component parameters (AddParameter): Name = "Max Supply Voltage"; Value = "3.6V"; VariantName = "[No Variations]"
Change component parameters (AddParameter): Name = "Memory Format"; Value = "FLASH"; VariantName = "[No Variations]"
Change component parameters (AddParameter): Name = "Memory Size"; Value = "64kB"; VariantName = "[No Variations]"
Change component parameters (AddParameter): Name = "Min Operating Temperature"; Value = "-40°C"; VariantName = "[No Variations]"
Change component parameters (AddParameter): Name = "Min Supply Voltage"; Value = "2V"; VariantName = "[No Variations]"
Change component parameters (AddParameter): Name = "Mounting Technology"; Value = "Surface Mount"; VariantName = "[No Variations]"
Change component parameters (AddParameter): Name = "Nominal Supply Current"; Value = "1.7µA"; VariantName = "[No Variations]"
Change component parameters (AddParameter): Name = "Number of A/D Converters"; Value = "2"; VariantName = "[No Variations]"
Change component parameters (AddParameter): Name = "Number of ADC Channels"; Value = "10"; VariantName = "[No Variations]"
Change component parameters (AddParameter): Name = "Number of Bits"; Value = "32"; VariantName = "[No Variations]"
Change component parameters (AddParameter): Name = "Number of Channels"; Value = "10"; VariantName = "[No Variations]"
Change component parameters (AddParameter): Name = "Number of I2C Channels"; Value = "2"; VariantName = "[No Variations]"
Change component parameters (AddParameter): Name = "Number of I/Os"; Value = "37"; VariantName = "[No Variations]"
Change component parameters (AddParameter): Name = "Number of Interrupts"; Value = "16"; VariantName = "[No Variations]"
Change component parameters (AddParameter): Name = "Number of Programmable I/O"; Value = "48"; VariantName = "[No Variations]"
Change component parameters (AddParameter): Name = "Number of PWM Channels"; Value = "1"; VariantName = "[No Variations]"
Change component parameters (AddParameter): Name = "Number of SPI Channels"; Value = "2"; VariantName = "[No Variations]"
Change component parameters (AddParameter): Name = "Number of Terminals"; Value = "48"; VariantName = "[No Variations]"
Change component parameters (AddParameter): Name = "Number of Timers/Counters"; Value = "4"; VariantName = "[No Variations]"
Change component parameters (AddParameter): Name = "Number of USART Channels"; Value = "3"; VariantName = "[No Variations]"
Change component parameters (AddParameter): Name = "Operating Supply Voltage"; Value = "3.3V"; VariantName = "[No Variations]"
Change component parameters (AddParameter): Name = "Oscillator Type"; Value = "Internal"; VariantName = "[No Variations]"
Change component parameters (AddParameter): Name = "Peripherals"; Value = "POR"; VariantName = "[No Variations]"
Change component parameters (AddParameter): Name = "Pins"; Value = "48"; VariantName = "[No Variations]"
Change component parameters (AddParameter): Name = "Pricing"; Value = "1=6,08, 10=4,662, 25=4,3084, 100=3,9192, 250=3,73372, 500=3,6219, 1000=3,5299, 2500=3,43276 (USD)"; VariantName = "[No Variations]"
Change component parameters (AddParameter): Name = "Radiation Hardening"; Value = "No"; VariantName = "[No Variations]"
Change component parameters (AddParameter): Name = "RAM Size"; Value = "20kB"; VariantName = "[No Variations]"
Change component parameters (AddParameter): Name = "REACH SVHC"; Value = "Yes"; VariantName = "[No Variations]"
Change component parameters (AddParameter): Name = "RoHS"; Value = "Compliant"; VariantName = "[No Variations]"
Change component parameters (AddParameter): Name = "Schedule B"; Value = "8542310000"; VariantName = "[No Variations]"
Change component parameters (AddParameter): Name = "Stock"; Value = "4493"; VariantName = "[No Variations]"
Change component parameters (AddParameter): Name = "Supplier"; Value = "DigiKey"; VariantName = "[No Variations]"
Change component parameters (AddParameter): Name = "Supplier Part Number"; Value = "497-6063-ND"; VariantName = "[No Variations]"
Change component parameters (AddParameter): Name = "Terminal Pitch"; Value = "500µm"; VariantName = "[No Variations]"
Change component parameters (AddParameter): Name = "Termination"; Value = "SMD/SMT"; VariantName = "[No Variations]"
Change component parameters (AddParameter): Name = "Watchdog Timer"; Value = "Yes"; VariantName = "[No Variations]"
Change component parameters (AddParameter): Name = "Width"; Value = "7mm"; VariantName = "[No Variations]"
Change component parameters: Designator = "U3" ("U3"); Footprint = "CONECTOR4PINOS"; UniqueID = "\KIIKREXG" ("\KIIKREXG")
Change component parameters (AddParameter): Name = "Category"; Value = "Headers and Wire Housings"; VariantName = "[No Variations]"
Change component parameters (AddParameter): Name = "Color"; Value = "Black"; VariantName = "[No Variations]"
Change component parameters (AddParameter): Name = "ComponentLink1Description"; Value = "https://datasheet.octopart.com:443/61300411121-W%C3%BCrth-Elektronik-datasheet-44382959.pdf?src-supplier=Future+Electronics"; VariantName = "[No Variations]"
Change component parameters (AddParameter): Name = "ComponentLink1URL"; Value = "https://datasheet.octopart.com:443/61300411121-W%C3%BCrth-Elektronik-datasheet-44382959.pdf?src-supplier=Future+Electronics"; VariantName = "[No Variations]"
Change component parameters (AddParameter): Name = "ComponentLink2Description"; Value = "https://datasheet.octopart.com:443/61300411121-W%C3%BCrth-Elektronik-datasheet-149524049.pdf?src-supplier=Farnell"; VariantName = "[No Variations]"
Change component parameters (AddParameter): Name = "ComponentLink2URL"; Value = "https://datasheet.octopart.com:443/61300411121-W%C3%BCrth-Elektronik-datasheet-149524049.pdf?src-supplier=Farnell"; VariantName = "[No Variations]"
Change component parameters (AddParameter): Name = "ComponentLink3Description"; Value = "https://datasheet.octopart.com:443/61300411121-W%C3%BCrth-Elektronik-datasheet-21154836.pdf?src-supplier=element14+APAC"; VariantName = "[No Variations]"
Change component parameters (AddParameter): Name = "ComponentLink3URL"; Value = "https://datasheet.octopart.com:443/61300411121-W%C3%BCrth-Elektronik-datasheet-21154836.pdf?src-supplier=element14+APAC"; VariantName = "[No Variations]"
Change component parameters (AddParameter): Name = "ComponentLink4Description"; Value = "https://datasheet.octopart.com:443/61300411121-Wurth-Elektronik-datasheet-169474491.pdf?src-supplier=RS+(Formerly+Allied+Electronics)"; VariantName = "[No Variations]"
Change component parameters (AddParameter): Name = "ComponentLink4URL"; Value = "https://datasheet.octopart.com:443/61300411121-Wurth-Elektronik-datasheet-169474491.pdf?src-supplier=RS+(Formerly+Allied+Electronics)"; VariantName = "[No Variations]"
Change component parameters (AddParameter): Name = "Connector Type"; Value = "Male Pin"; VariantName = "[No Variations]"
Change component parameters (AddParameter): Name = "Contact Material"; Value = "Gold"; VariantName = "[No Variations]"
Change component parameters (AddParameter): Name = "Contact Mating Length"; Value = "5.9944mm"; VariantName = "[No Variations]"
Change component parameters (AddParameter): Name = "Contact Plating"; Value = "Gold"; VariantName = "[No Variations]"
Change component parameters (AddParameter): Name = "Contact Resistance"; Value = "20mO"; VariantName = "[No Variations]"
Change component parameters (AddParameter): Name = "Current Rating"; Value = "3A"; VariantName = "[No Variations]"
Change component parameters (AddParameter): Name = "Gender"; Value = "Male"; VariantName = "[No Variations]"
Change component parameters (AddParameter): Name = "Height"; Value = "8.89mm"; VariantName = "[No Variations]"
Change component parameters (AddParameter): Name = "LCSC"; Value = "C5184785"; VariantName = "[No Variations]"
Change component parameters (AddParameter): Name = "Lead Free"; Value = "Lead Free"; VariantName = "[No Variations]"
Change component parameters (AddParameter): Name = "Lead Pitch"; Value = "2.54mm"; VariantName = "[No Variations]"
Change component parameters (AddParameter): Name = "Manufacturer"; Value = "Wurth Elektronik"; VariantName = "[No Variations]"
Change component parameters (AddParameter): Name = "Manufacturer Part Number"; Value = "61300411121"; VariantName = "[No Variations]"
Change component parameters (AddParameter): Name = "Max Operating Temperature"; Value = "105°C"; VariantName = "[No Variations]"
Change component parameters (AddParameter): Name = "Min Operating Temperature"; Value = "-40°C"; VariantName = "[No Variations]"
Change component parameters (AddParameter): Name = "Mounting Technology"; Value = "Through Hole"; VariantName = "[No Variations]"
Change component parameters (AddParameter): Name = "Number of Contacts"; Value = "4"; VariantName = "[No Variations]"
Change component parameters (AddParameter): Name = "Number of Positions"; Value = "4"; VariantName = "[No Variations]"
Change component parameters (AddParameter): Name = "Number of Rows"; Value = "1"; VariantName = "[No Variations]"
Change component parameters (AddParameter): Name = "Operating Supply Voltage"; Value = "250V"; VariantName = "[No Variations]"
Change component parameters (AddParameter): Name = "Orientation"; Value = "Vertical"; VariantName = "[No Variations]"
Change component parameters (AddParameter): Name = "Packaging"; Value = "Bulk"; VariantName = "[No Variations]"
Change component parameters (AddParameter): Name = "Pins"; Value = "4"; VariantName = "[No Variations]"
Change component parameters (AddParameter): Name = "Pitch"; Value = "2.54mm"; VariantName = "[No Variations]"
Change component parameters (AddParameter): Name = "Pricing"; Value = "1=0,17, 10=0,147, 25=0,1216, 50=0,1018, 100=0,0918, 1000=0,085 (USD)"; VariantName = "[No Variations]"
Change component parameters (AddParameter): Name = "RoHS"; Value = "Compliant"; VariantName = "[No Variations]"
Change component parameters (AddParameter): Name = "Stock"; Value = "89389"; VariantName = "[No Variations]"
Change component parameters (AddParameter): Name = "Supplier"; Value = "DigiKey"; VariantName = "[No Variations]"
Change component parameters (AddParameter): Name = "Supplier Part Number"; Value = "732-5317-ND"; VariantName = "[No Variations]"
Change component parameters (AddParameter): Name = "Termination"; Value = "Solder"; VariantName = "[No Variations]"
Change component parameters (AddParameter): Name = "Voltage Rating"; Value = "250V"; VariantName = "[No Variations]"
Change component parameters: Designator = "U4" ("U4"); Footprint = "CONECTOR6PINOS"; UniqueID = "\OSFRJXWT" ("\OSFRJXWT")
Change component parameters (AddParameter): Name = "Category"; Value = "Headers and Wire Housings"; VariantName = "[No Variations]"
Change component parameters (AddParameter): Name = "Color"; Value = "Black"; VariantName = "[No Variations]"
Change component parameters (AddParameter): Name = "ComponentLink1Description"; Value = "https://datasheet.octopart.com:443/61300611121-W%C3%BCrth-Elektronik-datasheet-44382959.pdf?src-supplier=Future+Electronics"; VariantName = "[No Variations]"
Change component parameters (AddParameter): Name = "ComponentLink1URL"; Value = "https://datasheet.octopart.com:443/61300611121-W%C3%BCrth-Elektronik-datasheet-44382959.pdf?src-supplier=Future+Electronics"; VariantName = "[No Variations]"
Change component parameters (AddParameter): Name = "ComponentLink2Description"; Value = "https://datasheet.octopart.com:443/61300611121-W%C3%BCrth-Elektronik-datasheet-149524072.pdf?src-supplier=Farnell"; VariantName = "[No Variations]"
Change component parameters (AddParameter): Name = "ComponentLink2URL"; Value = "https://datasheet.octopart.com:443/61300611121-W%C3%BCrth-Elektronik-datasheet-149524072.pdf?src-supplier=Farnell"; VariantName = "[No Variations]"
Change component parameters (AddParameter): Name = "ComponentLink3Description"; Value = "https://datasheet.octopart.com:443/61300611121-Wurth-Elektronik-datasheet-181533275.pdf?src-supplier=Farnell"; VariantName = "[No Variations]"
Change component parameters (AddParameter): Name = "ComponentLink3URL"; Value = "https://datasheet.octopart.com:443/61300611121-Wurth-Elektronik-datasheet-181533275.pdf?src-supplier=Farnell"; VariantName = "[No Variations]"
Change component parameters (AddParameter): Name = "ComponentLink4Description"; Value = "https://datasheet.octopart.com:443/61300611121-W%C3%BCrth-Elektronik-datasheet-21154836.pdf?src-supplier=element14+APAC"; VariantName = "[No Variations]"
Change component parameters (AddParameter): Name = "ComponentLink4URL"; Value = "https://datasheet.octopart.com:443/61300611121-W%C3%BCrth-Elektronik-datasheet-21154836.pdf?src-supplier=element14+APAC"; VariantName = "[No Variations]"
Change component parameters (AddParameter): Name = "Connector Type"; Value = "Male Pin"; VariantName = "[No Variations]"
Change component parameters (AddParameter): Name = "Contact Gender"; Value = "Male"; VariantName = "[No Variations]"
Change component parameters (AddParameter): Name = "Contact Material"; Value = "Gold"; VariantName = "[No Variations]"
Change component parameters (AddParameter): Name = "Contact Mating Length"; Value = "5.9944mm"; VariantName = "[No Variations]"
Change component parameters (AddParameter): Name = "Contact Plating"; Value = "Gold"; VariantName = "[No Variations]"
Change component parameters (AddParameter): Name = "Contact Resistance"; Value = "20mO"; VariantName = "[No Variations]"
Change component parameters (AddParameter): Name = "Current Rating"; Value = "3A"; VariantName = "[No Variations]"
Change component parameters (AddParameter): Name = "Gender"; Value = "Male"; VariantName = "[No Variations]"
Change component parameters (AddParameter): Name = "Height"; Value = "8.89mm"; VariantName = "[No Variations]"
Change component parameters (AddParameter): Name = "Housing Material"; Value = "PBT"; VariantName = "[No Variations]"
Change component parameters (AddParameter): Name = "LCSC"; Value = "C5444523"; VariantName = "[No Variations]"
Change component parameters (AddParameter): Name = "Lead Free"; Value = "Lead Free"; VariantName = "[No Variations]"
Change component parameters (AddParameter): Name = "Lead Pitch"; Value = "2.54mm"; VariantName = "[No Variations]"
Change component parameters (AddParameter): Name = "Manufacturer"; Value = "Wurth Elektronik"; VariantName = "[No Variations]"
Change component parameters (AddParameter): Name = "Manufacturer Part Number"; Value = "61300611121"; VariantName = "[No Variations]"
Change component parameters (AddParameter): Name = "Max Operating Temperature"; Value = "105°C"; VariantName = "[No Variations]"
Change component parameters (AddParameter): Name = "Min Operating Temperature"; Value = "-40°C"; VariantName = "[No Variations]"
Change component parameters (AddParameter): Name = "Mounting Technology"; Value = "Through Hole"; VariantName = "[No Variations]"
Change component parameters (AddParameter): Name = "Number of Contacts"; Value = "6"; VariantName = "[No Variations]"
Change component parameters (AddParameter): Name = "Number of Positions"; Value = "6"; VariantName = "[No Variations]"
Change component parameters (AddParameter): Name = "Number of Rows"; Value = "1"; VariantName = "[No Variations]"
Change component parameters (AddParameter): Name = "Operating Supply Voltage"; Value = "250V"; VariantName = "[No Variations]"
Change component parameters (AddParameter): Name = "Orientation"; Value = "Vertical"; VariantName = "[No Variations]"
Change component parameters (AddParameter): Name = "Packaging"; Value = "Bulk"; VariantName = "[No Variations]"
Change component parameters (AddParameter): Name = "Pins"; Value = "6"; VariantName = "[No Variations]"
Change component parameters (AddParameter): Name = "Pitch"; Value = "2.54mm"; VariantName = "[No Variations]"
Change component parameters (AddParameter): Name = "Pricing"; Value = "1=0,31, 10=0,268, 25=0,2224, 50=0,1864, 100=0,1683, 1000=0,1539 (USD)"; VariantName = "[No Variations]"
Change component parameters (AddParameter): Name = "RoHS"; Value = "Compliant"; VariantName = "[No Variations]"
Change component parameters (AddParameter): Name = "Stock"; Value = "47929"; VariantName = "[No Variations]"
Change component parameters (AddParameter): Name = "Supplier"; Value = "DigiKey"; VariantName = "[No Variations]"
Change component parameters (AddParameter): Name = "Supplier Part Number"; Value = "732-5319-ND"; VariantName = "[No Variations]"
Change component parameters (AddParameter): Name = "Termination"; Value = "Through Hole"; VariantName = "[No Variations]"
Change component parameters (AddParameter): Name = "Voltage Rating"; Value = "250V"; VariantName = "[No Variations]"
Change component parameters: Designator = "U5" ("U5"); Footprint = "regulador"; UniqueID = "\TZDLIWKC" ("\TZDLIWKC")
Change component parameters (AddParameter): Name = "Accuracy"; Value = "1%"; VariantName = "[No Variations]"
Change component parameters (AddParameter): Name = "Case/Package"; Value = "SOT-223"; VariantName = "[No Variations]"
Change component parameters (AddParameter): Name = "Category"; Value = "LDO Voltage Regulators"; VariantName = "[No Variations]"
Change component parameters (AddParameter): Name = "China RoHS"; Value = "Compliant"; VariantName = "[No Variations]"
Change component parameters (AddParameter): Name = "ComponentLink1Description"; Value = "https://datasheet.octopart.com:443/LD1117S33CTR-STMicroelectronics-datasheet-21631343.pdf?src-supplier=Augswan"; VariantName = "[No Variations]"
Change component parameters (AddParameter): Name = "ComponentLink1URL"; Value = "https://datasheet.octopart.com:443/LD1117S33CTR-STMicroelectronics-datasheet-21631343.pdf?src-supplier=Augswan"; VariantName = "[No Variations]"
Change component parameters (AddParameter): Name = "ComponentLink2Description"; Value = "https://datasheet.octopart.com:443/LD1117S33CTR-STMicroelectronics-datasheet-12512609.pdf?src-supplier=SOS+electronic"; VariantName = "[No Variations]"
Change component parameters (AddParameter): Name = "ComponentLink2URL"; Value = "https://datasheet.octopart.com:443/LD1117S33CTR-STMicroelectronics-datasheet-12512609.pdf?src-supplier=SOS+electronic"; VariantName = "[No Variations]"
Change component parameters (AddParameter): Name = "ComponentLink3Description"; Value = "https://datasheet.octopart.com:443/LD1117S33CTR-STMicroelectronics-datasheet-10835789.pdf?src-supplier=Upverter"; VariantName = "[No Variations]"
Change component parameters (AddParameter): Name = "ComponentLink3URL"; Value = "https://datasheet.octopart.com:443/LD1117S33CTR-STMicroelectronics-datasheet-10835789.pdf?src-supplier=Upverter"; VariantName = "[No Variations]"
Change component parameters (AddParameter): Name = "ComponentLink4Description"; Value = "https://datasheet.octopart.com:443/LD1117S33CTR-STMicroelectronics-datasheet-10544930.pdf?src-supplier=Upverter"; VariantName = "[No Variations]"
Change component parameters (AddParameter): Name = "ComponentLink4URL"; Value = "https://datasheet.octopart.com:443/LD1117S33CTR-STMicroelectronics-datasheet-10544930.pdf?src-supplier=Upverter"; VariantName = "[No Variations]"
Change component parameters (AddParameter): Name = "ComponentLink5Description"; Value = "https://datasheet.octopart.com:443/LD1117S33CTR-STMicroelectronics-datasheet-10390305.pdf?src-supplier=Upverter"; VariantName = "[No Variations]"
Change component parameters (AddParameter): Name = "ComponentLink5URL"; Value = "https://datasheet.octopart.com:443/LD1117S33CTR-STMicroelectronics-datasheet-10390305.pdf?src-supplier=Upverter"; VariantName = "[No Variations]"
Change component parameters (AddParameter): Name = "ComponentLink6Description"; Value = "https://datasheet.octopart.com:443/LD1117S33CTR-STMicroelectronics-datasheet-8082140.pdf?src-supplier=Nu+Horizons"; VariantName = "[No Variations]"
Change component parameters (AddParameter): Name = "ComponentLink6URL"; Value = "https://datasheet.octopart.com:443/LD1117S33CTR-STMicroelectronics-datasheet-8082140.pdf?src-supplier=Nu+Horizons"; VariantName = "[No Variations]"
Change component parameters (AddParameter): Name = "ComponentLink7Description"; Value = "https://datasheet.octopart.com:443/LD1117S33CTR-STMicroelectronics-datasheet-5314031.pdf?src-supplier=Nu+Horizons"; VariantName = "[No Variations]"
Change component parameters (AddParameter): Name = "ComponentLink7URL"; Value = "https://datasheet.octopart.com:443/LD1117S33CTR-STMicroelectronics-datasheet-5314031.pdf?src-supplier=Nu+Horizons"; VariantName = "[No Variations]"
Change component parameters (AddParameter): Name = "ComponentLink8Description"; Value = "https://datasheet.octopart.com:443/LD1117S33CTR-STMicroelectronics-datasheet-502396.pdf?src-supplier=Nu+Horizons"; VariantName = "[No Variations]"
Change component parameters (AddParameter): Name = "ComponentLink8URL"; Value = "https://datasheet.octopart.com:443/LD1117S33CTR-STMicroelectronics-datasheet-502396.pdf?src-supplier=Nu+Horizons"; VariantName = "[No Variations]"
Change component parameters (AddParameter): Name = "ComponentLink9Description"; Value = "https://datasheet.octopart.com:443/LD1117S33CTR-STMicroelectronics-datasheet-109521.pdf?src-supplier=Farnell"; VariantName = "[No Variations]"
Change component parameters (AddParameter): Name = "ComponentLink9URL"; Value = "https://datasheet.octopart.com:443/LD1117S33CTR-STMicroelectronics-datasheet-109521.pdf?src-supplier=Farnell"; VariantName = "[No Variations]"
Change component parameters (AddParameter): Name = "ComponentLink10Description"; Value = "https://datasheet.octopart.com:443/LD1117S33CTR-STMicroelectronics-datasheet-9746.pdf?src-supplier=Newark"; VariantName = "[No Variations]"
Change component parameters (AddParameter): Name = "ComponentLink10URL"; Value = "https://datasheet.octopart.com:443/LD1117S33CTR-STMicroelectronics-datasheet-9746.pdf?src-supplier=Newark"; VariantName = "[No Variations]"
Change component parameters (AddParameter): Name = "ComponentLink11Description"; Value = "https://datasheet.octopart.com:443/LD1117S33CTR-STMicroelectronics-datasheet-141402766.pdf?src-supplier=Burklin+Elektronik"; VariantName = "[No Variations]"
Change component parameters (AddParameter): Name = "ComponentLink11URL"; Value = "https://datasheet.octopart.com:443/LD1117S33CTR-STMicroelectronics-datasheet-141402766.pdf?src-supplier=Burklin+Elektronik"; VariantName = "[No Variations]"
Change component parameters (AddParameter): Name = "ComponentLink12Description"; Value = "https://datasheet.octopart.com:443/LD1117S33CTR-STMicroelectronics-datasheet-14168930.pdf?src-supplier=iiiC"; VariantName = "[No Variations]"
Change component parameters (AddParameter): Name = "ComponentLink12URL"; Value = "https://datasheet.octopart.com:443/LD1117S33CTR-STMicroelectronics-datasheet-14168930.pdf?src-supplier=iiiC"; VariantName = "[No Variations]"
Change component parameters (AddParameter): Name = "ComponentLink13Description"; Value = "https://datasheet.octopart.com:443/LD1117S33CTR-STMicroelectronics-datasheet-8710537.pdf?src-supplier=element14"; VariantName = "[No Variations]"
Change component parameters (AddParameter): Name = "ComponentLink13URL"; Value = "https://datasheet.octopart.com:443/LD1117S33CTR-STMicroelectronics-datasheet-8710537.pdf?src-supplier=element14"; VariantName = "[No Variations]"
Change component parameters (AddParameter): Name = "ComponentLink14Description"; Value = "https://datasheet.octopart.com:443/LD1117S33CTR-STMicroelectronics-datasheet-8453752.pdf?src-supplier=element14"; VariantName = "[No Variations]"
Change component parameters (AddParameter): Name = "ComponentLink14URL"; Value = "https://datasheet.octopart.com:443/LD1117S33CTR-STMicroelectronics-datasheet-8453752.pdf?src-supplier=element14"; VariantName = "[No Variations]"
Change component parameters (AddParameter): Name = "ComponentLink15Description"; Value = "https://datasheet.octopart.com:443/LD1117S33CTR-STMicroelectronics-datasheet-8741331.pdf?src-supplier=Jameco"; VariantName = "[No Variations]"
Change component parameters (AddParameter): Name = "ComponentLink15URL"; Value = "https://datasheet.octopart.com:443/LD1117S33CTR-STMicroelectronics-datasheet-8741331.pdf?src-supplier=Jameco"; VariantName = "[No Variations]"
Change component parameters (AddParameter): Name = "ComponentLink16Description"; Value = "https://datasheet.octopart.com:443/LD1117S33CTR-STMicroelectronics-datasheet-113917.pdf?src-supplier=Sierra+IC"; VariantName = "[No Variations]"
Change component parameters (AddParameter): Name = "ComponentLink16URL"; Value = "https://datasheet.octopart.com:443/LD1117S33CTR-STMicroelectronics-datasheet-113917.pdf?src-supplier=Sierra+IC"; VariantName = "[No Variations]"
Change component parameters (AddParameter): Name = "Contact Plating"; Value = "Tin"; VariantName = "[No Variations]"
Change component parameters (AddParameter): Name = "Dropout Voltage"; Value = "1.1V"; VariantName = "[No Variations]"
Change component parameters (AddParameter): Name = "Height"; Value = "1.8mm"; VariantName = "[No Variations]"
Change component parameters (AddParameter): Name = "Height - Seated (Max)"; Value = "1.9mm"; VariantName = "[No Variations]"
Change component parameters (AddParameter): Name = "Input Bias Current"; Value = "5mA"; VariantName = "[No Variations]"
Change component parameters (AddParameter): Name = "LCSC"; Value = "C35879"; VariantName = "[No Variations]"
Change component parameters (AddParameter): Name = "Lead Free"; Value = "Lead Free"; VariantName = "[No Variations]"
Change component parameters (AddParameter): Name = "Length"; Value = "6.5mm"; VariantName = "[No Variations]"
Change component parameters (AddParameter): Name = "Lifecycle Status"; Value = "Production"; VariantName = "[No Variations]"
Change component parameters (AddParameter): Name = "Manufacturer"; Value = "STMicroelectronics"; VariantName = "[No Variations]"
Change component parameters (AddParameter): Name = "Manufacturer Part Number"; Value = "LD1117S33CTR"; VariantName = "[No Variations]"
Change component parameters (AddParameter): Name = "Max Junction Temperature (Tj)"; Value = "125°C"; VariantName = "[No Variations]"
Change component parameters (AddParameter): Name = "Max Operating Temperature"; Value = "125°C"; VariantName = "[No Variations]"
Change component parameters (AddParameter): Name = "Max Output current"; Value = "1.3A"; VariantName = "[No Variations]"
Change component parameters (AddParameter): Name = "Max Output Voltage"; Value = "3.3V"; VariantName = "[No Variations]"
Change component parameters (AddParameter): Name = "Max Power Dissipation"; Value = "12W"; VariantName = "[No Variations]"
Change component parameters (AddParameter): Name = "Max Supply Voltage"; Value = "15V"; VariantName = "[No Variations]"
Change component parameters (AddParameter): Name = "Min Input Voltage"; Value = "4.75V"; VariantName = "[No Variations]"
Change component parameters (AddParameter): Name = "Min Operating Temperature"; Value = "-40°C"; VariantName = "[No Variations]"
Change component parameters (AddParameter): Name = "Min Output Voltage"; Value = "3.3V"; VariantName = "[No Variations]"
Change component parameters (AddParameter): Name = "Min Supply Voltage"; Value = "3.3V"; VariantName = "[No Variations]"
Change component parameters (AddParameter): Name = "Mounting Technology"; Value = "Surface Mount"; VariantName = "[No Variations]"
Change component parameters (AddParameter): Name = "Nominal Output Voltage"; Value = "3.3V"; VariantName = "[No Variations]"
Change component parameters (AddParameter): Name = "Nominal Supply Current"; Value = "5mA"; VariantName = "[No Variations]"
Change component parameters (AddParameter): Name = "Number of Channels"; Value = "1"; VariantName = "[No Variations]"
Change component parameters (AddParameter): Name = "Number of Circuits"; Value = "1"; VariantName = "[No Variations]"
Change component parameters (AddParameter): Name = "Number of Outputs"; Value = "1"; VariantName = "[No Variations]"
Change component parameters (AddParameter): Name = "Number of Regulators"; Value = "1"; VariantName = "[No Variations]"
Change component parameters (AddParameter): Name = "Number of Terminals"; Value = "4"; VariantName = "[No Variations]"
Change component parameters (AddParameter): Name = "Output Current"; Value = "800mA"; VariantName = "[No Variations]"
Change component parameters (AddParameter): Name = "Output Type"; Value = "Fixed"; VariantName = "[No Variations]"
Change component parameters (AddParameter): Name = "Output Voltage"; Value = "3.3V"; VariantName = "[No Variations]"
Change component parameters (AddParameter): Name = "Output Voltage Accuracy"; Value = "1%"; VariantName = "[No Variations]"
Change component parameters (AddParameter): Name = "Packaging"; Value = "Tape and Reel"; VariantName = "[No Variations]"
Change component parameters (AddParameter): Name = "Pins"; Value = "3"; VariantName = "[No Variations]"
Change component parameters (AddParameter): Name = "Polarity"; Value = "Positive"; VariantName = "[No Variations]"
Change component parameters (AddParameter): Name = "Power Dissipation"; Value = "12W"; VariantName = "[No Variations]"
Change component parameters (AddParameter): Name = "Pricing"; Value = "1=0,32, 10=0,223, 25=0,1984, 100=0,1708, 250=0,15768, 500=0,14974, 1000=0,14321 (USD)"; VariantName = "[No Variations]"
Change component parameters (AddParameter): Name = "Quiescent Current"; Value = "5mA"; VariantName = "[No Variations]"
Change component parameters (AddParameter): Name = "Radiation Hardening"; Value = "No"; VariantName = "[No Variations]"
Change component parameters (AddParameter): Name = "REACH SVHC"; Value = "Yes"; VariantName = "[No Variations]"
Change component parameters (AddParameter): Name = "RoHS"; Value = "Compliant"; VariantName = "[No Variations]"
Change component parameters (AddParameter): Name = "Schedule B"; Value = "8542390000, 8542390000|8542390000|8542390000|8542390000|8542390000|8542390000|8542390000|8542390000|8542390000|8542390000|8542390000|8542390000|8542390000|8542390000|8542390000|8542390000|8542390000|8542390000|8542390000|8542390000|8542390000|8542390000|8542390000|85"; VariantName = "[No Variations]"
Change component parameters (AddParameter): Name = "Stock"; Value = "27162"; VariantName = "[No Variations]"
Change component parameters (AddParameter): Name = "Supplier"; Value = "DigiKey"; VariantName = "[No Variations]"
Change component parameters (AddParameter): Name = "Supplier Part Number"; Value = "497-1241-1-ND"; VariantName = "[No Variations]"
Change component parameters (AddParameter): Name = "Terminal Pitch"; Value = "2.3mm"; VariantName = "[No Variations]"
Change component parameters (AddParameter): Name = "Termination"; Value = "SMD/SMT"; VariantName = "[No Variations]"
Change component parameters (AddParameter): Name = "Voltage Tolerance"; Value = "2%"; VariantName = "[No Variations]"
Change component parameters (AddParameter): Name = "Weight"; Value = "4.535924g"; VariantName = "[No Variations]"
Change component parameters (AddParameter): Name = "Width"; Value = "3.5mm"; VariantName = "[No Variations]"
Change component parameters: Designator = "U6" ("U6"); Footprint = "CONECTOR4PINOS"; UniqueID = "\MWUJOZKH" ("\MWUJOZKH")
Change component parameters (AddParameter): Name = "Category"; Value = "Headers and Wire Housings"; VariantName = "[No Variations]"
Change component parameters (AddParameter): Name = "Color"; Value = "Black"; VariantName = "[No Variations]"
Change component parameters (AddParameter): Name = "ComponentLink1Description"; Value = "https://datasheet.octopart.com:443/61300411121-W%C3%BCrth-Elektronik-datasheet-44382959.pdf?src-supplier=Future+Electronics"; VariantName = "[No Variations]"
Change component parameters (AddParameter): Name = "ComponentLink1URL"; Value = "https://datasheet.octopart.com:443/61300411121-W%C3%BCrth-Elektronik-datasheet-44382959.pdf?src-supplier=Future+Electronics"; VariantName = "[No Variations]"
Change component parameters (AddParameter): Name = "ComponentLink2Description"; Value = "https://datasheet.octopart.com:443/61300411121-W%C3%BCrth-Elektronik-datasheet-149524049.pdf?src-supplier=Farnell"; VariantName = "[No Variations]"
Change component parameters (AddParameter): Name = "ComponentLink2URL"; Value = "https://datasheet.octopart.com:443/61300411121-W%C3%BCrth-Elektronik-datasheet-149524049.pdf?src-supplier=Farnell"; VariantName = "[No Variations]"
Change component parameters (AddParameter): Name = "ComponentLink3Description"; Value = "https://datasheet.octopart.com:443/61300411121-W%C3%BCrth-Elektronik-datasheet-21154836.pdf?src-supplier=element14+APAC"; VariantName = "[No Variations]"
Change component parameters (AddParameter): Name = "ComponentLink3URL"; Value = "https://datasheet.octopart.com:443/61300411121-W%C3%BCrth-Elektronik-datasheet-21154836.pdf?src-supplier=element14+APAC"; VariantName = "[No Variations]"
Change component parameters (AddParameter): Name = "ComponentLink4Description"; Value = "https://datasheet.octopart.com:443/61300411121-Wurth-Elektronik-datasheet-169474491.pdf?src-supplier=RS+(Formerly+Allied+Electronics)"; VariantName = "[No Variations]"
Change component parameters (AddParameter): Name = "ComponentLink4URL"; Value = "https://datasheet.octopart.com:443/61300411121-Wurth-Elektronik-datasheet-169474491.pdf?src-supplier=RS+(Formerly+Allied+Electronics)"; VariantName = "[No Variations]"
Change component parameters (AddParameter): Name = "Connector Type"; Value = "Male Pin"; VariantName = "[No Variations]"
Change component parameters (AddParameter): Name = "Contact Material"; Value = "Gold"; VariantName = "[No Variations]"
Change component parameters (AddParameter): Name = "Contact Mating Length"; Value = "5.9944mm"; VariantName = "[No Variations]"
Change component parameters (AddParameter): Name = "Contact Plating"; Value = "Gold"; VariantName = "[No Variations]"
Change component parameters (AddParameter): Name = "Contact Resistance"; Value = "20mO"; VariantName = "[No Variations]"
Change component parameters (AddParameter): Name = "Current Rating"; Value = "3A"; VariantName = "[No Variations]"
Change component parameters (AddParameter): Name = "Gender"; Value = "Male"; VariantName = "[No Variations]"
Change component parameters (AddParameter): Name = "Height"; Value = "8.89mm"; VariantName = "[No Variations]"
Change component parameters (AddParameter): Name = "LCSC"; Value = "C5184785"; VariantName = "[No Variations]"
Change component parameters (AddParameter): Name = "Lead Free"; Value = "Lead Free"; VariantName = "[No Variations]"
Change component parameters (AddParameter): Name = "Lead Pitch"; Value = "2.54mm"; VariantName = "[No Variations]"
Change component parameters (AddParameter): Name = "Manufacturer"; Value = "Wurth Elektronik"; VariantName = "[No Variations]"
Change component parameters (AddParameter): Name = "Manufacturer Part Number"; Value = "61300411121"; VariantName = "[No Variations]"
Change component parameters (AddParameter): Name = "Max Operating Temperature"; Value = "105°C"; VariantName = "[No Variations]"
Change component parameters (AddParameter): Name = "Min Operating Temperature"; Value = "-40°C"; VariantName = "[No Variations]"
Change component parameters (AddParameter): Name = "Mounting Technology"; Value = "Through Hole"; VariantName = "[No Variations]"
Change component parameters (AddParameter): Name = "Number of Contacts"; Value = "4"; VariantName = "[No Variations]"
Change component parameters (AddParameter): Name = "Number of Positions"; Value = "4"; VariantName = "[No Variations]"
Change component parameters (AddParameter): Name = "Number of Rows"; Value = "1"; VariantName = "[No Variations]"
Change component parameters (AddParameter): Name = "Operating Supply Voltage"; Value = "250V"; VariantName = "[No Variations]"
Change component parameters (AddParameter): Name = "Orientation"; Value = "Vertical"; VariantName = "[No Variations]"
Change component parameters (AddParameter): Name = "Packaging"; Value = "Bulk"; VariantName = "[No Variations]"
Change component parameters (AddParameter): Name = "Pins"; Value = "4"; VariantName = "[No Variations]"
Change component parameters (AddParameter): Name = "Pitch"; Value = "2.54mm"; VariantName = "[No Variations]"
Change component parameters (AddParameter): Name = "Pricing"; Value = "1=0,17, 10=0,147, 25=0,1216, 50=0,1018, 100=0,0918, 1000=0,085 (USD)"; VariantName = "[No Variations]"
Change component parameters (AddParameter): Name = "RoHS"; Value = "Compliant"; VariantName = "[No Variations]"
Change component parameters (AddParameter): Name = "Stock"; Value = "89389"; VariantName = "[No Variations]"
Change component parameters (AddParameter): Name = "Supplier"; Value = "DigiKey"; VariantName = "[No Variations]"
Change component parameters (AddParameter): Name = "Supplier Part Number"; Value = "732-5317-ND"; VariantName = "[No Variations]"
Change component parameters (AddParameter): Name = "Termination"; Value = "Solder"; VariantName = "[No Variations]"
Change component parameters (AddParameter): Name = "Voltage Rating"; Value = "250V"; VariantName = "[No Variations]"
Change component parameters: Designator = "U7" ("U7"); Footprint = "CONECTOR3PINOS"; UniqueID = "\MVYHKLVK" ("\MVYHKLVK")
Change component parameters (AddParameter): Name = "Approvals"; Value = "CSA, UL"; VariantName = "[No Variations]"
Change component parameters (AddParameter): Name = "Category"; Value = "Headers and Wire Housings"; VariantName = "[No Variations]"
Change component parameters (AddParameter): Name = "China RoHS"; Value = "Compliant"; VariantName = "[No Variations]"
Change component parameters (AddParameter): Name = "Color"; Value = "White"; VariantName = "[No Variations]"
Change component parameters (AddParameter): Name = "ComponentLink1Description"; Value = "https://sigma.octopart.com:443/153641738/technical_drawing/Molex-22232031.pdf?src-supplier=Sager+Electronics"; VariantName = "[No Variations]"
Change component parameters (AddParameter): Name = "ComponentLink1URL"; Value = "https://sigma.octopart.com:443/153641738/technical_drawing/Molex-22232031.pdf?src-supplier=Sager+Electronics"; VariantName = "[No Variations]"
Change component parameters (AddParameter): Name = "ComponentLink2Description"; Value = "https://datasheet.octopart.com:443/0022232031-Molex-datasheet-164461539.pdf?src-supplier=Sager+Electronics"; VariantName = "[No Variations]"
Change component parameters (AddParameter): Name = "ComponentLink2URL"; Value = "https://datasheet.octopart.com:443/0022232031-Molex-datasheet-164461539.pdf?src-supplier=Sager+Electronics"; VariantName = "[No Variations]"
Change component parameters (AddParameter): Name = "ComponentLink3Description"; Value = "https://datasheet.octopart.com:443/22-23-2031-Molex-datasheet-10979265.pdf?src-supplier=Upverter"; VariantName = "[No Variations]"
Change component parameters (AddParameter): Name = "ComponentLink3URL"; Value = "https://datasheet.octopart.com:443/22-23-2031-Molex-datasheet-10979265.pdf?src-supplier=Upverter"; VariantName = "[No Variations]"
Change component parameters (AddParameter): Name = "ComponentLink4Description"; Value = "https://datasheet.octopart.com:443/22-23-2031-Molex-datasheet-8803345.pdf?src-supplier=Upverter"; VariantName = "[No Variations]"
Change component parameters (AddParameter): Name = "ComponentLink4URL"; Value = "https://datasheet.octopart.com:443/22-23-2031-Molex-datasheet-8803345.pdf?src-supplier=Upverter"; VariantName = "[No Variations]"
Change component parameters (AddParameter): Name = "ComponentLink5Description"; Value = "https://datasheet.octopart.com:443/022232031-Molex-datasheet-8349839.pdf?src-supplier=Upverter"; VariantName = "[No Variations]"
Change component parameters (AddParameter): Name = "ComponentLink5URL"; Value = "https://datasheet.octopart.com:443/022232031-Molex-datasheet-8349839.pdf?src-supplier=Upverter"; VariantName = "[No Variations]"
Change component parameters (AddParameter): Name = "ComponentLink6Description"; Value = "https://datasheet.octopart.com:443/22-23-2031-Molex-datasheet-137053720.pdf?src-supplier=IHS"; VariantName = "[No Variations]"
Change component parameters (AddParameter): Name = "ComponentLink6URL"; Value = "https://datasheet.octopart.com:443/22-23-2031-Molex-datasheet-137053720.pdf?src-supplier=IHS"; VariantName = "[No Variations]"
Change component parameters (AddParameter): Name = "ComponentLink7Description"; Value = "https://datasheet.octopart.com:443/A-6373-03A222-Molex-datasheet-11014486.pdf?src-supplier=IHS"; VariantName = "[No Variations]"
Change component parameters (AddParameter): Name = "ComponentLink7URL"; Value = "https://datasheet.octopart.com:443/A-6373-03A222-Molex-datasheet-11014486.pdf?src-supplier=IHS"; VariantName = "[No Variations]"
Change component parameters (AddParameter): Name = "ComponentLink8Description"; Value = "https://datasheet.octopart.com:443/22-23-2031-Molex-datasheet-13784869.pdf?src-supplier=Molex"; VariantName = "[No Variations]"
Change component parameters (AddParameter): Name = "ComponentLink8URL"; Value = "https://datasheet.octopart.com:443/22-23-2031-Molex-datasheet-13784869.pdf?src-supplier=Molex"; VariantName = "[No Variations]"
Change component parameters (AddParameter): Name = "ComponentLink9Description"; Value = "https://sigma.octopart.com:443/16295904/technical_drawing/Molex-22-23-2031.pdf?src-supplier=Molex"; VariantName = "[No Variations]"
Change component parameters (AddParameter): Name = "ComponentLink9URL"; Value = "https://sigma.octopart.com:443/16295904/technical_drawing/Molex-22-23-2031.pdf?src-supplier=Molex"; VariantName = "[No Variations]"
Change component parameters (AddParameter): Name = "ComponentLink10Description"; Value = "https://datasheet.octopart.com:443/22-23-2031-Molex-datasheet-154747105.pdf?src-supplier=Master+Electronics"; VariantName = "[No Variations]"
Change component parameters (AddParameter): Name = "ComponentLink10URL"; Value = "https://datasheet.octopart.com:443/22-23-2031-Molex-datasheet-154747105.pdf?src-supplier=Master+Electronics"; VariantName = "[No Variations]"
Change component parameters (AddParameter): Name = "ComponentLink11Description"; Value = "https://datasheet.octopart.com:443/22-23-2031-Molex-datasheet-101581837.pdf?src-supplier=Farnell"; VariantName = "[No Variations]"
Change component parameters (AddParameter): Name = "ComponentLink11URL"; Value = "https://datasheet.octopart.com:443/22-23-2031-Molex-datasheet-101581837.pdf?src-supplier=Farnell"; VariantName = "[No Variations]"
Change component parameters (AddParameter): Name = "ComponentLink12Description"; Value = "https://datasheet.octopart.com:443/22-23-2031-Molex-datasheet-6994.pdf?src-supplier=Farnell"; VariantName = "[No Variations]"
Change component parameters (AddParameter): Name = "ComponentLink12URL"; Value = "https://datasheet.octopart.com:443/22-23-2031-Molex-datasheet-6994.pdf?src-supplier=Farnell"; VariantName = "[No Variations]"
Change component parameters (AddParameter): Name = "ComponentLink13Description"; Value = "https://datasheet.octopart.com:443/22-23-2031-Molex-datasheet-15766289.pdf?src-supplier=Farnell"; VariantName = "[No Variations]"
Change component parameters (AddParameter): Name = "ComponentLink13URL"; Value = "https://datasheet.octopart.com:443/22-23-2031-Molex-datasheet-15766289.pdf?src-supplier=Farnell"; VariantName = "[No Variations]"
Change component parameters (AddParameter): Name = "ComponentLink14Description"; Value = "https://datasheet.octopart.com:443/22-23-2031-Molex-datasheet-11538079.pdf?src-supplier=Farnell"; VariantName = "[No Variations]"
Change component parameters (AddParameter): Name = "ComponentLink14URL"; Value = "https://datasheet.octopart.com:443/22-23-2031-Molex-datasheet-11538079.pdf?src-supplier=Farnell"; VariantName = "[No Variations]"
Change component parameters (AddParameter): Name = "ComponentLink15Description"; Value = "https://datasheet.octopart.com:443/22-23-2031-Molex-datasheet-21538527.pdf?src-supplier=Electro+Sonic"; VariantName = "[No Variations]"
Change component parameters (AddParameter): Name = "ComponentLink15URL"; Value = "https://datasheet.octopart.com:443/22-23-2031-Molex-datasheet-21538527.pdf?src-supplier=Electro+Sonic"; VariantName = "[No Variations]"
Change component parameters (AddParameter): Name = "ComponentLink16Description"; Value = "https://datasheet.octopart.com:443/22-23-2031-Molex-datasheet-62103463.pdf?src-supplier=Electro+Sonic"; VariantName = "[No Variations]"
Change component parameters (AddParameter): Name = "ComponentLink16URL"; Value = "https://datasheet.octopart.com:443/22-23-2031-Molex-datasheet-62103463.pdf?src-supplier=Electro+Sonic"; VariantName = "[No Variations]"
Change component parameters (AddParameter): Name = "ComponentLink17Description"; Value = "https://datasheet.octopart.com:443/22-23-2031-Molex-datasheet-37168844.pdf?src-supplier=Electro+Sonic"; VariantName = "[No Variations]"
Change component parameters (AddParameter): Name = "ComponentLink17URL"; Value = "https://datasheet.octopart.com:443/22-23-2031-Molex-datasheet-37168844.pdf?src-supplier=Electro+Sonic"; VariantName = "[No Variations]"
Change component parameters (AddParameter): Name = "ComponentLink18Description"; Value = "https://datasheet.octopart.com:443/22-23-2031-Molex-datasheet-26579529.pdf?src-supplier=TME"; VariantName = "[No Variations]"
Change component parameters (AddParameter): Name = "ComponentLink18URL"; Value = "https://datasheet.octopart.com:443/22-23-2031-Molex-datasheet-26579529.pdf?src-supplier=TME"; VariantName = "[No Variations]"
Change component parameters (AddParameter): Name = "ComponentLink19Description"; Value = "https://datasheet.octopart.com:443/22-23-2031-Molex-datasheet-140181014.pdf?src-supplier=RS+(Formerly+Allied+Electronics)"; VariantName = "[No Variations]"
Change component parameters (AddParameter): Name = "ComponentLink19URL"; Value = "https://datasheet.octopart.com:443/22-23-2031-Molex-datasheet-140181014.pdf?src-supplier=RS+(Formerly+Allied+Electronics)"; VariantName = "[No Variations]"
Change component parameters (AddParameter): Name = "ComponentLink20Description"; Value = "https://datasheet.octopart.com:443/22-23-2031-Molex-datasheet-120145304.pdf?src-supplier=RS+(Formerly+Allied+Electronics)"; VariantName = "[No Variations]"
Change component parameters (AddParameter): Name = "ComponentLink20URL"; Value = "https://datasheet.octopart.com:443/22-23-2031-Molex-datasheet-120145304.pdf?src-supplier=RS+(Formerly+Allied+Electronics)"; VariantName = "[No Variations]"
Change component parameters (AddParameter): Name = "ComponentLink21Description"; Value = "https://datasheet.octopart.com:443/22-23-2031-Molex-datasheet-9904594.pdf?src-supplier=RS+(Formerly+Allied+Electronics)"; VariantName = "[No Variations]"
Change component parameters (AddParameter): Name = "ComponentLink21URL"; Value = "https://datasheet.octopart.com:443/22-23-2031-Molex-datasheet-9904594.pdf?src-supplier=RS+(Formerly+Allied+Electronics)"; VariantName = "[No Variations]"
Change component parameters (AddParameter): Name = "ComponentLink22Description"; Value = "https://datasheet.octopart.com:443/22-23-2031-Molex-datasheet-36197.pdf?src-supplier=RS+(Formerly+Allied+Electronics)"; VariantName = "[No Variations]"
Change component parameters (AddParameter): Name = "ComponentLink22URL"; Value = "https://datasheet.octopart.com:443/22-23-2031-Molex-datasheet-36197.pdf?src-supplier=RS+(Formerly+Allied+Electronics)"; VariantName = "[No Variations]"
Change component parameters (AddParameter): Name = "ComponentLink23Description"; Value = "https://datasheet.octopart.com:443/22232031-Molex-datasheet-137316104.pdf?src-supplier=Future+Electronics"; VariantName = "[No Variations]"
Change component parameters (AddParameter): Name = "ComponentLink23URL"; Value = "https://datasheet.octopart.com:443/22232031-Molex-datasheet-137316104.pdf?src-supplier=Future+Electronics"; VariantName = "[No Variations]"
Change component parameters (AddParameter): Name = "ComponentLink24Description"; Value = "https://datasheet.octopart.com:443/22-23-2031-Molex-datasheet-33002316.pdf?src-supplier=Newark"; VariantName = "[No Variations]"
Change component parameters (AddParameter): Name = "ComponentLink24URL"; Value = "https://datasheet.octopart.com:443/22-23-2031-Molex-datasheet-33002316.pdf?src-supplier=Newark"; VariantName = "[No Variations]"
Change component parameters (AddParameter): Name = "ComponentLink25Description"; Value = "https://datasheet.octopart.com:443/22-23-2031-Molex-datasheet-21206926.pdf?src-supplier=Newark"; VariantName = "[No Variations]"
Change component parameters (AddParameter): Name = "ComponentLink25URL"; Value = "https://datasheet.octopart.com:443/22-23-2031-Molex-datasheet-21206926.pdf?src-supplier=Newark"; VariantName = "[No Variations]"
Change component parameters (AddParameter): Name = "ComponentLink26Description"; Value = "https://datasheet.octopart.com:443/0022232031-Molex-datasheet-11893140.pdf?src-supplier=Arrow+Electronics"; VariantName = "[No Variations]"
Change component parameters (AddParameter): Name = "ComponentLink26URL"; Value = "https://datasheet.octopart.com:443/0022232031-Molex-datasheet-11893140.pdf?src-supplier=Arrow+Electronics"; VariantName = "[No Variations]"
Change component parameters (AddParameter): Name = "ComponentLink27Description"; Value = "https://datasheet.octopart.com:443/0022232031-Molex-datasheet-11631538.pdf?src-supplier=Arrow+Electronics"; VariantName = "[No Variations]"
Change component parameters (AddParameter): Name = "ComponentLink27URL"; Value = "https://datasheet.octopart.com:443/0022232031-Molex-datasheet-11631538.pdf?src-supplier=Arrow+Electronics"; VariantName = "[No Variations]"
Change component parameters (AddParameter): Name = "ComponentLink28Description"; Value = "https://datasheet.octopart.com:443/22-23-2031-Molex-datasheet-8399138.pdf?src-supplier=Verical"; VariantName = "[No Variations]"
Change component parameters (AddParameter): Name = "ComponentLink28URL"; Value = "https://datasheet.octopart.com:443/22-23-2031-Molex-datasheet-8399138.pdf?src-supplier=Verical"; VariantName = "[No Variations]"
Change component parameters (AddParameter): Name = "ComponentLink29Description"; Value = "https://datasheet.octopart.com:443/22-23-2031-Molex-datasheet-8339045.pdf?src-supplier=Verical"; VariantName = "[No Variations]"
Change component parameters (AddParameter): Name = "ComponentLink29URL"; Value = "https://datasheet.octopart.com:443/22-23-2031-Molex-datasheet-8339045.pdf?src-supplier=Verical"; VariantName = "[No Variations]"
Change component parameters (AddParameter): Name = "ComponentLink30Description"; Value = "https://datasheet.octopart.com:443/22232031-Molex-datasheet-7831523.pdf?src-supplier=Jameco"; VariantName = "[No Variations]"
Change component parameters (AddParameter): Name = "ComponentLink30URL"; Value = "https://datasheet.octopart.com:443/22232031-Molex-datasheet-7831523.pdf?src-supplier=Jameco"; VariantName = "[No Variations]"
Change component parameters (AddParameter): Name = "ComponentLink31Description"; Value = "https://datasheet.octopart.com:443/22-23-2031-Molex-datasheet-7276997.pdf?src-supplier=Jameco"; VariantName = "[No Variations]"
Change component parameters (AddParameter): Name = "ComponentLink31URL"; Value = "https://datasheet.octopart.com:443/22-23-2031-Molex-datasheet-7276997.pdf?src-supplier=Jameco"; VariantName = "[No Variations]"
Change component parameters (AddParameter): Name = "ComponentLink32Description"; Value = "https://datasheet.octopart.com:443/22-23-2031-Molex-datasheet-145352.pdf?src-supplier=DigiKey"; VariantName = "[No Variations]"
Change component parameters (AddParameter): Name = "ComponentLink32URL"; Value = "https://datasheet.octopart.com:443/22-23-2031-Molex-datasheet-145352.pdf?src-supplier=DigiKey"; VariantName = "[No Variations]"
Change component parameters (AddParameter): Name = "ComponentLink33Description"; Value = "http://sigma.octopart.com:80/16297233/rohs_statement/Molex-22-23-2031.pdf?src-supplier=Compliance+Statements"; VariantName = "[No Variations]"
Change component parameters (AddParameter): Name = "ComponentLink33URL"; Value = "http://sigma.octopart.com:80/16297233/rohs_statement/Molex-22-23-2031.pdf?src-supplier=Compliance+Statements"; VariantName = "[No Variations]"
Change component parameters (AddParameter): Name = "ComponentLink34Description"; Value = "http://sigma.octopart.com:80/conflict_mineral_statement/Molex-company-72.pdf?src-supplier=Compliance+Statements"; VariantName = "[No Variations]"
Change component parameters (AddParameter): Name = "ComponentLink34URL"; Value = "http://sigma.octopart.com:80/conflict_mineral_statement/Molex-company-72.pdf?src-supplier=Compliance+Statements"; VariantName = "[No Variations]"
Change component parameters (AddParameter): Name = "ComponentLink35Description"; Value = "http://sigma.octopart.com:80/rohs_statement/Molex-company-73.pdf?src-supplier=Compliance+Statements"; VariantName = "[No Variations]"
Change component parameters (AddParameter): Name = "ComponentLink35URL"; Value = "http://sigma.octopart.com:80/rohs_statement/Molex-company-73.pdf?src-supplier=Compliance+Statements"; VariantName = "[No Variations]"
Change component parameters (AddParameter): Name = "ComponentLink36Description"; Value = "http://sigma.octopart.com:80/reach_statement/Molex-company-74.pdf?src-supplier=Compliance+Statements"; VariantName = "[No Variations]"
Change component parameters (AddParameter): Name = "ComponentLink36URL"; Value = "http://sigma.octopart.com:80/reach_statement/Molex-company-74.pdf?src-supplier=Compliance+Statements"; VariantName = "[No Variations]"
Change component parameters (AddParameter): Name = "Contact Gender"; Value = "Male"; VariantName = "[No Variations]"
Change component parameters (AddParameter): Name = "Contact Material"; Value = "Brass"; VariantName = "[No Variations]"
Change component parameters (AddParameter): Name = "Contact Plating"; Value = "Tin"; VariantName = "[No Variations]"
Change component parameters (AddParameter): Name = "Contact Resistance"; Value = "10mO"; VariantName = "[No Variations]"
Change component parameters (AddParameter): Name = "Country of Origin"; Value = "US"; VariantName = "[No Variations]"
Change component parameters (AddParameter): Name = "Current Rating"; Value = "4A"; VariantName = "[No Variations]"
Change component parameters (AddParameter): Name = "Depth"; Value = "6.35mm"; VariantName = "[No Variations]"
Change component parameters (AddParameter): Name = "Dielectric Material"; Value = "Polyamide"; VariantName = "[No Variations]"
Change component parameters (AddParameter): Name = "Flammability Rating"; Value = "UL94 V-0"; VariantName = "[No Variations]"
Change component parameters (AddParameter): Name = "Gender"; Value = "Male"; VariantName = "[No Variations]"
Change component parameters (AddParameter): Name = "Glow Wire Compliant"; Value = "Non-compliant"; VariantName = "[No Variations]"
Change component parameters (AddParameter): Name = "Halogen Free"; Value = "Low Halogen"; VariantName = "[No Variations]"
Change component parameters (AddParameter): Name = "Height"; Value = "10mm"; VariantName = "[No Variations]"
Change component parameters (AddParameter): Name = "Housing Color"; Value = "White"; VariantName = "[No Variations]"
Change component parameters (AddParameter): Name = "Housing Material"; Value = "Nylon"; VariantName = "[No Variations]"
Change component parameters (AddParameter): Name = "Insulation Resistance"; Value = "1GO"; VariantName = "[No Variations]"
Change component parameters (AddParameter): Name = "LCSC"; Value = "C234181"; VariantName = "[No Variations]"
Change component parameters (AddParameter): Name = "Lead Free"; Value = "Lead Free"; VariantName = "[No Variations]"
Change component parameters (AddParameter): Name = "Lead Pitch"; Value = "2.54mm"; VariantName = "[No Variations]"
Change component parameters (AddParameter): Name = "Length"; Value = "10mm"; VariantName = "[No Variations]"
Change component parameters (AddParameter): Name = "Lifecycle Status"; Value = "Production"; VariantName = "[No Variations]"
Change component parameters (AddParameter): Name = "Manufacturer"; Value = "Molex"; VariantName = "[No Variations]"
Change component parameters (AddParameter): Name = "Manufacturer Lifecycle Status"; Value = "ACTIVE"; VariantName = "[No Variations]"
Change component parameters (AddParameter): Name = "Manufacturer Part Number"; Value = "22-23-2031"; VariantName = "[No Variations]"
Change component parameters (AddParameter): Name = "Max Current Rating"; Value = "4A"; VariantName = "[No Variations]"
Change component parameters (AddParameter): Name = "Max Operating Temperature"; Value = "75°C"; VariantName = "[No Variations]"
Change component parameters (AddParameter): Name = "Min Operating Temperature"; Value = "0°C"; VariantName = "[No Variations]"
Change component parameters (AddParameter): Name = "Mounting Technology"; Value = "Through Hole"; VariantName = "[No Variations]"
Change component parameters (AddParameter): Name = "Number of Circuits"; Value = "2"; VariantName = "[No Variations]"
Change component parameters (AddParameter): Name = "Number of Contacts"; Value = "3"; VariantName = "[No Variations]"
Change component parameters (AddParameter): Name = "Number of Lines"; Value = "1"; VariantName = "[No Variations]"
Change component parameters (AddParameter): Name = "Number of Poles"; Value = "3"; VariantName = "[No Variations]"
Change component parameters (AddParameter): Name = "Number of Positions"; Value = "3"; VariantName = "[No Variations]"
Change component parameters (AddParameter): Name = "Number of Rows"; Value = "1"; VariantName = "[No Variations]"
Change component parameters (AddParameter): Name = "Operating Force"; Value = "4.8928N"; VariantName = "[No Variations]"
Change component parameters (AddParameter): Name = "Orientation"; Value = "Vertical"; VariantName = "[No Variations]"
Change component parameters (AddParameter): Name = "Packaging"; Value = "Bulk"; VariantName = "[No Variations]"
Change component parameters (AddParameter): Name = "Pins"; Value = "3"; VariantName = "[No Variations]"
Change component parameters (AddParameter): Name = "Pitch"; Value = "2.54mm"; VariantName = "[No Variations]"
Change component parameters (AddParameter): Name = "Plating Thickness"; Value = "2.54µm"; VariantName = "[No Variations]"
Change component parameters (AddParameter): Name = "Pricing"; Value = "1=0,22, 10=0,189, 100=0,1608, 500=0,1435, 2000=0,13012, 6000=0,12041, 10000=0,11614 (USD)"; VariantName = "[No Variations]"
Change component parameters (AddParameter): Name = "Radiation Hardening"; Value = "No"; VariantName = "[No Variations]"
Change component parameters (AddParameter): Name = "REACH SVHC"; Value = "Yes"; VariantName = "[No Variations]"
Change component parameters (AddParameter): Name = "RoHS"; Value = "Compliant"; VariantName = "[No Variations]"
Change component parameters (AddParameter): Name = "Schedule B"; Value = "8536694040, 8536694040|8536694040|8536694040|8536694040|8536694040|8536694040|8536694040|8536694040|8536694040|8536694040|8536694040|8536694040|8536694040|8536694040|8536694040|8536694040|8536694040|8536694040|8536694040|8536694040|8536694040|8536694040|8536694040|85"; VariantName = "[No Variations]"
Change component parameters (AddParameter): Name = "Stock"; Value = "60929"; VariantName = "[No Variations]"
Change component parameters (AddParameter): Name = "Supplier"; Value = "DigiKey"; VariantName = "[No Variations]"
Change component parameters (AddParameter): Name = "Supplier Part Number"; Value = "WM4201-ND"; VariantName = "[No Variations]"
Change component parameters (AddParameter): Name = "Terminal Pitch"; Value = "2.54mm"; VariantName = "[No Variations]"
Change component parameters (AddParameter): Name = "Termination"; Value = "Solder"; VariantName = "[No Variations]"
Change component parameters (AddParameter): Name = "Voltage Rating"; Value = "500V"; VariantName = "[No Variations]"
Change component parameters (AddParameter): Name = "Voltage Rating (DC)"; Value = "250V"; VariantName = "[No Variations]"
Change component parameters (AddParameter): Name = "Width"; Value = "10mm"; VariantName = "[No Variations]"
Change component parameters: Designator = "Y1" ("Y1"); Footprint = "cristal"; UniqueID = "\JEVKHDTO" ("\JEVKHDTO")
Change component parameters (AddParameter): Name = "Case/Package"; Value = "CSMD"; VariantName = "[No Variations]"
Change component parameters (AddParameter): Name = "Category"; Value = "Crystals"; VariantName = "[No Variations]"
Change component parameters (AddParameter): Name = "China RoHS"; Value = "Non-Compliant"; VariantName = "[No Variations]"
Change component parameters (AddParameter): Name = "ComponentLink1Description"; Value = "https://datasheet.octopart.com:443/ABM3-8.000MHZ-D2Y-T-Abracon-datasheet-182205007.pdf?src-supplier=TME"; VariantName = "[No Variations]"
Change component parameters (AddParameter): Name = "ComponentLink1URL"; Value = "https://datasheet.octopart.com:443/ABM3-8.000MHZ-D2Y-T-Abracon-datasheet-182205007.pdf?src-supplier=TME"; VariantName = "[No Variations]"
Change component parameters (AddParameter): Name = "ComponentLink2Description"; Value = "https://datasheet.octopart.com:443/ABM3-8.000MHZ-D2Y-T-Abracon-datasheet-32780515.pdf?src-supplier=element14+APAC"; VariantName = "[No Variations]"
Change component parameters (AddParameter): Name = "ComponentLink2URL"; Value = "https://datasheet.octopart.com:443/ABM3-8.000MHZ-D2Y-T-Abracon-datasheet-32780515.pdf?src-supplier=element14+APAC"; VariantName = "[No Variations]"
Change component parameters (AddParameter): Name = "ComponentLink3Description"; Value = "https://datasheet.octopart.com:443/ABM3-8.000MHZ-D2Y-T-Abracon-datasheet-13417521.pdf?src-supplier=element14+APAC"; VariantName = "[No Variations]"
Change component parameters (AddParameter): Name = "ComponentLink3URL"; Value = "https://datasheet.octopart.com:443/ABM3-8.000MHZ-D2Y-T-Abracon-datasheet-13417521.pdf?src-supplier=element14+APAC"; VariantName = "[No Variations]"
Change component parameters (AddParameter): Name = "ComponentLink4Description"; Value = "https://datasheet.octopart.com:443/ABM3-8.000MHZ-D2Y-T-Abracon-datasheet-8862594.pdf?src-supplier=element14+APAC"; VariantName = "[No Variations]"
Change component parameters (AddParameter): Name = "ComponentLink4URL"; Value = "https://datasheet.octopart.com:443/ABM3-8.000MHZ-D2Y-T-Abracon-datasheet-8862594.pdf?src-supplier=element14+APAC"; VariantName = "[No Variations]"
Change component parameters (AddParameter): Name = "ComponentLink5Description"; Value = "https://datasheet.octopart.com:443/ABM3-8.000MHZ-D2Y-T-Abracon-datasheet-8853172.pdf?src-supplier=element14+APAC"; VariantName = "[No Variations]"
Change component parameters (AddParameter): Name = "ComponentLink5URL"; Value = "https://datasheet.octopart.com:443/ABM3-8.000MHZ-D2Y-T-Abracon-datasheet-8853172.pdf?src-supplier=element14+APAC"; VariantName = "[No Variations]"
Change component parameters (AddParameter): Name = "ComponentLink6Description"; Value = "https://datasheet.octopart.com:443/ABM3-8.000MHZ-D2Y-T-Abracon-datasheet-8835795.pdf?src-supplier=element14+APAC"; VariantName = "[No Variations]"
Change component parameters (AddParameter): Name = "ComponentLink6URL"; Value = "https://datasheet.octopart.com:443/ABM3-8.000MHZ-D2Y-T-Abracon-datasheet-8835795.pdf?src-supplier=element14+APAC"; VariantName = "[No Variations]"
Change component parameters (AddParameter): Name = "ComponentLink7Description"; Value = "https://datasheet.octopart.com:443/ABM3-8.000MHZ-D2Y-T-Abracon-datasheet-8815637.pdf?src-supplier=element14+APAC"; VariantName = "[No Variations]"
Change component parameters (AddParameter): Name = "ComponentLink7URL"; Value = "https://datasheet.octopart.com:443/ABM3-8.000MHZ-D2Y-T-Abracon-datasheet-8815637.pdf?src-supplier=element14+APAC"; VariantName = "[No Variations]"
Change component parameters (AddParameter): Name = "ComponentLink8Description"; Value = "https://datasheet.octopart.com:443/ABM3-8.000MHZ-D2Y-T-Abracon-datasheet-8808528.pdf?src-supplier=element14+APAC"; VariantName = "[No Variations]"
Change component parameters (AddParameter): Name = "ComponentLink8URL"; Value = "https://datasheet.octopart.com:443/ABM3-8.000MHZ-D2Y-T-Abracon-datasheet-8808528.pdf?src-supplier=element14+APAC"; VariantName = "[No Variations]"
Change component parameters (AddParameter): Name = "ComponentLink9Description"; Value = "https://datasheet.octopart.com:443/ABM3-8.000MHZ-D2Y-T-Abracon-datasheet-8488864.pdf?src-supplier=element14+APAC"; VariantName = "[No Variations]"
Change component parameters (AddParameter): Name = "ComponentLink9URL"; Value = "https://datasheet.octopart.com:443/ABM3-8.000MHZ-D2Y-T-Abracon-datasheet-8488864.pdf?src-supplier=element14+APAC"; VariantName = "[No Variations]"
Change component parameters (AddParameter): Name = "ComponentLink10Description"; Value = "https://datasheet.octopart.com:443/ABM3-8.000MHZ-D2Y-T-Abracon-datasheet-8324950.pdf?src-supplier=element14+APAC"; VariantName = "[No Variations]"
Change component parameters (AddParameter): Name = "ComponentLink10URL"; Value = "https://datasheet.octopart.com:443/ABM3-8.000MHZ-D2Y-T-Abracon-datasheet-8324950.pdf?src-supplier=element14+APAC"; VariantName = "[No Variations]"
Change component parameters (AddParameter): Name = "ComponentLink11Description"; Value = "https://datasheet.octopart.com:443/ABM3-8.000MHZ-D2Y-T-Abracon-datasheet-577709.pdf?src-supplier=element14+APAC"; VariantName = "[No Variations]"
Change component parameters (AddParameter): Name = "ComponentLink11URL"; Value = "https://datasheet.octopart.com:443/ABM3-8.000MHZ-D2Y-T-Abracon-datasheet-577709.pdf?src-supplier=element14+APAC"; VariantName = "[No Variations]"
Change component parameters (AddParameter): Name = "ComponentLink12Description"; Value = "https://datasheet.octopart.com:443/ABM3-8.000MHZ-D2Y-T-Abracon-datasheet-154724144.pdf?src-supplier=Sager+Electronics"; VariantName = "[No Variations]"
Change component parameters (AddParameter): Name = "ComponentLink12URL"; Value = "https://datasheet.octopart.com:443/ABM3-8.000MHZ-D2Y-T-Abracon-datasheet-154724144.pdf?src-supplier=Sager+Electronics"; VariantName = "[No Variations]"
Change component parameters (AddParameter): Name = "ComponentLink13Description"; Value = "https://datasheet.octopart.com:443/ABM3-8.000MHZ-D2Y-T-Abracon-datasheet-128558659.pdf?src-supplier=X-ON"; VariantName = "[No Variations]"
Change component parameters (AddParameter): Name = "ComponentLink13URL"; Value = "https://datasheet.octopart.com:443/ABM3-8.000MHZ-D2Y-T-Abracon-datasheet-128558659.pdf?src-supplier=X-ON"; VariantName = "[No Variations]"
Change component parameters (AddParameter): Name = "ComponentLink14Description"; Value = "https://sigma.octopart.com:443/138895675/technical_drawing/Abracon-ABM3-8.000MHZ-D2Y-T.pdf?src-supplier=Abracon+SCT"; VariantName = "[No Variations]"
Change component parameters (AddParameter): Name = "ComponentLink14URL"; Value = "https://sigma.octopart.com:443/138895675/technical_drawing/Abracon-ABM3-8.000MHZ-D2Y-T.pdf?src-supplier=Abracon+SCT"; VariantName = "[No Variations]"
Change component parameters (AddParameter): Name = "ComponentLink15Description"; Value = "https://datasheet.octopart.com:443/ABM3-8.000MHZ-D2Y-T-Abracon-datasheet-12514944.pdf?src-supplier=Farnell"; VariantName = "[No Variations]"
Change component parameters (AddParameter): Name = "ComponentLink15URL"; Value = "https://datasheet.octopart.com:443/ABM3-8.000MHZ-D2Y-T-Abracon-datasheet-12514944.pdf?src-supplier=Farnell"; VariantName = "[No Variations]"
Change component parameters (AddParameter): Name = "ComponentLink16Description"; Value = "http://sigma.octopart.com:80/conflict_mineral_statement/Abracon-company-27.pdf?src-supplier=Compliance+Statements"; VariantName = "[No Variations]"
Change component parameters (AddParameter): Name = "ComponentLink16URL"; Value = "http://sigma.octopart.com:80/conflict_mineral_statement/Abracon-company-27.pdf?src-supplier=Compliance+Statements"; VariantName = "[No Variations]"
Change component parameters (AddParameter): Name = "Composition"; Value = "Ceramic"; VariantName = "[No Variations]"
Change component parameters (AddParameter): Name = "Depth"; Value = "3.2mm"; VariantName = "[No Variations]"
Change component parameters (AddParameter): Name = "ESR"; Value = "140O"; VariantName = "[No Variations]"
Change component parameters (AddParameter): Name = "ESR (Equivalent Series Resistance)"; Value = "140O"; VariantName = "[No Variations]"
Change component parameters (AddParameter): Name = "Frequency"; Value = "8MHz"; VariantName = "[No Variations]"
Change component parameters (AddParameter): Name = "Frequency Stability"; Value = "30ppm"; VariantName = "[No Variations]"
Change component parameters (AddParameter): Name = "Frequency Tolerance"; Value = "0.002%"; VariantName = "[No Variations]"
Change component parameters (AddParameter): Name = "Height"; Value = "1.3mm"; VariantName = "[No Variations]"
Change component parameters (AddParameter): Name = "LCSC"; Value = "C144380"; VariantName = "[No Variations]"
Change component parameters (AddParameter): Name = "Lead Free"; Value = "Lead Free"; VariantName = "[No Variations]"
Change component parameters (AddParameter): Name = "Length"; Value = "5mm"; VariantName = "[No Variations]"
Change component parameters (AddParameter): Name = "Lifecycle Status"; Value = "Production"; VariantName = "[No Variations]"
Change component parameters (AddParameter): Name = "Load Capacitance"; Value = "18pF"; VariantName = "[No Variations]"
Change component parameters (AddParameter): Name = "Manufacturer"; Value = "Abracon"; VariantName = "[No Variations]"
Change component parameters (AddParameter): Name = "Manufacturer Part Number"; Value = "ABM3-8.000MHZ-D2Y-T"; VariantName = "[No Variations]"
Change component parameters (AddParameter): Name = "Max Operating Temperature"; Value = "85°C"; VariantName = "[No Variations]"
Change component parameters (AddParameter): Name = "Min Operating Temperature"; Value = "-40°C"; VariantName = "[No Variations]"
Change component parameters (AddParameter): Name = "Mounting Technology"; Value = "Surface Mount"; VariantName = "[No Variations]"
Change component parameters (AddParameter): Name = "Packaging"; Value = "Cut Tape"; VariantName = "[No Variations]"
Change component parameters (AddParameter): Name = "Pins"; Value = "2"; VariantName = "[No Variations]"
Change component parameters (AddParameter): Name = "Pricing"; Value = "1=0,67, 10=0,585, 25=0,5536, 50=0,5306, 100=0,5087, 250=0,48104, 500=0,46114 (USD)"; VariantName = "[No Variations]"
Change component parameters (AddParameter): Name = "Radiation Hardening"; Value = "No"; VariantName = "[No Variations]"
Change component parameters (AddParameter): Name = "REACH SVHC"; Value = "Yes"; VariantName = "[No Variations]"
Change component parameters (AddParameter): Name = "RoHS"; Value = "Compliant"; VariantName = "[No Variations]"
Change component parameters (AddParameter): Name = "Schedule B"; Value = "8541600025, 8541600025|8541600025|8541600025|8541600025|8541600025|8541600025|8541600025|8541600025|8541600025|8541600025|8541600025|8541600025|8541600025|8541600025|8541600025|8541600025|8541600025|8541600025|8541600025|8541600025|8541600025|8541600025|8541600025|85"; VariantName = "[No Variations]"
Change component parameters (AddParameter): Name = "Stock"; Value = "32401"; VariantName = "[No Variations]"
Change component parameters (AddParameter): Name = "Supplier"; Value = "DigiKey"; VariantName = "[No Variations]"
Change component parameters (AddParameter): Name = "Supplier Part Number"; Value = "535-10630-1-ND"; VariantName = "[No Variations]"
Change component parameters (AddParameter): Name = "Termination"; Value = "SMD/SMT"; VariantName = "[No Variations]"
Change component parameters (AddParameter): Name = "Tolerance"; Value = "0.002%"; VariantName = "[No Variations]"
Change component parameters (AddParameter): Name = "Width"; Value = "3.2mm"; VariantName = "[No Variations]"
Added Component: Designator=P1(conector2.54mm)
Add component (AddParameter): Name = "Category"; Value = "Headers and Wire Housings"; VariantName = "[No Variations]"
Add component (AddParameter): Name = "Color"; Value = "Natural"; VariantName = "[No Variations]"
Add component (AddParameter): Name = "ComponentLink1Description"; Value = "https://datasheet.octopart.com:443/B2B-XH-A-GU-JST-datasheet-12510042.pdf?src-supplier=IHS"; VariantName = "[No Variations]"
Add component (AddParameter): Name = "ComponentLink1URL"; Value = "https://datasheet.octopart.com:443/B2B-XH-A-GU-JST-datasheet-12510042.pdf?src-supplier=IHS"; VariantName = "[No Variations]"
Add component (AddParameter): Name = "ComponentLink2Description"; Value = "https://datasheet.octopart.com:443/B2B-XH-A-GU-JST-datasheet-140264791.pdf?src-supplier=LKR"; VariantName = "[No Variations]"
Add component (AddParameter): Name = "ComponentLink2URL"; Value = "https://datasheet.octopart.com:443/B2B-XH-A-GU-JST-datasheet-140264791.pdf?src-supplier=LKR"; VariantName = "[No Variations]"
Add component (AddParameter): Name = "ComponentLink3Description"; Value = "https://datasheet.octopart.com:443/B2B-XH-A-GU-JST-datasheet-8325564.pdf?src-supplier=Future+Electronics"; VariantName = "[No Variations]"
Add component (AddParameter): Name = "ComponentLink3URL"; Value = "https://datasheet.octopart.com:443/B2B-XH-A-GU-JST-datasheet-8325564.pdf?src-supplier=Future+Electronics"; VariantName = "[No Variations]"
Add component (AddParameter): Name = "Connector Type"; Value = "Male Pin"; VariantName = "[No Variations]"
Add component (AddParameter): Name = "Contact Gender"; Value = "Male"; VariantName = "[No Variations]"
Add component (AddParameter): Name = "Contact Material"; Value = "Brass"; VariantName = "[No Variations]"
Add component (AddParameter): Name = "Contact Plating"; Value = "Tin"; VariantName = "[No Variations]"
Add component (AddParameter): Name = "Fastening Type"; Value = "Detent"; VariantName = "[No Variations]"
Add component (AddParameter): Name = "LCSC"; Value = "C265283"; VariantName = "[No Variations]"
Add component (AddParameter): Name = "Lead Free"; Value = "Lead Free"; VariantName = "[No Variations]"
Add component (AddParameter): Name = "Lifecycle Status"; Value = "Production"; VariantName = "[No Variations]"
Add component (AddParameter): Name = "Manufacturer"; Value = "JST"; VariantName = "[No Variations]"
Add component (AddParameter): Name = "Manufacturer Part Number"; Value = "B2B-XH-A-GU"; VariantName = "[No Variations]"
Add component (AddParameter): Name = "Mounting Technology"; Value = "Through Hole"; VariantName = "[No Variations]"
Add component (AddParameter): Name = "Number of Positions"; Value = "2"; VariantName = "[No Variations]"
Add component (AddParameter): Name = "Number of Rows"; Value = "1"; VariantName = "[No Variations]"
Add component (AddParameter): Name = "Pins"; Value = "2"; VariantName = "[No Variations]"
Add component (AddParameter): Name = "Pitch"; Value = "2.4892mm"; VariantName = "[No Variations]"
Add component (AddParameter): Name = "Pricing"; Value = "1=0,25, 10=0,212, 100=0,1804, 500=0,16102, 1000=0,15333, 5000=0,13685, 10000=0,13032 (USD)"; VariantName = "[No Variations]"
Add component (AddParameter): Name = "RoHS"; Value = "Non-Compliant"; VariantName = "[No Variations]"
Add component (AddParameter): Name = "Stock"; Value = "16934"; VariantName = "[No Variations]"
Add component (AddParameter): Name = "Supplier"; Value = "DigiKey"; VariantName = "[No Variations]"
Add component (AddParameter): Name = "Supplier Part Number"; Value = "455-2946-ND"; VariantName = "[No Variations]"
Add component (AddParameter): Name = "Terminal Pitch"; Value = "2.5mm"; VariantName = "[No Variations]"
Add component (AddParameter): Name = "Termination"; Value = "Press-Fit"; VariantName = "[No Variations]"
Added Pin To Net: NetName=PC13 Pin=P1-1
Added Pin To Net: NetName=NetC12_2 Pin=P1-2
Added Member To Class: ClassName=LOGICA Member=Component P1 B2B-XH-A-GU
